source_module,target_module,source_path,target_path
app.api.command_handlers,app.api.commands_audit,app/api/command_handlers.py,app/api/commands_audit.py
app.api.command_handlers,app.api.commands_failures,app/api/command_handlers.py,app/api/commands_failures.py
app.api.command_handlers,app.api.commands_file_overrides,app/api/command_handlers.py,app/api/commands_file_overrides.py
app.api.command_handlers,app.api.commands_files,app/api/command_handlers.py,app/api/commands_files.py
app.api.command_handlers,app.api.commands_final_library,app/api/command_handlers.py,app/api/commands_final_library.py
app.api.command_handlers,app.api.commands_maintenance,app/api/command_handlers.py,app/api/commands_maintenance.py
app.api.command_handlers,app.api.commands_process,app/api/command_handlers.py,app/api/commands_process.py
app.api.command_handlers,app.api.commands_queue_priority,app/api/command_handlers.py,app/api/commands_queue_priority.py
app.api.command_handlers,app.api.commands_queue_scan,app/api/command_handlers.py,app/api/commands_queue_scan.py
app.api.command_handlers,app.api.commands_queue_strategy,app/api/command_handlers.py,app/api/commands_queue_strategy.py
app.api.command_handlers,app.api.commands_rename,app/api/command_handlers.py,app/api/commands_rename.py
app.api.command_handlers,app.api.commands_sample_validation,app/api/command_handlers.py,app/api/commands_sample_validation.py
app.api.command_handlers,app.api.commands_schedule,app/api/command_handlers.py,app/api/commands_schedule.py
app.api.command_handlers,app.api.commands_settings,app/api/command_handlers.py,app/api/commands_settings.py
app.api.command_handlers,app.api.commands_ui_preferences,app/api/command_handlers.py,app/api/commands_ui_preferences.py
app.api.command_results,mediapipeline_desktop_app.application,app/api/command_results.py,DesktopApp/mediapipeline_desktop_app/application/__init__.py
app.api.commands_audit,app.api.command_results,app/api/commands_audit.py,app/api/command_results.py
app.api.commands_failures,app.api.command_results,app/api/commands_failures.py,app/api/command_results.py
app.api.commands_file_overrides,app.api.command_results,app/api/commands_file_overrides.py,app/api/command_results.py
app.api.commands_file_overrides,app.config.constants,app/api/commands_file_overrides.py,app/config/constants.py
app.api.commands_file_overrides,app.config.library_profiles,app/api/commands_file_overrides.py,app/config/library_profiles.py
app.api.commands_file_overrides,app.config.metadata_choices,app/api/commands_file_overrides.py,app/config/metadata_choices.py
app.api.commands_file_overrides,app.contracts.config,app/api/commands_file_overrides.py,app/contracts/config.py
app.api.commands_file_overrides,app.contracts.source_media,app/api/commands_file_overrides.py,app/contracts/source_media.py
app.api.commands_file_overrides,app.contracts.stages,app/api/commands_file_overrides.py,app/contracts/stages.py
app.api.commands_file_overrides,app.orchestration.runner,app/api/commands_file_overrides.py,app/orchestration/runner.py
app.api.commands_file_overrides,app.queue.file_overrides,app/api/commands_file_overrides.py,app/queue/file_overrides.py
app.api.commands_file_overrides,mediapipeline_desktop_app.api.queue_source_path_policy,app/api/commands_file_overrides.py,DesktopApp/mediapipeline_desktop_app/api/queue_source_path_policy.py
app.api.commands_file_overrides,mediapipeline_desktop_app.config_keys,app/api/commands_file_overrides.py,DesktopApp/mediapipeline_desktop_app/config_keys.py
app.api.commands_files,app.api.command_results,app/api/commands_files.py,app/api/command_results.py
app.api.commands_final_library,app.api.command_results,app/api/commands_final_library.py,app/api/command_results.py
app.api.commands_maintenance,app.api.command_results,app/api/commands_maintenance.py,app/api/command_results.py
app.api.commands_process,app.api.command_results,app/api/commands_process.py,app/api/command_results.py
app.api.commands_process,mediapipeline_desktop_app.api.path_dialogs,app/api/commands_process.py,DesktopApp/mediapipeline_desktop_app/api/path_dialogs.py
app.api.commands_process,mediapipeline_desktop_app.application.dto,app/api/commands_process.py,DesktopApp/mediapipeline_desktop_app/application/dto.py
app.api.commands_queue_priority,app.api.command_results,app/api/commands_queue_priority.py,app/api/command_results.py
app.api.commands_queue_priority,app.queue.priority_manifest,app/api/commands_queue_priority.py,app/queue/priority_manifest.py
app.api.commands_queue_priority,mediapipeline_desktop_app.api.queue_source_path_policy,app/api/commands_queue_priority.py,DesktopApp/mediapipeline_desktop_app/api/queue_source_path_policy.py
app.api.commands_queue_scan,app.api.command_results,app/api/commands_queue_scan.py,app/api/command_results.py
app.api.commands_queue_strategy,app.api.command_results,app/api/commands_queue_strategy.py,app/api/command_results.py
app.api.commands_queue_strategy,app.queue.strategy,app/api/commands_queue_strategy.py,app/queue/strategy.py
app.api.commands_rename,app.rename.policy,app/api/commands_rename.py,app/rename/policy.py
app.api.commands_rename,mediapipeline_desktop_app.api.path_dialogs,app/api/commands_rename.py,DesktopApp/mediapipeline_desktop_app/api/path_dialogs.py
app.api.commands_rename,mediapipeline_desktop_app.application.dto,app/api/commands_rename.py,DesktopApp/mediapipeline_desktop_app/application/dto.py
app.api.commands_sample_validation,app.api.command_results,app/api/commands_sample_validation.py,app/api/command_results.py
app.api.commands_settings,app.api.command_results,app/api/commands_settings.py,app/api/command_results.py
app.api.commands_settings,mediapipeline_desktop_app.api.path_dialogs,app/api/commands_settings.py,DesktopApp/mediapipeline_desktop_app/api/path_dialogs.py
app.api.commands_settings,mediapipeline_desktop_app.application.dto,app/api/commands_settings.py,DesktopApp/mediapipeline_desktop_app/application/dto.py
app.api.commands_ui_preferences,app.ui_preferences,app/api/commands_ui_preferences.py,app/ui_preferences.py
app.application.utilities,mediapipeline_desktop_app.models,app/application/utilities.py,DesktopApp/mediapipeline_desktop_app/models.py
app.audit.facade,app.audit.ignore_manifest,app/audit/facade.py,app/audit/ignore_manifest.py
app.audit.facade,app.audit.preview_policy,app/audit/facade.py,app/audit/preview_policy.py
app.audit.facade,app.audit.score_policy,app/audit/facade.py,app/audit/score_policy.py
app.audit.facade,mediapipeline_desktop_app.application.dto_commands,app/audit/facade.py,DesktopApp/mediapipeline_desktop_app/application/dto_commands.py
app.audit.facade,mediapipeline_desktop_app.application.dto_inventory,app/audit/facade.py,DesktopApp/mediapipeline_desktop_app/application/dto_inventory.py
app.audit.facade,mediapipeline_desktop_app.models,app/audit/facade.py,DesktopApp/mediapipeline_desktop_app/models.py
app.audit.ignore_manifest,app.audit.rerun_file_io,app/audit/ignore_manifest.py,app/audit/rerun_file_io.py
app.audit.preview_policy,app.audit.ignore_manifest,app/audit/preview_policy.py,app/audit/ignore_manifest.py
app.audit.preview_policy,mediapipeline_desktop_app.application.dto,app/audit/preview_policy.py,DesktopApp/mediapipeline_desktop_app/application/dto.py
app.audit.preview_policy,mediapipeline_desktop_app.application.dto_inventory,app/audit/preview_policy.py,DesktopApp/mediapipeline_desktop_app/application/dto_inventory.py
app.audit.preview_policy,mediapipeline_desktop_app.models,app/audit/preview_policy.py,DesktopApp/mediapipeline_desktop_app/models.py
app.audit.rerun_contracts,mediapipeline_desktop_app.models_core,app/audit/rerun_contracts.py,DesktopApp/mediapipeline_desktop_app/models_core.py
app.audit.rerun_contracts,mediapipeline_desktop_app.subprocess_runner,app/audit/rerun_contracts.py,DesktopApp/mediapipeline_desktop_app/subprocess_runner.py
app.audit.rerun_csv,app.audit.rerun_records,app/audit/rerun_csv.py,app/audit/rerun_records.py
app.audit.rerun_csv,mediapipeline_desktop_app.models,app/audit/rerun_csv.py,DesktopApp/mediapipeline_desktop_app/models.py
app.audit.rerun_export,app.audit.rerun_contracts,app/audit/rerun_export.py,app/audit/rerun_contracts.py
app.audit.rerun_export,app.audit.rerun_csv,app/audit/rerun_export.py,app/audit/rerun_csv.py
app.audit.rerun_export,app.audit.rerun_file_io,app/audit/rerun_export.py,app/audit/rerun_file_io.py
app.audit.rerun_export,mediapipeline_desktop_app.models,app/audit/rerun_export.py,DesktopApp/mediapipeline_desktop_app/models.py
app.audit.rerun_io,app.audit.rerun_file_io,app/audit/rerun_io.py,app/audit/rerun_file_io.py
app.audit.rerun_io,app.failures.markers,app/audit/rerun_io.py,app/failures/markers.py
app.audit.rerun_io,mediapipeline_desktop_app.models,app/audit/rerun_io.py,DesktopApp/mediapipeline_desktop_app/models.py
app.audit.rerun_metadata,app.audit.rerun_contracts,app/audit/rerun_metadata.py,app/audit/rerun_contracts.py
app.audit.rerun_metadata,app.audit.rerun_file_io,app/audit/rerun_metadata.py,app/audit/rerun_file_io.py
app.audit.rerun_metadata,mediapipeline_desktop_app.models,app/audit/rerun_metadata.py,DesktopApp/mediapipeline_desktop_app/models.py
app.audit.rerun_metadata,mediapipeline_desktop_app.subprocess_runner,app/audit/rerun_metadata.py,DesktopApp/mediapipeline_desktop_app/subprocess_runner.py
app.audit.rerun_records,mediapipeline_desktop_app.models,app/audit/rerun_records.py,DesktopApp/mediapipeline_desktop_app/models.py
app.audit.rerun_service,app.audit.rerun_export,app/audit/rerun_service.py,app/audit/rerun_export.py
app.audit.rerun_service,app.audit.rerun_io,app/audit/rerun_service.py,app/audit/rerun_io.py
app.audit.rerun_service,app.audit.rerun_metadata,app/audit/rerun_service.py,app/audit/rerun_metadata.py
app.audit.rerun_service,app.audit.rerun_records,app/audit/rerun_service.py,app/audit/rerun_records.py
app.audit.rerun_service,mediapipeline_desktop_app.models,app/audit/rerun_service.py,DesktopApp/mediapipeline_desktop_app/models.py
app.audit.rerun_service,mediapipeline_desktop_app.subprocess_runner,app/audit/rerun_service.py,DesktopApp/mediapipeline_desktop_app/subprocess_runner.py
app.audit.score_policy,app.audit.rerun_file_io,app/audit/score_policy.py,app/audit/rerun_file_io.py
app.completed.backfill,mediapipeline_desktop_app.models,app/completed/backfill.py,DesktopApp/mediapipeline_desktop_app/models.py
app.completed.backfill,mediapipeline_desktop_app.subprocess_runner,app/completed/backfill.py,DesktopApp/mediapipeline_desktop_app/subprocess_runner.py
app.completed.facade,app.completed.policy,app/completed/facade.py,app/completed/policy.py
app.completed.facade,mediapipeline_desktop_app.application.dto_inventory,app/completed/facade.py,DesktopApp/mediapipeline_desktop_app/application/dto_inventory.py
app.completed.facade,mediapipeline_desktop_app.models,app/completed/facade.py,DesktopApp/mediapipeline_desktop_app/models.py
app.completed.manifest,mediapipeline_desktop_app.models,app/completed/manifest.py,DesktopApp/mediapipeline_desktop_app/models.py
app.completed.open_facade,app.completed.open_policy,app/completed/open_facade.py,app/completed/open_policy.py
app.completed.open_facade,mediapipeline_desktop_app.application.dto_commands,app/completed/open_facade.py,DesktopApp/mediapipeline_desktop_app/application/dto_commands.py
app.completed.open_facade,mediapipeline_desktop_app.models,app/completed/open_facade.py,DesktopApp/mediapipeline_desktop_app/models.py
app.completed.open_policy,mediapipeline_desktop_app.application.dto_commands,app/completed/open_policy.py,DesktopApp/mediapipeline_desktop_app/application/dto_commands.py
app.completed.open_policy,mediapipeline_desktop_app.models,app/completed/open_policy.py,DesktopApp/mediapipeline_desktop_app/models.py
app.completed.policy,app.completed.trust_fields,app/completed/policy.py,app/completed/trust_fields.py
app.completed.policy,app.completed.validation_state,app/completed/policy.py,app/completed/validation_state.py
app.completed.policy,app.observability.artifact_freshness,app/completed/policy.py,app/observability/artifact_freshness.py
app.completed.policy,app.observability.runtime_outcomes,app/completed/policy.py,app/observability/runtime_outcomes.py
app.completed.policy,mediapipeline_desktop_app.application.dto_inventory,app/completed/policy.py,DesktopApp/mediapipeline_desktop_app/application/dto_inventory.py
app.completed.policy,mediapipeline_desktop_app.models,app/completed/policy.py,DesktopApp/mediapipeline_desktop_app/models.py
app.completed.service,app.completed.backfill,app/completed/service.py,app/completed/backfill.py
app.completed.service,app.completed.manifest,app/completed/service.py,app/completed/manifest.py
app.completed.service,app.storage.db,app/completed/service.py,app/storage/db.py
app.completed.service,mediapipeline_desktop_app.config_keys,app/completed/service.py,DesktopApp/mediapipeline_desktop_app/config_keys.py
app.completed.service,mediapipeline_desktop_app.models,app/completed/service.py,DesktopApp/mediapipeline_desktop_app/models.py
app.completed.service,mediapipeline_desktop_app.subprocess_runner,app/completed/service.py,DesktopApp/mediapipeline_desktop_app/subprocess_runner.py
app.config.contracts,mediapipeline_desktop_app.models_core,app/config/contracts.py,DesktopApp/mediapipeline_desktop_app/models_core.py
app.config.contracts,mediapipeline_desktop_app.subprocess_runner,app/config/contracts.py,DesktopApp/mediapipeline_desktop_app/subprocess_runner.py
app.config.document_runner,app.config.contracts,app/config/document_runner.py,app/config/contracts.py
app.config.document_runner,app.config.load,app/config/document_runner.py,app/config/load.py
app.config.encoding_capabilities,app.config.preset_policy,app/config/encoding_capabilities.py,app/config/preset_policy.py
app.config.identity,app.kernel.config_locations,app/config/identity.py,app/kernel/config_locations.py
app.config.library_profiles,app.config.metadata_parts.field_definitions,app/config/library_profiles.py,app/config/metadata_parts/field_definitions.py
app.config.library_profiles,app.config.numeric_policy,app/config/library_profiles.py,app/config/numeric_policy.py
app.config.library_profiles,app.config.option_policy,app/config/library_profiles.py,app/config/option_policy.py
app.config.library_profiles,mediapipeline_desktop_app.config_keys,app/config/library_profiles.py,DesktopApp/mediapipeline_desktop_app/config_keys.py
app.config.load,app.contracts.config,app/config/load.py,app/contracts/config.py
app.config.metadata,app.config.metadata_choices,app/config/metadata.py,app/config/metadata_choices.py
app.config.metadata,app.config.metadata_layout,app/config/metadata.py,app/config/metadata_layout.py
app.config.metadata,app.config.metadata_network,app/config/metadata.py,app/config/metadata_network.py
app.config.metadata,app.config.metadata_parts.field_definitions,app/config/metadata.py,app/config/metadata_parts/field_definitions.py
app.config.metadata,app.config.metadata_parts.policy,app/config/metadata.py,app/config/metadata_parts/policy.py
app.config.metadata,app.config.metadata_support,app/config/metadata.py,app/config/metadata_support.py
app.config.metadata,app.contracts.config,app/config/metadata.py,app/contracts/config.py
app.config.metadata_parts.advanced_fields,app.config.metadata_parts.policy,app/config/metadata_parts/advanced_fields.py,app/config/metadata_parts/policy.py
app.config.metadata_parts.basic_fields,app.config.metadata_parts.policy,app/config/metadata_parts/basic_fields.py,app/config/metadata_parts/policy.py
app.config.metadata_parts.basic_fields,app.config.metadata_support,app/config/metadata_parts/basic_fields.py,app/config/metadata_support.py
app.config.metadata_parts.field_definitions,app.config.metadata_parts.advanced_fields,app/config/metadata_parts/field_definitions.py,app/config/metadata_parts/advanced_fields.py
app.config.metadata_parts.field_definitions,app.config.metadata_parts.basic_fields,app/config/metadata_parts/field_definitions.py,app/config/metadata_parts/basic_fields.py
app.config.metadata_parts.field_definitions,app.config.metadata_parts.network_fields,app/config/metadata_parts/field_definitions.py,app/config/metadata_parts/network_fields.py
app.config.metadata_parts.field_definitions,app.config.metadata_parts.queue_fields,app/config/metadata_parts/field_definitions.py,app/config/metadata_parts/queue_fields.py
app.config.metadata_parts.field_definitions,app.config.metadata_parts.subtitle_fields,app/config/metadata_parts/field_definitions.py,app/config/metadata_parts/subtitle_fields.py
app.config.metadata_parts.field_definitions,app.config.metadata_parts.video_fields,app/config/metadata_parts/field_definitions.py,app/config/metadata_parts/video_fields.py
app.config.metadata_parts.field_definitions,app.config.preset_migration,app/config/metadata_parts/field_definitions.py,app/config/preset_migration.py
app.config.metadata_parts.network_fields,app.config.metadata_network,app/config/metadata_parts/network_fields.py,app/config/metadata_network.py
app.config.metadata_parts.policy,app.config.constants,app/config/metadata_parts/policy.py,app/config/constants.py
app.config.metadata_parts.video_fields,app.config.metadata_support,app/config/metadata_parts/video_fields.py,app/config/metadata_support.py
app.config.numeric_policy,app.config.value_checks,app/config/numeric_policy.py,app/config/value_checks.py
app.config.numeric_policy,mediapipeline_desktop_app.config_keys,app/config/numeric_policy.py,DesktopApp/mediapipeline_desktop_app/config_keys.py
app.config.option_policy,app.config.constants,app/config/option_policy.py,app/config/constants.py
app.config.option_policy,mediapipeline_desktop_app.config_keys,app/config/option_policy.py,DesktopApp/mediapipeline_desktop_app/config_keys.py
app.config.path_warnings,app.config.value_checks,app/config/path_warnings.py,app/config/value_checks.py
app.config.path_warnings,mediapipeline_desktop_app.config_keys,app/config/path_warnings.py,DesktopApp/mediapipeline_desktop_app/config_keys.py
app.config.preset_migration,app.config.encoding_capabilities,app/config/preset_migration.py,app/config/encoding_capabilities.py
app.config.preset_migration,app.config.preset_policy,app/config/preset_migration.py,app/config/preset_policy.py
app.config.preset_migration,app.contracts.config,app/config/preset_migration.py,app/contracts/config.py
app.config.preset_migration,app.contracts.decision_policy,app/config/preset_migration.py,app/contracts/decision_policy.py
app.config.preset_migration,app.contracts.verification,app/config/preset_migration.py,app/contracts/verification.py
app.config.preset_policy,app.config.preset_encoding_sections,app/config/preset_policy.py,app/config/preset_encoding_sections.py
app.config.preset_policy,app.contracts.verification,app/config/preset_policy.py,app/contracts/verification.py
app.config.preview,app.config.constants,app/config/preview.py,app/config/constants.py
app.config.preview,app.config.library_profiles,app/config/preview.py,app/config/library_profiles.py
app.config.preview,app.contracts.config,app/config/preview.py,app/contracts/config.py
app.config.preview,mediapipeline_desktop_app.models,app/config/preview.py,DesktopApp/mediapipeline_desktop_app/models.py
app.config.profiles,app.config.constants,app/config/profiles.py,app/config/constants.py
app.config.recovery,app.config.identity,app/config/recovery.py,app/config/identity.py
app.config.recovery,app.kernel.config_locations,app/config/recovery.py,app/kernel/config_locations.py
app.config.rollout,app.config.preset_policy,app/config/rollout.py,app/config/preset_policy.py
app.config.save_runner,app.config.contracts,app/config/save_runner.py,app/config/contracts.py
app.config.save_runner,app.config.file_io,app/config/save_runner.py,app/config/file_io.py
app.config.save_runner,mediapipeline_desktop_app.models,app/config/save_runner.py,DesktopApp/mediapipeline_desktop_app/models.py
app.config.service,app.config.document_runner,app/config/service.py,app/config/document_runner.py
app.config.service,app.config.load,app/config/service.py,app/config/load.py
app.config.service,app.config.path_warnings,app/config/service.py,app/config/path_warnings.py
app.config.service,app.config.preview,app/config/service.py,app/config/preview.py
app.config.service,app.config.profiles,app/config/service.py,app/config/profiles.py
app.config.service,app.config.save_runner,app/config/service.py,app/config/save_runner.py
app.config.service,app.config.validation,app/config/service.py,app/config/validation.py
app.config.service,mediapipeline_desktop_app.models,app/config/service.py,DesktopApp/mediapipeline_desktop_app/models.py
app.config.service,mediapipeline_desktop_app.subprocess_runner,app/config/service.py,DesktopApp/mediapipeline_desktop_app/subprocess_runner.py
app.config.settings_facade,app.config.identity,app/config/settings_facade.py,app/config/identity.py
app.config.settings_facade,app.config.library_profiles,app/config/settings_facade.py,app/config/library_profiles.py
app.config.settings_facade,app.config.profiles,app/config/settings_facade.py,app/config/profiles.py
app.config.settings_facade,app.config.settings_policy,app/config/settings_facade.py,app/config/settings_policy.py
app.config.settings_facade,app.processes.path_evidence,app/config/settings_facade.py,app/processes/path_evidence.py
app.config.settings_facade,mediapipeline_desktop_app.application.dto_commands,app/config/settings_facade.py,DesktopApp/mediapipeline_desktop_app/application/dto_commands.py
app.config.settings_facade,mediapipeline_desktop_app.application.dto_workspaces,app/config/settings_facade.py,DesktopApp/mediapipeline_desktop_app/application/dto_workspaces.py
app.config.settings_facade,mediapipeline_desktop_app.application.settings_risk_policy,app/config/settings_facade.py,DesktopApp/mediapipeline_desktop_app/application/settings_risk_policy.py
app.config.settings_facade,mediapipeline_desktop_app.models,app/config/settings_facade.py,DesktopApp/mediapipeline_desktop_app/models.py
app.config.settings_helpers_facade,app.config.metadata,app/config/settings_helpers_facade.py,app/config/metadata.py
app.config.settings_patch_candidate_facade,app.config.library_profiles,app/config/settings_patch_candidate_facade.py,app/config/library_profiles.py
app.config.settings_patch_candidate_facade,app.config.settings_patch_policy,app/config/settings_patch_candidate_facade.py,app/config/settings_patch_policy.py
app.config.settings_patch_candidate_facade,mediapipeline_desktop_app.application.dto_base,app/config/settings_patch_candidate_facade.py,DesktopApp/mediapipeline_desktop_app/application/dto_base.py
app.config.settings_patch_candidate_facade,mediapipeline_desktop_app.models,app/config/settings_patch_candidate_facade.py,DesktopApp/mediapipeline_desktop_app/models.py
app.config.settings_patch_policy,mediapipeline_desktop_app.application.dto_commands,app/config/settings_patch_policy.py,DesktopApp/mediapipeline_desktop_app/application/dto_commands.py
app.config.settings_patch_policy,mediapipeline_desktop_app.models,app/config/settings_patch_policy.py,DesktopApp/mediapipeline_desktop_app/models.py
app.config.settings_policy,mediapipeline_desktop_app.application.dto_commands,app/config/settings_policy.py,DesktopApp/mediapipeline_desktop_app/application/dto_commands.py
app.config.settings_policy,mediapipeline_desktop_app.config_keys,app/config/settings_policy.py,DesktopApp/mediapipeline_desktop_app/config_keys.py
app.config.settings_policy,mediapipeline_desktop_app.models,app/config/settings_policy.py,DesktopApp/mediapipeline_desktop_app/models.py
app.config.settings_risk_facade,mediapipeline_desktop_app.application.settings_risk_policy,app/config/settings_risk_facade.py,DesktopApp/mediapipeline_desktop_app/application/settings_risk_policy.py
app.config.settings_wizard,app.config.library_profiles,app/config/settings_wizard.py,app/config/library_profiles.py
app.config.settings_wizard,mediapipeline_desktop_app.application.dto_commands,app/config/settings_wizard.py,DesktopApp/mediapipeline_desktop_app/application/dto_commands.py
app.config.settings_wizard,mediapipeline_desktop_app.config_keys,app/config/settings_wizard.py,DesktopApp/mediapipeline_desktop_app/config_keys.py
app.config.settings_wizard,mediapipeline_desktop_app.models,app/config/settings_wizard.py,DesktopApp/mediapipeline_desktop_app/models.py
app.config.settings_wizard_facade,app.config.settings_wizard,app/config/settings_wizard_facade.py,app/config/settings_wizard.py
app.config.settings_wizard_facade,mediapipeline_desktop_app.application.dto_commands,app/config/settings_wizard_facade.py,DesktopApp/mediapipeline_desktop_app/application/dto_commands.py
app.config.settings_wizard_facade,mediapipeline_desktop_app.models,app/config/settings_wizard_facade.py,DesktopApp/mediapipeline_desktop_app/models.py
app.config.validation,app.config.library_profiles,app/config/validation.py,app/config/library_profiles.py
app.config.validation,app.config.numeric_policy,app/config/validation.py,app/config/numeric_policy.py
app.config.validation,app.config.option_policy,app/config/validation.py,app/config/option_policy.py
app.config.validation,app.config.path_warnings,app/config/validation.py,app/config/path_warnings.py
app.config.validation,app.config.preset_migration,app/config/validation.py,app/config/preset_migration.py
app.config.validation,mediapipeline_desktop_app.config_keys,app/config/validation.py,DesktopApp/mediapipeline_desktop_app/config_keys.py
app.contracts.api_commands,app.contracts.source_media,app/contracts/api_commands.py,app/contracts/source_media.py
app.contracts.decision_policy,app.contracts.verification,app/contracts/decision_policy.py,app/contracts/verification.py
app.contracts.pipeline_plan,app.contracts.verification,app/contracts/pipeline_plan.py,app/contracts/verification.py
app.contracts.source_media,app.contracts.source_media_adapters,app/contracts/source_media.py,app/contracts/source_media_adapters.py
app.contracts.source_media,app.contracts.source_media_models,app/contracts/source_media.py,app/contracts/source_media_models.py
app.contracts.source_media_adapters,app.contracts.source_media_derived,app/contracts/source_media_adapters.py,app/contracts/source_media_derived.py
app.contracts.source_media_adapters,app.contracts.source_media_models,app/contracts/source_media_adapters.py,app/contracts/source_media_models.py
app.contracts.source_media_adapters,app.contracts.source_media_streams,app/contracts/source_media_adapters.py,app/contracts/source_media_streams.py
app.contracts.source_media_adapters,app.contracts.source_media_values,app/contracts/source_media_adapters.py,app/contracts/source_media_values.py
app.contracts.source_media_derived,app.contracts.source_media_models,app/contracts/source_media_derived.py,app/contracts/source_media_models.py
app.contracts.source_media_derived,app.contracts.source_media_values,app/contracts/source_media_derived.py,app/contracts/source_media_values.py
app.contracts.source_media_streams,app.contracts.source_media_models,app/contracts/source_media_streams.py,app/contracts/source_media_models.py
app.contracts.source_media_streams,app.contracts.source_media_values,app/contracts/source_media_streams.py,app/contracts/source_media_values.py
app.contracts.source_media_values,app.contracts.source_media_models,app/contracts/source_media_values.py,app/contracts/source_media_models.py
app.decide.encoding_rules,app.contracts.source_media,app/decide/encoding_rules.py,app/contracts/source_media.py
app.decide.encoding_rules,app.decide.processing_decision,app/decide/encoding_rules.py,app/decide/processing_decision.py
app.decide.encoding_rules,app.decide.routing_facts,app/decide/encoding_rules.py,app/decide/routing_facts.py
app.decide.processing_decision,app.contracts.decision_policy,app/decide/processing_decision.py,app/contracts/decision_policy.py
app.decide.processing_decision,app.contracts.verification,app/decide/processing_decision.py,app/contracts/verification.py
app.decide.routing,app.contracts.source_media,app/decide/routing.py,app/contracts/source_media.py
app.decide.routing,app.decide.encoding_rules,app/decide/routing.py,app/decide/encoding_rules.py
app.decide.routing,app.decide.processing_decision,app/decide/routing.py,app/decide/processing_decision.py
app.decide.routing,app.decide.routing_facts,app/decide/routing.py,app/decide/routing_facts.py
app.decide.routing,app.decide.routing_outputs,app/decide/routing.py,app/decide/routing_outputs.py
app.decide.routing,app.decide.stream_actions,app/decide/routing.py,app/decide/stream_actions.py
app.decide.routing_facts,app.contracts.source_media,app/decide/routing_facts.py,app/contracts/source_media.py
app.decide.routing_outputs,app.contracts.source_media,app/decide/routing_outputs.py,app/contracts/source_media.py
app.decide.routing_outputs,app.contracts.verification,app/decide/routing_outputs.py,app/contracts/verification.py
app.decide.routing_outputs,app.decide.encoding_rules,app/decide/routing_outputs.py,app/decide/encoding_rules.py
app.decide.routing_outputs,app.decide.processing_decision,app/decide/routing_outputs.py,app/decide/processing_decision.py
app.decide.routing_outputs,app.decide.routing_facts,app/decide/routing_outputs.py,app/decide/routing_facts.py
app.decide.stream_actions,app.contracts.source_media,app/decide/stream_actions.py,app/contracts/source_media.py
app.decide.stream_actions,app.decide.encoding_rules,app/decide/stream_actions.py,app/decide/encoding_rules.py
app.decide.stream_actions,app.decide.processing_decision,app/decide/stream_actions.py,app/decide/processing_decision.py
app.decide.stream_actions,app.decide.routing_facts,app/decide/stream_actions.py,app/decide/routing_facts.py
app.diagnostics.facade,app.config.settings_policy,app/diagnostics/facade.py,app/config/settings_policy.py
app.diagnostics.facade,app.diagnostics.open_policy,app/diagnostics/facade.py,app/diagnostics/open_policy.py
app.diagnostics.facade,app.diagnostics.policy,app/diagnostics/facade.py,app/diagnostics/policy.py
app.diagnostics.facade,app.diagnostics.state_summary,app/diagnostics/facade.py,app/diagnostics/state_summary.py
app.diagnostics.facade,app.processes.path_evidence,app/diagnostics/facade.py,app/processes/path_evidence.py
app.diagnostics.facade,app.status.active_jobs,app/diagnostics/facade.py,app/status/active_jobs.py
app.diagnostics.facade,app.status.eta,app/diagnostics/facade.py,app/status/eta.py
app.diagnostics.facade,app.status.ffmpeg_progress,app/diagnostics/facade.py,app/status/ffmpeg_progress.py
app.diagnostics.facade,mediapipeline_desktop_app.application.dto_commands,app/diagnostics/facade.py,DesktopApp/mediapipeline_desktop_app/application/dto_commands.py
app.diagnostics.facade,mediapipeline_desktop_app.application.dto_status,app/diagnostics/facade.py,DesktopApp/mediapipeline_desktop_app/application/dto_status.py
app.diagnostics.facade,mediapipeline_desktop_app.models,app/diagnostics/facade.py,DesktopApp/mediapipeline_desktop_app/models.py
app.diagnostics.open_policy,mediapipeline_desktop_app.application.dto_commands,app/diagnostics/open_policy.py,DesktopApp/mediapipeline_desktop_app/application/dto_commands.py
app.diagnostics.open_policy,mediapipeline_desktop_app.models,app/diagnostics/open_policy.py,DesktopApp/mediapipeline_desktop_app/models.py
app.diagnostics.policy,app.status.active_jobs,app/diagnostics/policy.py,app/status/active_jobs.py
app.diagnostics.policy,mediapipeline_desktop_app.models,app/diagnostics/policy.py,DesktopApp/mediapipeline_desktop_app/models.py
app.failures.cleanup_service,app.failures.constants,app/failures/cleanup_service.py,app/failures/constants.py
app.failures.cleanup_service,app.failures.file_io,app/failures/cleanup_service.py,app/failures/file_io.py
app.failures.cleanup_service,app.paths.layout,app/failures/cleanup_service.py,app/paths/layout.py
app.failures.cleanup_service,mediapipeline_desktop_app.models,app/failures/cleanup_service.py,DesktopApp/mediapipeline_desktop_app/models.py
app.failures.facade,app.failures.policy,app/failures/facade.py,app/failures/policy.py
app.failures.facade,mediapipeline_desktop_app.application.dto_commands,app/failures/facade.py,DesktopApp/mediapipeline_desktop_app/application/dto_commands.py
app.failures.facade,mediapipeline_desktop_app.application.dto_inventory,app/failures/facade.py,DesktopApp/mediapipeline_desktop_app/application/dto_inventory.py
app.failures.facade,mediapipeline_desktop_app.models,app/failures/facade.py,DesktopApp/mediapipeline_desktop_app/models.py
app.failures.markers,mediapipeline_desktop_app.models,app/failures/markers.py,DesktopApp/mediapipeline_desktop_app/models.py
app.failures.policy,app.failures.retry_state,app/failures/policy.py,app/failures/retry_state.py
app.failures.policy,mediapipeline_desktop_app.application.dto,app/failures/policy.py,DesktopApp/mediapipeline_desktop_app/application/dto.py
app.failures.policy,mediapipeline_desktop_app.application.dto_inventory,app/failures/policy.py,DesktopApp/mediapipeline_desktop_app/application/dto_inventory.py
app.failures.policy,mediapipeline_desktop_app.models,app/failures/policy.py,DesktopApp/mediapipeline_desktop_app/models.py
app.files.open_plan,app.files.constants,app/files/open_plan.py,app/files/constants.py
app.files.opening,app.files.constants,app/files/opening.py,app/files/constants.py
app.files.opening,app.files.open_plan,app/files/opening.py,app/files/open_plan.py
app.final_library.facade,mediapipeline_desktop_app.application.dto,app/final_library/facade.py,DesktopApp/mediapipeline_desktop_app/application/dto.py
app.final_library.facade,mediapipeline_desktop_app.models,app/final_library/facade.py,DesktopApp/mediapipeline_desktop_app/models.py
app.final_library.promotion,app.completed.policy,app/final_library/promotion.py,app/completed/policy.py
app.final_library.promotion,app.config.library_profiles,app/final_library/promotion.py,app/config/library_profiles.py
app.final_library.promotion,app.final_library.promotion_parts.cleanup,app/final_library/promotion.py,app/final_library/promotion_parts/cleanup.py
app.final_library.promotion,app.final_library.promotion_parts.planning,app/final_library/promotion.py,app/final_library/promotion_parts/planning.py
app.final_library.promotion,app.final_library.promotion_parts.results,app/final_library/promotion.py,app/final_library/promotion_parts/results.py
app.final_library.promotion,app.final_library.promotion_parts.transfer,app/final_library/promotion.py,app/final_library/promotion_parts/transfer.py
app.final_library.promotion,mediapipeline_desktop_app.config_keys,app/final_library/promotion.py,DesktopApp/mediapipeline_desktop_app/config_keys.py
app.final_library.promotion,mediapipeline_desktop_app.models,app/final_library/promotion.py,DesktopApp/mediapipeline_desktop_app/models.py
app.final_library.promotion_parts.cleanup,app.final_library.promotion_parts.planning,app/final_library/promotion_parts/cleanup.py,app/final_library/promotion_parts/planning.py
app.final_library.promotion_parts.transfer,app.files.constants,app/final_library/promotion_parts/transfer.py,app/files/constants.py
app.final_library.promotion_parts.transfer,app.final_library.promotion_parts.planning,app/final_library/promotion_parts/transfer.py,app/final_library/promotion_parts/planning.py
app.final_library.promotion_parts.transfer,app.final_library.promotion_parts.results,app/final_library/promotion_parts/transfer.py,app/final_library/promotion_parts/results.py
app.final_library.service,app.final_library.promotion,app/final_library/service.py,app/final_library/promotion.py
app.final_library.service,mediapipeline_desktop_app.models,app/final_library/service.py,DesktopApp/mediapipeline_desktop_app/models.py
app.folder_policy.contracts,app.folder_policy.constants,app/folder_policy/contracts.py,app/folder_policy/constants.py
app.folder_policy.io,app.folder_policy.constants,app/folder_policy/io.py,app/folder_policy/constants.py
app.folder_policy.io,app.folder_policy.file_io,app/folder_policy/io.py,app/folder_policy/file_io.py
app.folder_policy.probe,app.folder_policy.contracts,app/folder_policy/probe.py,app/folder_policy/contracts.py
app.folder_policy.service,app.files.constants,app/folder_policy/service.py,app/files/constants.py
app.folder_policy.service,app.folder_policy.contracts,app/folder_policy/service.py,app/folder_policy/contracts.py
app.folder_policy.service,app.folder_policy.io,app/folder_policy/service.py,app/folder_policy/io.py
app.folder_policy.service,app.folder_policy.probe,app/folder_policy/service.py,app/folder_policy/probe.py
app.folder_policy.service,mediapipeline_desktop_app.subprocess_runner,app/folder_policy/service.py,DesktopApp/mediapipeline_desktop_app/subprocess_runner.py
app.kernel.contracts,app.kernel.contracts.active_job,app/kernel/contracts/__init__.py,app/kernel/contracts/active_job.py
app.kernel.contracts,app.kernel.contracts.base,app/kernel/contracts/__init__.py,app/kernel/contracts/base.py
app.kernel.contracts,app.kernel.contracts.completed_job,app/kernel/contracts/__init__.py,app/kernel/contracts/completed_job.py
app.kernel.contracts,app.kernel.contracts.control_flag,app/kernel/contracts/__init__.py,app/kernel/contracts/control_flag.py
app.kernel.contracts,app.kernel.contracts.pending_publish,app/kernel/contracts/__init__.py,app/kernel/contracts/pending_publish.py
app.kernel.contracts,app.kernel.contracts.pipeline_events,app/kernel/contracts/__init__.py,app/kernel/contracts/pipeline_events.py
app.kernel.contracts,app.kernel.contracts.process_result,app/kernel/contracts/__init__.py,app/kernel/contracts/process_result.py
app.kernel.contracts,app.kernel.contracts.progress,app/kernel/contracts/__init__.py,app/kernel/contracts/progress.py
app.kernel.contracts,app.kernel.contracts.queue_snapshot,app/kernel/contracts/__init__.py,app/kernel/contracts/queue_snapshot.py
app.kernel.contracts.active_job,app.kernel.contracts.base,app/kernel/contracts/active_job.py,app/kernel/contracts/base.py
app.kernel.contracts.completed_job,app.kernel.contracts.base,app/kernel/contracts/completed_job.py,app/kernel/contracts/base.py
app.kernel.contracts.control_flag,app.kernel.contracts.base,app/kernel/contracts/control_flag.py,app/kernel/contracts/base.py
app.kernel.contracts.pending_publish,app.kernel.contracts.base,app/kernel/contracts/pending_publish.py,app/kernel/contracts/base.py
app.kernel.contracts.pipeline_events,app.kernel.contracts.base,app/kernel/contracts/pipeline_events.py,app/kernel/contracts/base.py
app.kernel.contracts.process_result,app.kernel.contracts.base,app/kernel/contracts/process_result.py,app/kernel/contracts/base.py
app.kernel.contracts.progress,app.kernel.contracts.base,app/kernel/contracts/progress.py,app/kernel/contracts/base.py
app.kernel.contracts.queue_snapshot,app.kernel.contracts.base,app/kernel/contracts/queue_snapshot.py,app/kernel/contracts/base.py
app.kernel.dto,app.kernel.dto_base,app/kernel/dto.py,app/kernel/dto_base.py
app.kernel.dto,app.kernel.dto_commands,app/kernel/dto.py,app/kernel/dto_commands.py
app.kernel.dto,app.kernel.dto_inventory,app/kernel/dto.py,app/kernel/dto_inventory.py
app.kernel.dto,app.kernel.dto_status,app/kernel/dto.py,app/kernel/dto_status.py
app.kernel.dto,app.kernel.dto_workspaces,app/kernel/dto.py,app/kernel/dto_workspaces.py
app.kernel.dto_commands,app.kernel.dto_base,app/kernel/dto_commands.py,app/kernel/dto_base.py
app.kernel.dto_inventory,app.kernel.dto_base,app/kernel/dto_inventory.py,app/kernel/dto_base.py
app.kernel.dto_status,app.kernel.dto_base,app/kernel/dto_status.py,app/kernel/dto_base.py
app.kernel.dto_workspaces,app.kernel.dto_base,app/kernel/dto_workspaces.py,app/kernel/dto_base.py
app.kernel.models,app.kernel.models_core,app/kernel/models.py,app/kernel/models_core.py
app.kernel.models,app.kernel.models_media_paths,app/kernel/models.py,app/kernel/models_media_paths.py
app.maintenance.backfill_facade,app.maintenance.command_policy,app/maintenance/backfill_facade.py,app/maintenance/command_policy.py
app.maintenance.backfill_facade,mediapipeline_desktop_app.application.dto_commands,app/maintenance/backfill_facade.py,DesktopApp/mediapipeline_desktop_app/application/dto_commands.py
app.maintenance.backfill_facade,mediapipeline_desktop_app.models,app/maintenance/backfill_facade.py,DesktopApp/mediapipeline_desktop_app/models.py
app.maintenance.command_policy,mediapipeline_desktop_app.application.dto_base,app/maintenance/command_policy.py,DesktopApp/mediapipeline_desktop_app/application/dto_base.py
app.maintenance.command_policy,mediapipeline_desktop_app.application.dto_commands,app/maintenance/command_policy.py,DesktopApp/mediapipeline_desktop_app/application/dto_commands.py
app.maintenance.commands_facade,app.maintenance.command_policy,app/maintenance/commands_facade.py,app/maintenance/command_policy.py
app.maintenance.dependency_atlas,mediapipeline_desktop_app.subprocess_runner,app/maintenance/dependency_atlas.py,DesktopApp/mediapipeline_desktop_app/subprocess_runner.py
app.maintenance.dependency_atlas_facade,app.maintenance.command_policy,app/maintenance/dependency_atlas_facade.py,app/maintenance/command_policy.py
app.maintenance.dependency_atlas_facade,mediapipeline_desktop_app.application.dto_commands,app/maintenance/dependency_atlas_facade.py,DesktopApp/mediapipeline_desktop_app/application/dto_commands.py
app.maintenance.facade,app.maintenance.policy,app/maintenance/facade.py,app/maintenance/policy.py
app.maintenance.facade,mediapipeline_desktop_app.application.dto_workspaces,app/maintenance/facade.py,DesktopApp/mediapipeline_desktop_app/application/dto_workspaces.py
app.maintenance.facade,mediapipeline_desktop_app.models,app/maintenance/facade.py,DesktopApp/mediapipeline_desktop_app/models.py
app.maintenance.policy,mediapipeline_desktop_app.models,app/maintenance/policy.py,DesktopApp/mediapipeline_desktop_app/models.py
app.maintenance.release,app.maintenance.file_io,app/maintenance/release.py,app/maintenance/file_io.py
app.maintenance.release,app.maintenance.release_plan,app/maintenance/release.py,app/maintenance/release_plan.py
app.maintenance.release,app.maintenance.release_result,app/maintenance/release.py,app/maintenance/release_result.py
app.maintenance.release,mediapipeline_desktop_app.subprocess_runner,app/maintenance/release.py,DesktopApp/mediapipeline_desktop_app/subprocess_runner.py
app.maintenance.release_facade,app.maintenance.command_policy,app/maintenance/release_facade.py,app/maintenance/command_policy.py
app.maintenance.release_facade,mediapipeline_desktop_app.application.dto_commands,app/maintenance/release_facade.py,DesktopApp/mediapipeline_desktop_app/application/dto_commands.py
app.maintenance.release_facade,mediapipeline_desktop_app.models,app/maintenance/release_facade.py,DesktopApp/mediapipeline_desktop_app/models.py
app.maintenance.release_result,mediapipeline_desktop_app.subprocess_runner,app/maintenance/release_result.py,DesktopApp/mediapipeline_desktop_app/subprocess_runner.py
app.network.facade,mediapipeline_desktop_app.application.dto_workspaces,app/network/facade.py,DesktopApp/mediapipeline_desktop_app/application/dto_workspaces.py
app.network.facade,mediapipeline_desktop_app.models,app/network/facade.py,DesktopApp/mediapipeline_desktop_app/models.py
app.network.facade,mediapipeline_desktop_app.network.registry,app/network/facade.py,DesktopApp/mediapipeline_desktop_app/network/registry.py
app.network.facade,mediapipeline_desktop_app.network.worker_state,app/network/facade.py,DesktopApp/mediapipeline_desktop_app/network/worker_state.py
app.observability.runtime_outcomes,app.observability.artifact_freshness,app/observability/runtime_outcomes.py,app/observability/artifact_freshness.py
app.observability.status_files,mediapipeline_desktop_app.models,app/observability/status_files.py,DesktopApp/mediapipeline_desktop_app/models.py
app.observability.status_policy,app.telemetry.gpu_usage,app/observability/status_policy.py,app/telemetry/gpu_usage.py
app.observability.status_policy,mediapipeline_desktop_app.models,app/observability/status_policy.py,DesktopApp/mediapipeline_desktop_app/models.py
app.orchestration.planner,app.config.preset_migration,app/orchestration/planner.py,app/config/preset_migration.py
app.orchestration.planner,app.config.preset_policy,app/orchestration/planner.py,app/config/preset_policy.py
app.orchestration.planner,app.contracts.pipeline_plan,app/orchestration/planner.py,app/contracts/pipeline_plan.py
app.orchestration.planner,app.contracts.source_media,app/orchestration/planner.py,app/contracts/source_media.py
app.orchestration.planner,app.decide.processing_decision,app/orchestration/planner.py,app/decide/processing_decision.py
app.orchestration.planner,app.decide.routing,app/orchestration/planner.py,app/decide/routing.py
app.orchestration.planner,app.decide.routing_facts,app/orchestration/planner.py,app/decide/routing_facts.py
app.orchestration.runner,app.contracts.stages,app/orchestration/runner.py,app/contracts/stages.py
app.orchestration.runner,app.storage.db,app/orchestration/runner.py,app/storage/db.py
app.orchestration.settings_patch_facade,app.config.identity,app/orchestration/settings_patch_facade.py,app/config/identity.py
app.orchestration.settings_patch_facade,app.config.rollout,app/orchestration/settings_patch_facade.py,app/config/rollout.py
app.orchestration.settings_patch_facade,app.config.settings_patch_policy,app/orchestration/settings_patch_facade.py,app/config/settings_patch_policy.py
app.orchestration.settings_patch_facade,app.contracts.source_media,app/orchestration/settings_patch_facade.py,app/contracts/source_media.py
app.orchestration.settings_patch_facade,app.orchestration.planner,app/orchestration/settings_patch_facade.py,app/orchestration/planner.py
app.orchestration.settings_patch_facade,mediapipeline_desktop_app.application.dto_commands,app/orchestration/settings_patch_facade.py,DesktopApp/mediapipeline_desktop_app/application/dto_commands.py
app.orchestration.settings_patch_facade,mediapipeline_desktop_app.models,app/orchestration/settings_patch_facade.py,DesktopApp/mediapipeline_desktop_app/models.py
app.paths.defaults,app.kernel.config_locations,app/paths/defaults.py,app/kernel/config_locations.py
app.paths.host,app.paths.contracts,app/paths/host.py,app/paths/contracts.py
app.paths.layout,mediapipeline_desktop_app.config_keys,app/paths/layout.py,DesktopApp/mediapipeline_desktop_app/config_keys.py
app.paths.resolution_runner,app.config.identity,app/paths/resolution_runner.py,app/config/identity.py
app.paths.resolution_runner,app.paths.contracts,app/paths/resolution_runner.py,app/paths/contracts.py
app.paths.resolution_runner,app.storage.state_migration,app/paths/resolution_runner.py,app/storage/state_migration.py
app.paths.resolution_runner,mediapipeline_desktop_app.config_keys,app/paths/resolution_runner.py,DesktopApp/mediapipeline_desktop_app/config_keys.py
app.paths.resolution_runner,mediapipeline_desktop_app.models,app/paths/resolution_runner.py,DesktopApp/mediapipeline_desktop_app/models.py
app.paths.service,app.paths.defaults,app/paths/service.py,app/paths/defaults.py
app.paths.service,app.paths.host,app/paths/service.py,app/paths/host.py
app.paths.service,app.paths.layout,app/paths/service.py,app/paths/layout.py
app.paths.service,app.paths.resolution_runner,app/paths/service.py,app/paths/resolution_runner.py
app.paths.service,app.storage.state_migration,app/paths/service.py,app/storage/state_migration.py
app.paths.service,mediapipeline_desktop_app.models,app/paths/service.py,DesktopApp/mediapipeline_desktop_app/models.py
app.processes.active_job_runner,app.processes.active_jobs,app/processes/active_job_runner.py,app/processes/active_jobs.py
app.processes.active_job_runner,mediapipeline_desktop_app.models,app/processes/active_job_runner.py,DesktopApp/mediapipeline_desktop_app/models.py
app.processes.active_jobs,app.processes.constants,app/processes/active_jobs.py,app/processes/constants.py
app.processes.active_jobs,app.processes.file_io,app/processes/active_jobs.py,app/processes/file_io.py
app.processes.active_jobs,app.processes.kill,app/processes/active_jobs.py,app/processes/kill.py
app.processes.active_jobs,mediapipeline_desktop_app.contracts,app/processes/active_jobs.py,DesktopApp/mediapipeline_desktop_app/contracts/__init__.py
app.processes.active_jobs,mediapipeline_desktop_app.models,app/processes/active_jobs.py,DesktopApp/mediapipeline_desktop_app/models.py
app.processes.audit_facade,app.config.identity,app/processes/audit_facade.py,app/config/identity.py
app.processes.audit_facade,app.processes.audit_policy,app/processes/audit_facade.py,app/processes/audit_policy.py
app.processes.audit_facade,mediapipeline_desktop_app.application.dto_commands,app/processes/audit_facade.py,DesktopApp/mediapipeline_desktop_app/application/dto_commands.py
app.processes.audit_facade,mediapipeline_desktop_app.models,app/processes/audit_facade.py,DesktopApp/mediapipeline_desktop_app/models.py
app.processes.audit_policy,mediapipeline_desktop_app.application.dto_commands,app/processes/audit_policy.py,DesktopApp/mediapipeline_desktop_app/application/dto_commands.py
app.processes.audit_policy,mediapipeline_desktop_app.config_keys,app/processes/audit_policy.py,DesktopApp/mediapipeline_desktop_app/config_keys.py
app.processes.constants,mediapipeline_desktop_app.contracts.active_job,app/processes/constants.py,DesktopApp/mediapipeline_desktop_app/contracts/active_job.py
app.processes.constants,mediapipeline_desktop_app.contracts.control_flag,app/processes/constants.py,DesktopApp/mediapipeline_desktop_app/contracts/control_flag.py
app.processes.control_facade,app.processes.control_policy,app/processes/control_facade.py,app/processes/control_policy.py
app.processes.control_facade,app.processes.file_io,app/processes/control_facade.py,app/processes/file_io.py
app.processes.control_facade,mediapipeline_desktop_app.application.dto_commands,app/processes/control_facade.py,DesktopApp/mediapipeline_desktop_app/application/dto_commands.py
app.processes.control_facade,mediapipeline_desktop_app.models,app/processes/control_facade.py,DesktopApp/mediapipeline_desktop_app/models.py
app.processes.control_flags,app.processes.constants,app/processes/control_flags.py,app/processes/constants.py
app.processes.control_flags,app.processes.file_io,app/processes/control_flags.py,app/processes/file_io.py
app.processes.control_flags,mediapipeline_desktop_app.contracts,app/processes/control_flags.py,DesktopApp/mediapipeline_desktop_app/contracts/__init__.py
app.processes.control_runner,app.processes.control_flags,app/processes/control_runner.py,app/processes/control_flags.py
app.processes.control_runner,app.processes.launch_cleanup,app/processes/control_runner.py,app/processes/launch_cleanup.py
app.processes.guard_facade,app.processes.guard_policy,app/processes/guard_facade.py,app/processes/guard_policy.py
app.processes.guard_facade,mediapipeline_desktop_app.application.dto_status,app/processes/guard_facade.py,DesktopApp/mediapipeline_desktop_app/application/dto_status.py
app.processes.guard_facade,mediapipeline_desktop_app.application.schedule_stop_watcher,app/processes/guard_facade.py,DesktopApp/mediapipeline_desktop_app/application/schedule_stop_watcher.py
app.processes.guard_facade,mediapipeline_desktop_app.models,app/processes/guard_facade.py,DesktopApp/mediapipeline_desktop_app/models.py
app.processes.kill,mediapipeline_desktop_app.models,app/processes/kill.py,DesktopApp/mediapipeline_desktop_app/models.py
app.processes.launch_runner,app.processes.launch_plans,app/processes/launch_runner.py,app/processes/launch_plans.py
app.processes.lifecycle,app.processes.active_job_runner,app/processes/lifecycle.py,app/processes/active_job_runner.py
app.processes.lifecycle,app.processes.constants,app/processes/lifecycle.py,app/processes/constants.py
app.processes.lifecycle,app.processes.control_runner,app/processes/lifecycle.py,app/processes/control_runner.py
app.processes.lifecycle,app.processes.kill,app/processes/lifecycle.py,app/processes/kill.py
app.processes.lifecycle,app.processes.launch_env,app/processes/lifecycle.py,app/processes/launch_env.py
app.processes.lifecycle,app.processes.launch_runner,app/processes/lifecycle.py,app/processes/launch_runner.py
app.processes.lifecycle,app.processes.logs,app/processes/lifecycle.py,app/processes/logs.py
app.processes.lifecycle,app.processes.readiness,app/processes/lifecycle.py,app/processes/readiness.py
app.processes.lifecycle,app.processes.runtime_runner,app/processes/lifecycle.py,app/processes/runtime_runner.py
app.processes.lifecycle,app.processes.spawn_runner,app/processes/lifecycle.py,app/processes/spawn_runner.py
app.processes.lifecycle,mediapipeline_desktop_app.models,app/processes/lifecycle.py,DesktopApp/mediapipeline_desktop_app/models.py
app.processes.logs,app.processes.constants,app/processes/logs.py,app/processes/constants.py
app.processes.logs,app.processes.file_io,app/processes/logs.py,app/processes/file_io.py
app.processes.path_evidence,app.config.library_profiles,app/processes/path_evidence.py,app/config/library_profiles.py
app.processes.path_evidence,app.kernel.config_keys,app/processes/path_evidence.py,app/kernel/config_keys.py
app.processes.pipeline_facade,app.config.identity,app/processes/pipeline_facade.py,app/config/identity.py
app.processes.pipeline_facade,app.processes.pipeline_policy,app/processes/pipeline_facade.py,app/processes/pipeline_policy.py
app.processes.pipeline_facade,app.processes.schedule_policy,app/processes/pipeline_facade.py,app/processes/schedule_policy.py
app.processes.pipeline_facade,mediapipeline_desktop_app.application.dto_commands,app/processes/pipeline_facade.py,DesktopApp/mediapipeline_desktop_app/application/dto_commands.py
app.processes.pipeline_facade,mediapipeline_desktop_app.application.schedule_stop_watcher,app/processes/pipeline_facade.py,DesktopApp/mediapipeline_desktop_app/application/schedule_stop_watcher.py
app.processes.pipeline_facade,mediapipeline_desktop_app.models,app/processes/pipeline_facade.py,DesktopApp/mediapipeline_desktop_app/models.py
app.processes.pipeline_policy,mediapipeline_desktop_app.application.dto_commands,app/processes/pipeline_policy.py,DesktopApp/mediapipeline_desktop_app/application/dto_commands.py
app.processes.preflight_facade,app.config.identity,app/processes/preflight_facade.py,app/config/identity.py
app.processes.preflight_facade,app.processes.audit_policy,app/processes/preflight_facade.py,app/processes/audit_policy.py
app.processes.preflight_facade,app.processes.path_evidence,app/processes/preflight_facade.py,app/processes/path_evidence.py
app.processes.preflight_facade,app.processes.pipeline_policy,app/processes/preflight_facade.py,app/processes/pipeline_policy.py
app.processes.preflight_facade,app.processes.rerun_policy,app/processes/preflight_facade.py,app/processes/rerun_policy.py
app.processes.preflight_facade,app.processes.schedule_policy,app/processes/preflight_facade.py,app/processes/schedule_policy.py
app.processes.preflight_facade,mediapipeline_desktop_app.application.dto_base,app/processes/preflight_facade.py,DesktopApp/mediapipeline_desktop_app/application/dto_base.py
app.processes.preflight_facade,mediapipeline_desktop_app.models,app/processes/preflight_facade.py,DesktopApp/mediapipeline_desktop_app/models.py
app.processes.rerun_facade,app.config.identity,app/processes/rerun_facade.py,app/config/identity.py
app.processes.rerun_facade,app.processes.rerun_policy,app/processes/rerun_facade.py,app/processes/rerun_policy.py
app.processes.rerun_facade,mediapipeline_desktop_app.application.dto_commands,app/processes/rerun_facade.py,DesktopApp/mediapipeline_desktop_app/application/dto_commands.py
app.processes.rerun_facade,mediapipeline_desktop_app.models,app/processes/rerun_facade.py,DesktopApp/mediapipeline_desktop_app/models.py
app.processes.rerun_policy,mediapipeline_desktop_app.application.dto_commands,app/processes/rerun_policy.py,DesktopApp/mediapipeline_desktop_app/application/dto_commands.py
app.processes.runtime_runner,app.processes.launch_cleanup,app/processes/runtime_runner.py,app/processes/launch_cleanup.py
app.processes.runtime_runner,app.processes.runtime_artifacts,app/processes/runtime_runner.py,app/processes/runtime_artifacts.py
app.processes.schedule_facade,app.processes.schedule_policy,app/processes/schedule_facade.py,app/processes/schedule_policy.py
app.processes.spawn_runner,app.processes.constants,app/processes/spawn_runner.py,app/processes/constants.py
app.processes.spawn_runner,app.processes.spawn,app/processes/spawn_runner.py,app/processes/spawn.py
app.processes.spawn_runner,mediapipeline_desktop_app.models,app/processes/spawn_runner.py,DesktopApp/mediapipeline_desktop_app/models.py
app.publish.pending_facade,app.publish.pending_policy,app/publish/pending_facade.py,app/publish/pending_policy.py
app.publish.pending_facade,mediapipeline_desktop_app.application.dto_commands,app/publish/pending_facade.py,DesktopApp/mediapipeline_desktop_app/application/dto_commands.py
app.publish.pending_facade,mediapipeline_desktop_app.application.dto_inventory,app/publish/pending_facade.py,DesktopApp/mediapipeline_desktop_app/application/dto_inventory.py
app.publish.pending_facade,mediapipeline_desktop_app.models,app/publish/pending_facade.py,DesktopApp/mediapipeline_desktop_app/models.py
app.publish.pending_manifest,app.publish.file_io,app/publish/pending_manifest.py,app/publish/file_io.py
app.publish.pending_manifest,app.publish.pending_manifest_rows,app/publish/pending_manifest.py,app/publish/pending_manifest_rows.py
app.publish.pending_manifest,app.publish.pending_paths,app/publish/pending_manifest.py,app/publish/pending_paths.py
app.publish.pending_manifest,mediapipeline_desktop_app.contracts,app/publish/pending_manifest.py,DesktopApp/mediapipeline_desktop_app/contracts/__init__.py
app.publish.pending_manifest_rows,app.publish.pending_format,app/publish/pending_manifest_rows.py,app/publish/pending_format.py
app.publish.pending_manifest_rows,app.publish.pending_paths,app/publish/pending_manifest_rows.py,app/publish/pending_paths.py
app.publish.pending_paths,app.publish.pending_format,app/publish/pending_paths.py,app/publish/pending_format.py
app.publish.pending_policy,app.publish.pending_policy_parts.status_rules,app/publish/pending_policy.py,app/publish/pending_policy_parts/status_rules.py
app.publish.pending_policy,app.publish.pending_policy_parts.trust_fields,app/publish/pending_policy.py,app/publish/pending_policy_parts/trust_fields.py
app.publish.pending_policy,mediapipeline_desktop_app.application.dto_base,app/publish/pending_policy.py,DesktopApp/mediapipeline_desktop_app/application/dto_base.py
app.publish.pending_policy,mediapipeline_desktop_app.application.dto_commands,app/publish/pending_policy.py,DesktopApp/mediapipeline_desktop_app/application/dto_commands.py
app.publish.pending_policy,mediapipeline_desktop_app.application.dto_inventory,app/publish/pending_policy.py,DesktopApp/mediapipeline_desktop_app/application/dto_inventory.py
app.publish.pending_service,app.publish.file_io,app/publish/pending_service.py,app/publish/file_io.py
app.publish.pending_service,app.publish.pending_format,app/publish/pending_service.py,app/publish/pending_format.py
app.publish.pending_service,app.publish.pending_manifest,app/publish/pending_service.py,app/publish/pending_manifest.py
app.publish.pending_service,app.publish.pending_paths,app/publish/pending_service.py,app/publish/pending_paths.py
app.publish.pending_service,mediapipeline_desktop_app.models,app/publish/pending_service.py,DesktopApp/mediapipeline_desktop_app/models.py
app.publish.reconciliation_facade,app.publish.reconciliation_policy,app/publish/reconciliation_facade.py,app/publish/reconciliation_policy.py
app.publish.reconciliation_facade,mediapipeline_desktop_app.application.dto,app/publish/reconciliation_facade.py,DesktopApp/mediapipeline_desktop_app/application/dto.py
app.publish.reconciliation_facade,mediapipeline_desktop_app.models,app/publish/reconciliation_facade.py,DesktopApp/mediapipeline_desktop_app/models.py
app.publish.reconciliation_policy,app.completed.policy,app/publish/reconciliation_policy.py,app/completed/policy.py
app.publish.reconciliation_policy,mediapipeline_desktop_app.application.dto,app/publish/reconciliation_policy.py,DesktopApp/mediapipeline_desktop_app/application/dto.py
app.publish.reconciliation_policy,mediapipeline_desktop_app.application.dto_base,app/publish/reconciliation_policy.py,DesktopApp/mediapipeline_desktop_app/application/dto_base.py
app.queue.contracts,mediapipeline_desktop_app.models_core,app/queue/contracts.py,DesktopApp/mediapipeline_desktop_app/models_core.py
app.queue.dry_run,mediapipeline_desktop_app.models,app/queue/dry_run.py,DesktopApp/mediapipeline_desktop_app/models.py
app.queue.dry_run_runner,app.queue.contracts,app/queue/dry_run_runner.py,app/queue/contracts.py
app.queue.dry_run_runner,app.queue.dry_run,app/queue/dry_run_runner.py,app/queue/dry_run.py
app.queue.dry_run_runner,app.queue.file_io,app/queue/dry_run_runner.py,app/queue/file_io.py
app.queue.dry_run_runner,app.queue.snapshot,app/queue/dry_run_runner.py,app/queue/snapshot.py
app.queue.dry_run_runner,app.storage.db,app/queue/dry_run_runner.py,app/storage/db.py
app.queue.dry_run_runner,mediapipeline_desktop_app.models,app/queue/dry_run_runner.py,DesktopApp/mediapipeline_desktop_app/models.py
app.queue.dry_run_runner,mediapipeline_desktop_app.subprocess_runner,app/queue/dry_run_runner.py,DesktopApp/mediapipeline_desktop_app/subprocess_runner.py
app.queue.facade,app.queue.file_overrides,app/queue/facade.py,app/queue/file_overrides.py
app.queue.facade,app.queue.policy,app/queue/facade.py,app/queue/policy.py
app.queue.facade,mediapipeline_desktop_app.application.dto_commands,app/queue/facade.py,DesktopApp/mediapipeline_desktop_app/application/dto_commands.py
app.queue.facade,mediapipeline_desktop_app.application.dto_inventory,app/queue/facade.py,DesktopApp/mediapipeline_desktop_app/application/dto_inventory.py
app.queue.facade,mediapipeline_desktop_app.models,app/queue/facade.py,DesktopApp/mediapipeline_desktop_app/models.py
app.queue.file_overrides,app.config.constants,app/queue/file_overrides.py,app/config/constants.py
app.queue.file_overrides,app.contracts.config,app/queue/file_overrides.py,app/contracts/config.py
app.queue.policy,app.queue.policy_parts.metrics,app/queue/policy.py,app/queue/policy_parts/metrics.py
app.queue.policy,app.queue.policy_parts.open_policy,app/queue/policy.py,app/queue/policy_parts/open_policy.py
app.queue.policy,app.queue.policy_parts.preview,app/queue/policy.py,app/queue/policy_parts/preview.py
app.queue.policy,app.queue.policy_parts.rows,app/queue/policy.py,app/queue/policy_parts/rows.py
app.queue.policy,app.queue.policy_parts.rules,app/queue/policy.py,app/queue/policy_parts/rules.py
app.queue.policy_parts.open_policy,app.queue.policy_parts.rules,app/queue/policy_parts/open_policy.py,app/queue/policy_parts/rules.py
app.queue.policy_parts.open_policy,mediapipeline_desktop_app.application.dto_commands,app/queue/policy_parts/open_policy.py,DesktopApp/mediapipeline_desktop_app/application/dto_commands.py
app.queue.policy_parts.preview,app.observability.artifact_freshness,app/queue/policy_parts/preview.py,app/observability/artifact_freshness.py
app.queue.policy_parts.preview,app.observability.status_policy,app/queue/policy_parts/preview.py,app/observability/status_policy.py
app.queue.policy_parts.preview,app.queue.policy_parts.metrics,app/queue/policy_parts/preview.py,app/queue/policy_parts/metrics.py
app.queue.policy_parts.preview,app.queue.policy_parts.rows,app/queue/policy_parts/preview.py,app/queue/policy_parts/rows.py
app.queue.policy_parts.preview,app.queue.policy_parts.rules,app/queue/policy_parts/preview.py,app/queue/policy_parts/rules.py
app.queue.policy_parts.rows,app.observability.runtime_outcomes,app/queue/policy_parts/rows.py,app/observability/runtime_outcomes.py
app.queue.policy_parts.rows,app.queue.file_overrides,app/queue/policy_parts/rows.py,app/queue/file_overrides.py
app.queue.policy_parts.rows,app.queue.policy_parts.rules,app/queue/policy_parts/rows.py,app/queue/policy_parts/rules.py
app.queue.policy_parts.rows,mediapipeline_desktop_app.models,app/queue/policy_parts/rows.py,DesktopApp/mediapipeline_desktop_app/models.py
app.queue.policy_parts.rules,app.observability.runtime_outcomes,app/queue/policy_parts/rules.py,app/observability/runtime_outcomes.py
app.queue.preview_builder,app.queue.contracts,app/queue/preview_builder.py,app/queue/contracts.py
app.queue.preview_builder,app.queue.dry_run,app/queue/preview_builder.py,app/queue/dry_run.py
app.queue.preview_builder,mediapipeline_desktop_app.models,app/queue/preview_builder.py,DesktopApp/mediapipeline_desktop_app/models.py
app.queue.priority_markers,mediapipeline_desktop_app.priority_markers,app/queue/priority_markers.py,DesktopApp/mediapipeline_desktop_app/priority_markers.py
app.queue.service,app.queue.dry_run_runner,app/queue/service.py,app/queue/dry_run_runner.py
app.queue.service,app.queue.preview_builder,app/queue/service.py,app/queue/preview_builder.py
app.queue.service,app.queue.priority_markers,app/queue/service.py,app/queue/priority_markers.py
app.queue.service,app.queue.snapshot,app/queue/service.py,app/queue/snapshot.py
app.queue.service,app.queue.source_inventory,app/queue/service.py,app/queue/source_inventory.py
app.queue.service,mediapipeline_desktop_app.models,app/queue/service.py,DesktopApp/mediapipeline_desktop_app/models.py
app.queue.service,mediapipeline_desktop_app.priority_markers,app/queue/service.py,DesktopApp/mediapipeline_desktop_app/priority_markers.py
app.queue.snapshot,mediapipeline_desktop_app.contracts,app/queue/snapshot.py,DesktopApp/mediapipeline_desktop_app/contracts/__init__.py
app.queue.snapshot,mediapipeline_desktop_app.models,app/queue/snapshot.py,DesktopApp/mediapipeline_desktop_app/models.py
app.queue.source_inventory,app.config.library_profiles,app/queue/source_inventory.py,app/config/library_profiles.py
app.queue.source_inventory,app.files.constants,app/queue/source_inventory.py,app/files/constants.py
app.queue.source_inventory,app.queue.file_io,app/queue/source_inventory.py,app/queue/file_io.py
app.queue.source_inventory,mediapipeline_desktop_app.models,app/queue/source_inventory.py,DesktopApp/mediapipeline_desktop_app/models.py
app.rename.apply,app.paths.layout,app/rename/apply.py,app/paths/layout.py
app.rename.apply,app.rename.constants,app/rename/apply.py,app/rename/constants.py
app.rename.apply,app.rename.file_io,app/rename/apply.py,app/rename/file_io.py
app.rename.apply_runner,app.rename.contracts,app/rename/apply_runner.py,app/rename/contracts.py
app.rename.apply_runner,app.rename.file_io,app/rename/apply_runner.py,app/rename/file_io.py
app.rename.contracts,mediapipeline_desktop_app.subprocess_runner,app/rename/contracts.py,DesktopApp/mediapipeline_desktop_app/subprocess_runner.py
app.rename.discovery,app.files.constants,app/rename/discovery.py,app/files/constants.py
app.rename.discovery,app.rename.utils,app/rename/discovery.py,app/rename/utils.py
app.rename.facade,app.rename.policy,app/rename/facade.py,app/rename/policy.py
app.rename.facade,mediapipeline_desktop_app.application.dto_base,app/rename/facade.py,DesktopApp/mediapipeline_desktop_app/application/dto_base.py
app.rename.facade,mediapipeline_desktop_app.application.dto_commands,app/rename/facade.py,DesktopApp/mediapipeline_desktop_app/application/dto_commands.py
app.rename.facade,mediapipeline_desktop_app.application.dto_workspaces,app/rename/facade.py,DesktopApp/mediapipeline_desktop_app/application/dto_workspaces.py
app.rename.movie,app.rename.constants,app/rename/movie.py,app/rename/constants.py
app.rename.movie,app.rename.utils,app/rename/movie.py,app/rename/utils.py
app.rename.planner,app.files.constants,app/rename/planner.py,app/files/constants.py
app.rename.planner,app.rename.contracts,app/rename/planner.py,app/rename/contracts.py
app.rename.planner,app.rename.plan_policy,app/rename/planner.py,app/rename/plan_policy.py
app.rename.policy,app.files.constants,app/rename/policy.py,app/files/constants.py
app.rename.policy,app.paths.layout,app/rename/policy.py,app/paths/layout.py
app.rename.policy,app.rename.movie,app/rename/policy.py,app/rename/movie.py
app.rename.policy,app.rename.plan_policy,app/rename/policy.py,app/rename/plan_policy.py
app.rename.policy,mediapipeline_desktop_app.application.dto_base,app/rename/policy.py,DesktopApp/mediapipeline_desktop_app/application/dto_base.py
app.rename.policy,mediapipeline_desktop_app.application.dto_commands,app/rename/policy.py,DesktopApp/mediapipeline_desktop_app/application/dto_commands.py
app.rename.policy,mediapipeline_desktop_app.config_keys,app/rename/policy.py,DesktopApp/mediapipeline_desktop_app/config_keys.py
app.rename.preview,app.rename.file_io,app/rename/preview.py,app/rename/file_io.py
app.rename.preview,mediapipeline_desktop_app.subprocess_runner,app/rename/preview.py,DesktopApp/mediapipeline_desktop_app/subprocess_runner.py
app.rename.preview_runner,app.rename.contracts,app/rename/preview_runner.py,app/rename/contracts.py
app.rename.preview_runner,app.rename.preview,app/rename/preview_runner.py,app/rename/preview.py
app.rename.preview_runner,mediapipeline_desktop_app.subprocess_runner,app/rename/preview_runner.py,DesktopApp/mediapipeline_desktop_app/subprocess_runner.py
app.rename.service,app.rename.apply,app/rename/service.py,app/rename/apply.py
app.rename.service,app.rename.apply_runner,app/rename/service.py,app/rename/apply_runner.py
app.rename.service,app.rename.constants,app/rename/service.py,app/rename/constants.py
app.rename.service,app.rename.discovery,app/rename/service.py,app/rename/discovery.py
app.rename.service,app.rename.movie,app/rename/service.py,app/rename/movie.py
app.rename.service,app.rename.plan_policy,app/rename/service.py,app/rename/plan_policy.py
app.rename.service,app.rename.planner,app/rename/service.py,app/rename/planner.py
app.rename.service,app.rename.preview_runner,app/rename/service.py,app/rename/preview_runner.py
app.rename.service,app.rename.tv,app/rename/service.py,app/rename/tv.py
app.rename.service,app.rename.utils,app/rename/service.py,app/rename/utils.py
app.rename.service,mediapipeline_desktop_app.models,app/rename/service.py,DesktopApp/mediapipeline_desktop_app/models.py
app.rename.service,mediapipeline_desktop_app.subprocess_runner,app/rename/service.py,DesktopApp/mediapipeline_desktop_app/subprocess_runner.py
app.rename.tv,app.rename.movie,app/rename/tv.py,app/rename/movie.py
app.rename.tv,app.rename.tv_folder,app/rename/tv.py,app/rename/tv_folder.py
app.rename.tv,app.rename.utils,app/rename/tv.py,app/rename/utils.py
app.rename.tv_folder,app.rename.utils,app/rename/tv_folder.py,app/rename/utils.py
app.rename.utils,app.files.constants,app/rename/utils.py,app/files/constants.py
app.sample_validation.facade,app.sample_validation.policy,app/sample_validation/facade.py,app/sample_validation/policy.py
app.sample_validation.facade,mediapipeline_desktop_app.application.dto_commands,app/sample_validation/facade.py,DesktopApp/mediapipeline_desktop_app/application/dto_commands.py
app.sample_validation.facade,mediapipeline_desktop_app.models,app/sample_validation/facade.py,DesktopApp/mediapipeline_desktop_app/models.py
app.sample_validation.policy,mediapipeline_desktop_app.application.dto_commands,app/sample_validation/policy.py,DesktopApp/mediapipeline_desktop_app/application/dto_commands.py
app.sample_validation.policy,mediapipeline_desktop_app.application.sample_validation.evidence,app/sample_validation/policy.py,DesktopApp/mediapipeline_desktop_app/application/sample_validation/evidence.py
app.sample_validation.policy,mediapipeline_desktop_app.application.sample_validation.log_payload,app/sample_validation/policy.py,DesktopApp/mediapipeline_desktop_app/application/sample_validation/log_payload.py
app.sample_validation.policy,mediapipeline_desktop_app.application.sample_validation.pilot_plan,app/sample_validation/policy.py,DesktopApp/mediapipeline_desktop_app/application/sample_validation/pilot_plan.py
app.sample_validation.policy,mediapipeline_desktop_app.application.sample_validation.policy_alignment,app/sample_validation/policy.py,DesktopApp/mediapipeline_desktop_app/application/sample_validation/policy_alignment.py
app.sample_validation.policy,mediapipeline_desktop_app.application.sample_validation.readiness,app/sample_validation/policy.py,DesktopApp/mediapipeline_desktop_app/application/sample_validation/readiness.py
app.sample_validation.policy,mediapipeline_desktop_app.application.sample_validation.reconciliation,app/sample_validation/policy.py,DesktopApp/mediapipeline_desktop_app/application/sample_validation/reconciliation.py
app.sample_validation.policy,mediapipeline_desktop_app.application.sample_validation.record,app/sample_validation/policy.py,DesktopApp/mediapipeline_desktop_app/application/sample_validation/record.py
app.sample_validation.policy,mediapipeline_desktop_app.application.sample_validation.summary,app/sample_validation/policy.py,DesktopApp/mediapipeline_desktop_app/application/sample_validation/summary.py
app.sample_validation.policy,mediapipeline_desktop_app.application.sample_validation.worksheet,app/sample_validation/policy.py,DesktopApp/mediapipeline_desktop_app/application/sample_validation/worksheet.py
app.sample_validation.policy,mediapipeline_desktop_app.models,app/sample_validation/policy.py,DesktopApp/mediapipeline_desktop_app/models.py
app.schedule.app_state,app.schedule.file_io,app/schedule/app_state.py,app/schedule/file_io.py
app.schedule.app_state,app.schedule.grid,app/schedule/app_state.py,app/schedule/grid.py
app.schedule.facade,app.schedule.policy,app/schedule/facade.py,app/schedule/policy.py
app.schedule.facade,mediapipeline_desktop_app.application.dto_base,app/schedule/facade.py,DesktopApp/mediapipeline_desktop_app/application/dto_base.py
app.schedule.facade,mediapipeline_desktop_app.application.dto_commands,app/schedule/facade.py,DesktopApp/mediapipeline_desktop_app/application/dto_commands.py
app.schedule.facade,mediapipeline_desktop_app.application.dto_workspaces,app/schedule/facade.py,DesktopApp/mediapipeline_desktop_app/application/dto_workspaces.py
app.schedule.facade,mediapipeline_desktop_app.application.schedule_stop_watcher,app/schedule/facade.py,DesktopApp/mediapipeline_desktop_app/application/schedule_stop_watcher.py
app.schedule.grid,app.schedule.constants,app/schedule/grid.py,app/schedule/constants.py
app.schedule.policy,app.schedule.constants,app/schedule/policy.py,app/schedule/constants.py
app.schedule.policy,mediapipeline_desktop_app.application.dto_commands,app/schedule/policy.py,DesktopApp/mediapipeline_desktop_app/application/dto_commands.py
app.status.active_jobs,app.status.file_io,app/status/active_jobs.py,app/status/file_io.py
app.status.active_jobs,app.status.progress,app/status/active_jobs.py,app/status/progress.py
app.status.active_jobs,mediapipeline_desktop_app.contracts,app/status/active_jobs.py,DesktopApp/mediapipeline_desktop_app/contracts/__init__.py
app.status.contracts,mediapipeline_desktop_app.models_core,app/status/contracts.py,DesktopApp/mediapipeline_desktop_app/models_core.py
app.status.errors,app.status.file_io,app/status/errors.py,app/status/file_io.py
app.status.errors,app.status.presentation,app/status/errors.py,app/status/presentation.py
app.status.facade,app.observability.status_policy,app/status/facade.py,app/observability/status_policy.py
app.status.facade,app.processes.path_evidence,app/status/facade.py,app/processes/path_evidence.py
app.status.facade,app.status.active_jobs,app/status/facade.py,app/status/active_jobs.py
app.status.facade,app.status.eta,app/status/facade.py,app/status/eta.py
app.status.facade,app.status.ffmpeg_progress,app/status/facade.py,app/status/ffmpeg_progress.py
app.status.facade,app.status.presentation,app/status/facade.py,app/status/presentation.py
app.status.facade,mediapipeline_desktop_app.application.dto_status,app/status/facade.py,DesktopApp/mediapipeline_desktop_app/application/dto_status.py
app.status.facade,mediapipeline_desktop_app.models,app/status/facade.py,DesktopApp/mediapipeline_desktop_app/models.py
app.status.presentation,app.rename.movie,app/status/presentation.py,app/rename/movie.py
app.status.presentation,app.rename.tv,app/status/presentation.py,app/rename/tv.py
app.status.presentation,app.status.events,app/status/presentation.py,app/status/events.py
app.status.readers,app.status.contracts,app/status/readers.py,app/status/contracts.py
app.status.readers,app.status.file_io,app/status/readers.py,app/status/file_io.py
app.status.readers,mediapipeline_desktop_app.contracts,app/status/readers.py,DesktopApp/mediapipeline_desktop_app/contracts/__init__.py
app.status.service,app.observability.status_files,app/status/service.py,app/observability/status_files.py
app.status.service,app.status.active_jobs,app/status/service.py,app/status/active_jobs.py
app.status.service,app.status.errors,app/status/service.py,app/status/errors.py
app.status.service,app.status.presentation,app/status/service.py,app/status/presentation.py
app.status.service,app.status.progress,app/status/service.py,app/status/progress.py
app.status.service,app.status.readers,app/status/service.py,app/status/readers.py
app.status.service,app.status.snapshot_runner,app/status/service.py,app/status/snapshot_runner.py
app.status.service,app.status.summary,app/status/service.py,app/status/summary.py
app.status.service,mediapipeline_desktop_app.models,app/status/service.py,DesktopApp/mediapipeline_desktop_app/models.py
app.status.snapshot_runner,app.status.contracts,app/status/snapshot_runner.py,app/status/contracts.py
app.status.snapshot_runner,mediapipeline_desktop_app.models,app/status/snapshot_runner.py,DesktopApp/mediapipeline_desktop_app/models.py
app.status.summary,app.status.summary_sections,app/status/summary.py,app/status/summary_sections.py
app.status.summary,mediapipeline_desktop_app.models,app/status/summary.py,DesktopApp/mediapipeline_desktop_app/models.py
app.status.summary_sections,mediapipeline_desktop_app.models,app/status/summary_sections.py,DesktopApp/mediapipeline_desktop_app/models.py
app.storage.state_migration,app.storage.constants,app/storage/state_migration.py,app/storage/constants.py
app.storage.state_migration,app.storage.contracts,app/storage/state_migration.py,app/storage/contracts.py
app.telemetry.gpu_usage,mediapipeline_desktop_app.models,app/telemetry/gpu_usage.py,DesktopApp/mediapipeline_desktop_app/models.py
app.telemetry.nvidia,mediapipeline_desktop_app.models,app/telemetry/nvidia.py,DesktopApp/mediapipeline_desktop_app/models.py
app.telemetry.service,app.telemetry.health,app/telemetry/service.py,app/telemetry/health.py
app.telemetry.service,app.telemetry.nvidia,app/telemetry/service.py,app/telemetry/nvidia.py
app.telemetry.service,app.telemetry.system_metrics,app/telemetry/service.py,app/telemetry/system_metrics.py
app.telemetry.service,mediapipeline_desktop_app.models,app/telemetry/service.py,DesktopApp/mediapipeline_desktop_app/models.py
app.telemetry.service,mediapipeline_desktop_app.subprocess_runner,app/telemetry/service.py,DesktopApp/mediapipeline_desktop_app/subprocess_runner.py
app.telemetry.system_metrics,mediapipeline_desktop_app.models,app/telemetry/system_metrics.py,DesktopApp/mediapipeline_desktop_app/models.py
app.ui.preferences,app.ui_preferences,app/ui/preferences.py,app/ui_preferences.py
app.validation.boundary,app.contracts.api_commands,app/validation/boundary.py,app/contracts/api_commands.py
app.validation.boundary,app.contracts.stages,app/validation/boundary.py,app/contracts/stages.py
mediapipeline_desktop_app.__main__,mediapipeline_desktop_app.local_api_main,DesktopApp/mediapipeline_desktop_app/__main__.py,DesktopApp/mediapipeline_desktop_app/local_api_main.py
mediapipeline_desktop_app.api,mediapipeline_desktop_app.api.contract,DesktopApp/mediapipeline_desktop_app/api/__init__.py,DesktopApp/mediapipeline_desktop_app/api/contract.py
mediapipeline_desktop_app.api,mediapipeline_desktop_app.api.server,DesktopApp/mediapipeline_desktop_app/api/__init__.py,DesktopApp/mediapipeline_desktop_app/api/server.py
mediapipeline_desktop_app.api.command_journal,app.storage.db,DesktopApp/mediapipeline_desktop_app/api/command_journal.py,app/storage/db.py
mediapipeline_desktop_app.api.command_journal,mediapipeline_desktop_app.api.command_journal_policy,DesktopApp/mediapipeline_desktop_app/api/command_journal.py,DesktopApp/mediapipeline_desktop_app/api/command_journal_policy.py
mediapipeline_desktop_app.api.contract,mediapipeline_desktop_app.api.contract_command,DesktopApp/mediapipeline_desktop_app/api/contract.py,DesktopApp/mediapipeline_desktop_app/api/contract_command.py
mediapipeline_desktop_app.api.contract,mediapipeline_desktop_app.api.contract_read,DesktopApp/mediapipeline_desktop_app/api/contract.py,DesktopApp/mediapipeline_desktop_app/api/contract_read.py
mediapipeline_desktop_app.api.contract,mediapipeline_desktop_app.api.contract_shared,DesktopApp/mediapipeline_desktop_app/api/contract.py,DesktopApp/mediapipeline_desktop_app/api/contract_shared.py
mediapipeline_desktop_app.api.contract_payload,mediapipeline_desktop_app.api.contract,DesktopApp/mediapipeline_desktop_app/api/contract_payload.py,DesktopApp/mediapipeline_desktop_app/api/contract.py
mediapipeline_desktop_app.api.contract_payload,mediapipeline_desktop_app.api.contract_shared,DesktopApp/mediapipeline_desktop_app/api/contract_payload.py,DesktopApp/mediapipeline_desktop_app/api/contract_shared.py
mediapipeline_desktop_app.api.contract_read,mediapipeline_desktop_app.api.contract_shared,DesktopApp/mediapipeline_desktop_app/api/contract_read.py,DesktopApp/mediapipeline_desktop_app/api/contract_shared.py
mediapipeline_desktop_app.api.handler,mediapipeline_desktop_app.api.handler_policy,DesktopApp/mediapipeline_desktop_app/api/handler.py,DesktopApp/mediapipeline_desktop_app/api/handler_policy.py
mediapipeline_desktop_app.api.handler,mediapipeline_desktop_app.api.http_helpers,DesktopApp/mediapipeline_desktop_app/api/handler.py,DesktopApp/mediapipeline_desktop_app/api/http_helpers.py
mediapipeline_desktop_app.api.handler,mediapipeline_desktop_app.api.routes,DesktopApp/mediapipeline_desktop_app/api/handler.py,DesktopApp/mediapipeline_desktop_app/api/routes.py
mediapipeline_desktop_app.api.handler_policy,mediapipeline_desktop_app.api.http_helpers,DesktopApp/mediapipeline_desktop_app/api/handler_policy.py,DesktopApp/mediapipeline_desktop_app/api/http_helpers.py
mediapipeline_desktop_app.api.queue_source_path_policy,app.config.library_profiles,DesktopApp/mediapipeline_desktop_app/api/queue_source_path_policy.py,app/config/library_profiles.py
mediapipeline_desktop_app.api.read_payloads,mediapipeline_desktop_app.api.read_payloads_inventory,DesktopApp/mediapipeline_desktop_app/api/read_payloads.py,DesktopApp/mediapipeline_desktop_app/api/read_payloads_inventory.py
mediapipeline_desktop_app.api.read_payloads,mediapipeline_desktop_app.api.read_payloads_status,DesktopApp/mediapipeline_desktop_app/api/read_payloads.py,DesktopApp/mediapipeline_desktop_app/api/read_payloads_status.py
mediapipeline_desktop_app.api.read_payloads,mediapipeline_desktop_app.api.read_payloads_workspace,DesktopApp/mediapipeline_desktop_app/api/read_payloads.py,DesktopApp/mediapipeline_desktop_app/api/read_payloads_workspace.py
mediapipeline_desktop_app.api.read_payloads_inventory,app.publish.reconciliation_policy,DesktopApp/mediapipeline_desktop_app/api/read_payloads_inventory.py,app/publish/reconciliation_policy.py
mediapipeline_desktop_app.api.read_payloads_inventory,mediapipeline_desktop_app.api.http_helpers,DesktopApp/mediapipeline_desktop_app/api/read_payloads_inventory.py,DesktopApp/mediapipeline_desktop_app/api/http_helpers.py
mediapipeline_desktop_app.api.read_payloads_inventory,mediapipeline_desktop_app.api.read_payloads_policy,DesktopApp/mediapipeline_desktop_app/api/read_payloads_inventory.py,DesktopApp/mediapipeline_desktop_app/api/read_payloads_policy.py
mediapipeline_desktop_app.api.read_payloads_status,mediapipeline_desktop_app.api.contract_payload,DesktopApp/mediapipeline_desktop_app/api/read_payloads_status.py,DesktopApp/mediapipeline_desktop_app/api/contract_payload.py
mediapipeline_desktop_app.api.read_payloads_status,mediapipeline_desktop_app.api.http_helpers,DesktopApp/mediapipeline_desktop_app/api/read_payloads_status.py,DesktopApp/mediapipeline_desktop_app/api/http_helpers.py
mediapipeline_desktop_app.api.read_payloads_status,mediapipeline_desktop_app.api.read_payloads_policy,DesktopApp/mediapipeline_desktop_app/api/read_payloads_status.py,DesktopApp/mediapipeline_desktop_app/api/read_payloads_policy.py
mediapipeline_desktop_app.api.read_payloads_workspace,mediapipeline_desktop_app.api.http_helpers,DesktopApp/mediapipeline_desktop_app/api/read_payloads_workspace.py,DesktopApp/mediapipeline_desktop_app/api/http_helpers.py
mediapipeline_desktop_app.api.read_payloads_workspace,mediapipeline_desktop_app.api.read_payloads_policy,DesktopApp/mediapipeline_desktop_app/api/read_payloads_workspace.py,DesktopApp/mediapipeline_desktop_app/api/read_payloads_policy.py
mediapipeline_desktop_app.api.routes,mediapipeline_desktop_app.api.routes_command,DesktopApp/mediapipeline_desktop_app/api/routes.py,DesktopApp/mediapipeline_desktop_app/api/routes_command.py
mediapipeline_desktop_app.api.routes,mediapipeline_desktop_app.api.routes_read,DesktopApp/mediapipeline_desktop_app/api/routes.py,DesktopApp/mediapipeline_desktop_app/api/routes_read.py
mediapipeline_desktop_app.api.routes,mediapipeline_desktop_app.api.routes_shared,DesktopApp/mediapipeline_desktop_app/api/routes.py,DesktopApp/mediapipeline_desktop_app/api/routes_shared.py
mediapipeline_desktop_app.api.routes_command,app.api.commands,DesktopApp/mediapipeline_desktop_app/api/routes_command.py,app/api/commands.py
mediapipeline_desktop_app.api.routes_command,mediapipeline_desktop_app.api.routes_shared,DesktopApp/mediapipeline_desktop_app/api/routes_command.py,DesktopApp/mediapipeline_desktop_app/api/routes_shared.py
mediapipeline_desktop_app.api.routes_read,mediapipeline_desktop_app.api.routes_shared,DesktopApp/mediapipeline_desktop_app/api/routes_read.py,DesktopApp/mediapipeline_desktop_app/api/routes_shared.py
mediapipeline_desktop_app.api.server,app.api.command_handlers,DesktopApp/mediapipeline_desktop_app/api/server.py,app/api/command_handlers.py
mediapipeline_desktop_app.api.server,app.validation.boundary,DesktopApp/mediapipeline_desktop_app/api/server.py,app/validation/boundary.py
mediapipeline_desktop_app.api.server,mediapipeline_desktop_app.api.command_journal,DesktopApp/mediapipeline_desktop_app/api/server.py,DesktopApp/mediapipeline_desktop_app/api/command_journal.py
mediapipeline_desktop_app.api.server,mediapipeline_desktop_app.api.handler,DesktopApp/mediapipeline_desktop_app/api/server.py,DesktopApp/mediapipeline_desktop_app/api/handler.py
mediapipeline_desktop_app.api.server,mediapipeline_desktop_app.api.http_helpers,DesktopApp/mediapipeline_desktop_app/api/server.py,DesktopApp/mediapipeline_desktop_app/api/http_helpers.py
mediapipeline_desktop_app.api.server,mediapipeline_desktop_app.api.read_payloads,DesktopApp/mediapipeline_desktop_app/api/server.py,DesktopApp/mediapipeline_desktop_app/api/read_payloads.py
mediapipeline_desktop_app.api.server,mediapipeline_desktop_app.api.static_files,DesktopApp/mediapipeline_desktop_app/api/server.py,DesktopApp/mediapipeline_desktop_app/api/static_files.py
mediapipeline_desktop_app.api.server,mediapipeline_desktop_app.application,DesktopApp/mediapipeline_desktop_app/api/server.py,DesktopApp/mediapipeline_desktop_app/application/__init__.py
mediapipeline_desktop_app.api.server,mediapipeline_desktop_app.models,DesktopApp/mediapipeline_desktop_app/api/server.py,DesktopApp/mediapipeline_desktop_app/models.py
mediapipeline_desktop_app.api.static_files,mediapipeline_desktop_app.api.http_helpers,DesktopApp/mediapipeline_desktop_app/api/static_files.py,DesktopApp/mediapipeline_desktop_app/api/http_helpers.py
mediapipeline_desktop_app.api.static_files,mediapipeline_desktop_app.api.static_files_policy,DesktopApp/mediapipeline_desktop_app/api/static_files.py,DesktopApp/mediapipeline_desktop_app/api/static_files_policy.py
mediapipeline_desktop_app.api.static_files_policy,mediapipeline_desktop_app.api.handler_policy,DesktopApp/mediapipeline_desktop_app/api/static_files_policy.py,DesktopApp/mediapipeline_desktop_app/api/handler_policy.py
mediapipeline_desktop_app.application,mediapipeline_desktop_app.application.dto,DesktopApp/mediapipeline_desktop_app/application/__init__.py,DesktopApp/mediapipeline_desktop_app/application/dto.py
mediapipeline_desktop_app.application,mediapipeline_desktop_app.application.facade,DesktopApp/mediapipeline_desktop_app/application/__init__.py,DesktopApp/mediapipeline_desktop_app/application/facade.py
mediapipeline_desktop_app.application.dto,app.kernel.dto,DesktopApp/mediapipeline_desktop_app/application/dto.py,app/kernel/dto.py
mediapipeline_desktop_app.application.dto_base,app.kernel.dto_base,DesktopApp/mediapipeline_desktop_app/application/dto_base.py,app/kernel/dto_base.py
mediapipeline_desktop_app.application.dto_commands,app.kernel.dto_commands,DesktopApp/mediapipeline_desktop_app/application/dto_commands.py,app/kernel/dto_commands.py
mediapipeline_desktop_app.application.dto_inventory,app.kernel.dto_inventory,DesktopApp/mediapipeline_desktop_app/application/dto_inventory.py,app/kernel/dto_inventory.py
mediapipeline_desktop_app.application.dto_status,app.kernel.dto_status,DesktopApp/mediapipeline_desktop_app/application/dto_status.py,app/kernel/dto_status.py
mediapipeline_desktop_app.application.dto_workspaces,app.kernel.dto_workspaces,DesktopApp/mediapipeline_desktop_app/application/dto_workspaces.py,app/kernel/dto_workspaces.py
mediapipeline_desktop_app.application.facade,app.application.utilities,DesktopApp/mediapipeline_desktop_app/application/facade.py,app/application/utilities.py
mediapipeline_desktop_app.application.facade,app.audit.facade,DesktopApp/mediapipeline_desktop_app/application/facade.py,app/audit/facade.py
mediapipeline_desktop_app.application.facade,app.completed.facade,DesktopApp/mediapipeline_desktop_app/application/facade.py,app/completed/facade.py
mediapipeline_desktop_app.application.facade,app.completed.open_facade,DesktopApp/mediapipeline_desktop_app/application/facade.py,app/completed/open_facade.py
mediapipeline_desktop_app.application.facade,app.config.settings_facade,DesktopApp/mediapipeline_desktop_app/application/facade.py,app/config/settings_facade.py
mediapipeline_desktop_app.application.facade,app.config.settings_helpers_facade,DesktopApp/mediapipeline_desktop_app/application/facade.py,app/config/settings_helpers_facade.py
mediapipeline_desktop_app.application.facade,app.config.settings_patch_candidate_facade,DesktopApp/mediapipeline_desktop_app/application/facade.py,app/config/settings_patch_candidate_facade.py
mediapipeline_desktop_app.application.facade,app.config.settings_risk_facade,DesktopApp/mediapipeline_desktop_app/application/facade.py,app/config/settings_risk_facade.py
mediapipeline_desktop_app.application.facade,app.config.settings_wizard_facade,DesktopApp/mediapipeline_desktop_app/application/facade.py,app/config/settings_wizard_facade.py
mediapipeline_desktop_app.application.facade,app.diagnostics.facade,DesktopApp/mediapipeline_desktop_app/application/facade.py,app/diagnostics/facade.py
mediapipeline_desktop_app.application.facade,app.failures.facade,DesktopApp/mediapipeline_desktop_app/application/facade.py,app/failures/facade.py
mediapipeline_desktop_app.application.facade,app.final_library.facade,DesktopApp/mediapipeline_desktop_app/application/facade.py,app/final_library/facade.py
mediapipeline_desktop_app.application.facade,app.maintenance.backfill_facade,DesktopApp/mediapipeline_desktop_app/application/facade.py,app/maintenance/backfill_facade.py
mediapipeline_desktop_app.application.facade,app.maintenance.commands_facade,DesktopApp/mediapipeline_desktop_app/application/facade.py,app/maintenance/commands_facade.py
mediapipeline_desktop_app.application.facade,app.maintenance.dependency_atlas_facade,DesktopApp/mediapipeline_desktop_app/application/facade.py,app/maintenance/dependency_atlas_facade.py
mediapipeline_desktop_app.application.facade,app.maintenance.facade,DesktopApp/mediapipeline_desktop_app/application/facade.py,app/maintenance/facade.py
mediapipeline_desktop_app.application.facade,app.maintenance.release_facade,DesktopApp/mediapipeline_desktop_app/application/facade.py,app/maintenance/release_facade.py
mediapipeline_desktop_app.application.facade,app.network.facade,DesktopApp/mediapipeline_desktop_app/application/facade.py,app/network/facade.py
mediapipeline_desktop_app.application.facade,app.orchestration.settings_patch_facade,DesktopApp/mediapipeline_desktop_app/application/facade.py,app/orchestration/settings_patch_facade.py
mediapipeline_desktop_app.application.facade,app.processes.audit_facade,DesktopApp/mediapipeline_desktop_app/application/facade.py,app/processes/audit_facade.py
mediapipeline_desktop_app.application.facade,app.processes.control_facade,DesktopApp/mediapipeline_desktop_app/application/facade.py,app/processes/control_facade.py
mediapipeline_desktop_app.application.facade,app.processes.guard_facade,DesktopApp/mediapipeline_desktop_app/application/facade.py,app/processes/guard_facade.py
mediapipeline_desktop_app.application.facade,app.processes.pipeline_facade,DesktopApp/mediapipeline_desktop_app/application/facade.py,app/processes/pipeline_facade.py
mediapipeline_desktop_app.application.facade,app.processes.preflight_facade,DesktopApp/mediapipeline_desktop_app/application/facade.py,app/processes/preflight_facade.py
mediapipeline_desktop_app.application.facade,app.processes.rerun_facade,DesktopApp/mediapipeline_desktop_app/application/facade.py,app/processes/rerun_facade.py
mediapipeline_desktop_app.application.facade,app.processes.schedule_facade,DesktopApp/mediapipeline_desktop_app/application/facade.py,app/processes/schedule_facade.py
mediapipeline_desktop_app.application.facade,app.publish.pending_facade,DesktopApp/mediapipeline_desktop_app/application/facade.py,app/publish/pending_facade.py
mediapipeline_desktop_app.application.facade,app.publish.reconciliation_facade,DesktopApp/mediapipeline_desktop_app/application/facade.py,app/publish/reconciliation_facade.py
mediapipeline_desktop_app.application.facade,app.queue.facade,DesktopApp/mediapipeline_desktop_app/application/facade.py,app/queue/facade.py
mediapipeline_desktop_app.application.facade,app.rename.facade,DesktopApp/mediapipeline_desktop_app/application/facade.py,app/rename/facade.py
mediapipeline_desktop_app.application.facade,app.sample_validation.facade,DesktopApp/mediapipeline_desktop_app/application/facade.py,app/sample_validation/facade.py
mediapipeline_desktop_app.application.facade,app.schedule.facade,DesktopApp/mediapipeline_desktop_app/application/facade.py,app/schedule/facade.py
mediapipeline_desktop_app.application.facade,app.status.facade,DesktopApp/mediapipeline_desktop_app/application/facade.py,app/status/facade.py
mediapipeline_desktop_app.application.facade,mediapipeline_desktop_app,DesktopApp/mediapipeline_desktop_app/application/facade.py,DesktopApp/mediapipeline_desktop_app/__init__.py
mediapipeline_desktop_app.application.facade,mediapipeline_desktop_app.application.schedule_stop_watcher,DesktopApp/mediapipeline_desktop_app/application/facade.py,DesktopApp/mediapipeline_desktop_app/application/schedule_stop_watcher.py
mediapipeline_desktop_app.application.runtime_outcomes,app.observability.runtime_outcomes,DesktopApp/mediapipeline_desktop_app/application/runtime_outcomes.py,app/observability/runtime_outcomes.py
mediapipeline_desktop_app.application.sample_validation,mediapipeline_desktop_app.application.sample_validation.evidence,DesktopApp/mediapipeline_desktop_app/application/sample_validation/__init__.py,DesktopApp/mediapipeline_desktop_app/application/sample_validation/evidence.py
mediapipeline_desktop_app.application.sample_validation,mediapipeline_desktop_app.application.sample_validation.log_payload,DesktopApp/mediapipeline_desktop_app/application/sample_validation/__init__.py,DesktopApp/mediapipeline_desktop_app/application/sample_validation/log_payload.py
mediapipeline_desktop_app.application.sample_validation,mediapipeline_desktop_app.application.sample_validation.pilot_plan,DesktopApp/mediapipeline_desktop_app/application/sample_validation/__init__.py,DesktopApp/mediapipeline_desktop_app/application/sample_validation/pilot_plan.py
mediapipeline_desktop_app.application.sample_validation,mediapipeline_desktop_app.application.sample_validation.policy_alignment,DesktopApp/mediapipeline_desktop_app/application/sample_validation/__init__.py,DesktopApp/mediapipeline_desktop_app/application/sample_validation/policy_alignment.py
mediapipeline_desktop_app.application.sample_validation,mediapipeline_desktop_app.application.sample_validation.readiness,DesktopApp/mediapipeline_desktop_app/application/sample_validation/__init__.py,DesktopApp/mediapipeline_desktop_app/application/sample_validation/readiness.py
mediapipeline_desktop_app.application.sample_validation,mediapipeline_desktop_app.application.sample_validation.reconciliation,DesktopApp/mediapipeline_desktop_app/application/sample_validation/__init__.py,DesktopApp/mediapipeline_desktop_app/application/sample_validation/reconciliation.py
mediapipeline_desktop_app.application.sample_validation,mediapipeline_desktop_app.application.sample_validation.summary,DesktopApp/mediapipeline_desktop_app/application/sample_validation/__init__.py,DesktopApp/mediapipeline_desktop_app/application/sample_validation/summary.py
mediapipeline_desktop_app.application.sample_validation,mediapipeline_desktop_app.application.sample_validation.worksheet,DesktopApp/mediapipeline_desktop_app/application/sample_validation/__init__.py,DesktopApp/mediapipeline_desktop_app/application/sample_validation/worksheet.py
mediapipeline_desktop_app.application.sample_validation.evidence,mediapipeline_desktop_app.application.sample_validation.readiness,DesktopApp/mediapipeline_desktop_app/application/sample_validation/evidence.py,DesktopApp/mediapipeline_desktop_app/application/sample_validation/readiness.py
mediapipeline_desktop_app.application.sample_validation.log_payload,mediapipeline_desktop_app.application.sample_validation.pilot_plan,DesktopApp/mediapipeline_desktop_app/application/sample_validation/log_payload.py,DesktopApp/mediapipeline_desktop_app/application/sample_validation/pilot_plan.py
mediapipeline_desktop_app.application.sample_validation.log_payload,mediapipeline_desktop_app.application.sample_validation.policy_alignment,DesktopApp/mediapipeline_desktop_app/application/sample_validation/log_payload.py,DesktopApp/mediapipeline_desktop_app/application/sample_validation/policy_alignment.py
mediapipeline_desktop_app.application.sample_validation.log_payload,mediapipeline_desktop_app.application.sample_validation.readiness,DesktopApp/mediapipeline_desktop_app/application/sample_validation/log_payload.py,DesktopApp/mediapipeline_desktop_app/application/sample_validation/readiness.py
mediapipeline_desktop_app.application.sample_validation.log_payload,mediapipeline_desktop_app.application.sample_validation.reconciliation,DesktopApp/mediapipeline_desktop_app/application/sample_validation/log_payload.py,DesktopApp/mediapipeline_desktop_app/application/sample_validation/reconciliation.py
mediapipeline_desktop_app.application.sample_validation.log_payload,mediapipeline_desktop_app.application.sample_validation.record,DesktopApp/mediapipeline_desktop_app/application/sample_validation/log_payload.py,DesktopApp/mediapipeline_desktop_app/application/sample_validation/record.py
mediapipeline_desktop_app.application.sample_validation.log_payload,mediapipeline_desktop_app.application.sample_validation.summary,DesktopApp/mediapipeline_desktop_app/application/sample_validation/log_payload.py,DesktopApp/mediapipeline_desktop_app/application/sample_validation/summary.py
mediapipeline_desktop_app.application.sample_validation.log_payload,mediapipeline_desktop_app.application.sample_validation.worksheet,DesktopApp/mediapipeline_desktop_app/application/sample_validation/log_payload.py,DesktopApp/mediapipeline_desktop_app/application/sample_validation/worksheet.py
mediapipeline_desktop_app.application.sample_validation.log_payload,mediapipeline_desktop_app.models,DesktopApp/mediapipeline_desktop_app/application/sample_validation/log_payload.py,DesktopApp/mediapipeline_desktop_app/models.py
mediapipeline_desktop_app.application.sample_validation.pilot_plan,mediapipeline_desktop_app.application.sample_validation.readiness,DesktopApp/mediapipeline_desktop_app/application/sample_validation/pilot_plan.py,DesktopApp/mediapipeline_desktop_app/application/sample_validation/readiness.py
mediapipeline_desktop_app.application.sample_validation.pilot_plan,mediapipeline_desktop_app.application.sample_validation.worksheet,DesktopApp/mediapipeline_desktop_app/application/sample_validation/pilot_plan.py,DesktopApp/mediapipeline_desktop_app/application/sample_validation/worksheet.py
mediapipeline_desktop_app.application.sample_validation.policy_alignment,mediapipeline_desktop_app.application.sample_validation.pilot_plan,DesktopApp/mediapipeline_desktop_app/application/sample_validation/policy_alignment.py,DesktopApp/mediapipeline_desktop_app/application/sample_validation/pilot_plan.py
mediapipeline_desktop_app.application.sample_validation.policy_alignment,mediapipeline_desktop_app.application.settings_risk_policy,DesktopApp/mediapipeline_desktop_app/application/sample_validation/policy_alignment.py,DesktopApp/mediapipeline_desktop_app/application/settings_risk_policy.py
mediapipeline_desktop_app.application.sample_validation.policy_alignment,mediapipeline_desktop_app.config_keys,DesktopApp/mediapipeline_desktop_app/application/sample_validation/policy_alignment.py,DesktopApp/mediapipeline_desktop_app/config_keys.py
mediapipeline_desktop_app.application.sample_validation.policy_alignment,mediapipeline_desktop_app.models,DesktopApp/mediapipeline_desktop_app/application/sample_validation/policy_alignment.py,DesktopApp/mediapipeline_desktop_app/models.py
mediapipeline_desktop_app.application.sample_validation.readiness,mediapipeline_desktop_app.config_keys,DesktopApp/mediapipeline_desktop_app/application/sample_validation/readiness.py,DesktopApp/mediapipeline_desktop_app/config_keys.py
mediapipeline_desktop_app.application.sample_validation.readiness,mediapipeline_desktop_app.models,DesktopApp/mediapipeline_desktop_app/application/sample_validation/readiness.py,DesktopApp/mediapipeline_desktop_app/models.py
mediapipeline_desktop_app.application.sample_validation.reconciliation,mediapipeline_desktop_app.models,DesktopApp/mediapipeline_desktop_app/application/sample_validation/reconciliation.py,DesktopApp/mediapipeline_desktop_app/models.py
mediapipeline_desktop_app.application.sample_validation.record,mediapipeline_desktop_app.application.sample_validation.evidence,DesktopApp/mediapipeline_desktop_app/application/sample_validation/record.py,DesktopApp/mediapipeline_desktop_app/application/sample_validation/evidence.py
mediapipeline_desktop_app.application.sample_validation.record,mediapipeline_desktop_app.application.sample_validation.pilot_plan,DesktopApp/mediapipeline_desktop_app/application/sample_validation/record.py,DesktopApp/mediapipeline_desktop_app/application/sample_validation/pilot_plan.py
mediapipeline_desktop_app.application.sample_validation.record,mediapipeline_desktop_app.application.sample_validation.summary,DesktopApp/mediapipeline_desktop_app/application/sample_validation/record.py,DesktopApp/mediapipeline_desktop_app/application/sample_validation/summary.py
mediapipeline_desktop_app.application.sample_validation.record,mediapipeline_desktop_app.config_keys,DesktopApp/mediapipeline_desktop_app/application/sample_validation/record.py,DesktopApp/mediapipeline_desktop_app/config_keys.py
mediapipeline_desktop_app.application.sample_validation.record,mediapipeline_desktop_app.models,DesktopApp/mediapipeline_desktop_app/application/sample_validation/record.py,DesktopApp/mediapipeline_desktop_app/models.py
mediapipeline_desktop_app.application.sample_validation.summary,mediapipeline_desktop_app.application.sample_validation.evidence,DesktopApp/mediapipeline_desktop_app/application/sample_validation/summary.py,DesktopApp/mediapipeline_desktop_app/application/sample_validation/evidence.py
mediapipeline_desktop_app.application.sample_validation.worksheet,mediapipeline_desktop_app.models,DesktopApp/mediapipeline_desktop_app/application/sample_validation/worksheet.py,DesktopApp/mediapipeline_desktop_app/models.py
mediapipeline_desktop_app.application.schedule_stop_watcher,mediapipeline_desktop_app.models,DesktopApp/mediapipeline_desktop_app/application/schedule_stop_watcher.py,DesktopApp/mediapipeline_desktop_app/models.py
mediapipeline_desktop_app.application.settings_risk_policy,app.config.metadata,DesktopApp/mediapipeline_desktop_app/application/settings_risk_policy.py,app/config/metadata.py
mediapipeline_desktop_app.application.settings_risk_policy,mediapipeline_desktop_app.application.settings_risk_policy_rules,DesktopApp/mediapipeline_desktop_app/application/settings_risk_policy.py,DesktopApp/mediapipeline_desktop_app/application/settings_risk_policy_rules.py
mediapipeline_desktop_app.application.settings_risk_policy,mediapipeline_desktop_app.config_keys,DesktopApp/mediapipeline_desktop_app/application/settings_risk_policy.py,DesktopApp/mediapipeline_desktop_app/config_keys.py
mediapipeline_desktop_app.config_keys,app.kernel.config_keys,DesktopApp/mediapipeline_desktop_app/config_keys.py,app/kernel/config_keys.py
mediapipeline_desktop_app.contracts,app.kernel.contracts,DesktopApp/mediapipeline_desktop_app/contracts/__init__.py,app/kernel/contracts/__init__.py
mediapipeline_desktop_app.contracts.active_job,app.kernel.contracts.active_job,DesktopApp/mediapipeline_desktop_app/contracts/active_job.py,app/kernel/contracts/active_job.py
mediapipeline_desktop_app.contracts.base,app.kernel.contracts.base,DesktopApp/mediapipeline_desktop_app/contracts/base.py,app/kernel/contracts/base.py
mediapipeline_desktop_app.contracts.completed_job,app.kernel.contracts.completed_job,DesktopApp/mediapipeline_desktop_app/contracts/completed_job.py,app/kernel/contracts/completed_job.py
mediapipeline_desktop_app.contracts.control_flag,app.kernel.contracts.control_flag,DesktopApp/mediapipeline_desktop_app/contracts/control_flag.py,app/kernel/contracts/control_flag.py
mediapipeline_desktop_app.contracts.pending_publish,app.kernel.contracts.pending_publish,DesktopApp/mediapipeline_desktop_app/contracts/pending_publish.py,app/kernel/contracts/pending_publish.py
mediapipeline_desktop_app.contracts.pipeline_events,app.kernel.contracts.pipeline_events,DesktopApp/mediapipeline_desktop_app/contracts/pipeline_events.py,app/kernel/contracts/pipeline_events.py
mediapipeline_desktop_app.contracts.process_result,app.kernel.contracts.process_result,DesktopApp/mediapipeline_desktop_app/contracts/process_result.py,app/kernel/contracts/process_result.py
mediapipeline_desktop_app.contracts.progress,app.kernel.contracts.progress,DesktopApp/mediapipeline_desktop_app/contracts/progress.py,app/kernel/contracts/progress.py
mediapipeline_desktop_app.contracts.queue_snapshot,app.kernel.contracts.queue_snapshot,DesktopApp/mediapipeline_desktop_app/contracts/queue_snapshot.py,app/kernel/contracts/queue_snapshot.py
mediapipeline_desktop_app.local_api_main,app.config.identity,DesktopApp/mediapipeline_desktop_app/local_api_main.py,app/config/identity.py
mediapipeline_desktop_app.local_api_main,app.config.recovery,DesktopApp/mediapipeline_desktop_app/local_api_main.py,app/config/recovery.py
mediapipeline_desktop_app.local_api_main,mediapipeline_desktop_app.api,DesktopApp/mediapipeline_desktop_app/local_api_main.py,DesktopApp/mediapipeline_desktop_app/api/__init__.py
mediapipeline_desktop_app.local_api_main,mediapipeline_desktop_app.api.http_helpers,DesktopApp/mediapipeline_desktop_app/local_api_main.py,DesktopApp/mediapipeline_desktop_app/api/http_helpers.py
mediapipeline_desktop_app.local_api_main,mediapipeline_desktop_app.application,DesktopApp/mediapipeline_desktop_app/local_api_main.py,DesktopApp/mediapipeline_desktop_app/application/__init__.py
mediapipeline_desktop_app.local_api_main,mediapipeline_desktop_app.backend_bootstrap,DesktopApp/mediapipeline_desktop_app/local_api_main.py,DesktopApp/mediapipeline_desktop_app/backend_bootstrap.py
mediapipeline_desktop_app.local_api_main,mediapipeline_desktop_app.models,DesktopApp/mediapipeline_desktop_app/local_api_main.py,DesktopApp/mediapipeline_desktop_app/models.py
mediapipeline_desktop_app.local_api_main,mediapipeline_desktop_app.services,DesktopApp/mediapipeline_desktop_app/local_api_main.py,DesktopApp/mediapipeline_desktop_app/services.py
mediapipeline_desktop_app.models,app.kernel.models,DesktopApp/mediapipeline_desktop_app/models.py,app/kernel/models.py
mediapipeline_desktop_app.models_core,app.kernel.models_core,DesktopApp/mediapipeline_desktop_app/models_core.py,app/kernel/models_core.py
mediapipeline_desktop_app.models_media_paths,app.kernel.models_media_paths,DesktopApp/mediapipeline_desktop_app/models_media_paths.py,app/kernel/models_media_paths.py
mediapipeline_desktop_app.network,mediapipeline_desktop_app,DesktopApp/mediapipeline_desktop_app/network/__init__.py,DesktopApp/mediapipeline_desktop_app/__init__.py
mediapipeline_desktop_app.network,mediapipeline_desktop_app.config_keys,DesktopApp/mediapipeline_desktop_app/network/__init__.py,DesktopApp/mediapipeline_desktop_app/config_keys.py
mediapipeline_desktop_app.network,mediapipeline_desktop_app.network.coordinator,DesktopApp/mediapipeline_desktop_app/network/__init__.py,DesktopApp/mediapipeline_desktop_app/network/coordinator.py
mediapipeline_desktop_app.network,mediapipeline_desktop_app.network.dispatcher,DesktopApp/mediapipeline_desktop_app/network/__init__.py,DesktopApp/mediapipeline_desktop_app/network/dispatcher.py
mediapipeline_desktop_app.network,mediapipeline_desktop_app.network.standalone,DesktopApp/mediapipeline_desktop_app/network/__init__.py,DesktopApp/mediapipeline_desktop_app/network/standalone.py
mediapipeline_desktop_app.network,mediapipeline_desktop_app.network.worker,DesktopApp/mediapipeline_desktop_app/network/__init__.py,DesktopApp/mediapipeline_desktop_app/network/worker.py
mediapipeline_desktop_app.network.cluster_log,mediapipeline_desktop_app.network.protocol,DesktopApp/mediapipeline_desktop_app/network/cluster_log.py,DesktopApp/mediapipeline_desktop_app/network/protocol.py
mediapipeline_desktop_app.network.coordinator,mediapipeline_desktop_app,DesktopApp/mediapipeline_desktop_app/network/coordinator.py,DesktopApp/mediapipeline_desktop_app/__init__.py
mediapipeline_desktop_app.network.coordinator,mediapipeline_desktop_app.config_keys,DesktopApp/mediapipeline_desktop_app/network/coordinator.py,DesktopApp/mediapipeline_desktop_app/config_keys.py
mediapipeline_desktop_app.network.coordinator,mediapipeline_desktop_app.network.auth,DesktopApp/mediapipeline_desktop_app/network/coordinator.py,DesktopApp/mediapipeline_desktop_app/network/auth.py
mediapipeline_desktop_app.network.coordinator,mediapipeline_desktop_app.network.cluster_log,DesktopApp/mediapipeline_desktop_app/network/coordinator.py,DesktopApp/mediapipeline_desktop_app/network/cluster_log.py
mediapipeline_desktop_app.network.coordinator,mediapipeline_desktop_app.network.coordinator_http,DesktopApp/mediapipeline_desktop_app/network/coordinator.py,DesktopApp/mediapipeline_desktop_app/network/coordinator_http.py
mediapipeline_desktop_app.network.coordinator,mediapipeline_desktop_app.network.coordinator_parts.http_server,DesktopApp/mediapipeline_desktop_app/network/coordinator.py,DesktopApp/mediapipeline_desktop_app/network/coordinator_parts/http_server.py
mediapipeline_desktop_app.network.coordinator,mediapipeline_desktop_app.network.coordinator_policy,DesktopApp/mediapipeline_desktop_app/network/coordinator.py,DesktopApp/mediapipeline_desktop_app/network/coordinator_policy.py
mediapipeline_desktop_app.network.coordinator,mediapipeline_desktop_app.network.dispatcher,DesktopApp/mediapipeline_desktop_app/network/coordinator.py,DesktopApp/mediapipeline_desktop_app/network/dispatcher.py
mediapipeline_desktop_app.network.coordinator,mediapipeline_desktop_app.network.encode_config_snapshot,DesktopApp/mediapipeline_desktop_app/network/coordinator.py,DesktopApp/mediapipeline_desktop_app/network/encode_config_snapshot.py
mediapipeline_desktop_app.network.coordinator,mediapipeline_desktop_app.network.failure_policy,DesktopApp/mediapipeline_desktop_app/network/coordinator.py,DesktopApp/mediapipeline_desktop_app/network/failure_policy.py
mediapipeline_desktop_app.network.coordinator,mediapipeline_desktop_app.network.identity,DesktopApp/mediapipeline_desktop_app/network/coordinator.py,DesktopApp/mediapipeline_desktop_app/network/identity.py
mediapipeline_desktop_app.network.coordinator,mediapipeline_desktop_app.network.json_policy,DesktopApp/mediapipeline_desktop_app/network/coordinator.py,DesktopApp/mediapipeline_desktop_app/network/json_policy.py
mediapipeline_desktop_app.network.coordinator,mediapipeline_desktop_app.network.mdns,DesktopApp/mediapipeline_desktop_app/network/coordinator.py,DesktopApp/mediapipeline_desktop_app/network/mdns.py
mediapipeline_desktop_app.network.coordinator,mediapipeline_desktop_app.network.protocol,DesktopApp/mediapipeline_desktop_app/network/coordinator.py,DesktopApp/mediapipeline_desktop_app/network/protocol.py
mediapipeline_desktop_app.network.coordinator,mediapipeline_desktop_app.network.registry,DesktopApp/mediapipeline_desktop_app/network/coordinator.py,DesktopApp/mediapipeline_desktop_app/network/registry.py
mediapipeline_desktop_app.network.coordinator,mediapipeline_desktop_app.network.use_cases.done_outcome,DesktopApp/mediapipeline_desktop_app/network/coordinator.py,DesktopApp/mediapipeline_desktop_app/network/use_cases/done_outcome.py
mediapipeline_desktop_app.network.coordinator_parts.http_server,mediapipeline_desktop_app.network.coordinator,DesktopApp/mediapipeline_desktop_app/network/coordinator_parts/http_server.py,DesktopApp/mediapipeline_desktop_app/network/coordinator.py
mediapipeline_desktop_app.network.coordinator_parts.http_server,mediapipeline_desktop_app.network.coordinator_http,DesktopApp/mediapipeline_desktop_app/network/coordinator_parts/http_server.py,DesktopApp/mediapipeline_desktop_app/network/coordinator_http.py
mediapipeline_desktop_app.network.coordinator_policy,mediapipeline_desktop_app.config_keys,DesktopApp/mediapipeline_desktop_app/network/coordinator_policy.py,DesktopApp/mediapipeline_desktop_app/config_keys.py
mediapipeline_desktop_app.network.dispatcher,mediapipeline_desktop_app.models,DesktopApp/mediapipeline_desktop_app/network/dispatcher.py,DesktopApp/mediapipeline_desktop_app/models.py
mediapipeline_desktop_app.network.encode_config_snapshot,mediapipeline_desktop_app.config_keys,DesktopApp/mediapipeline_desktop_app/network/encode_config_snapshot.py,DesktopApp/mediapipeline_desktop_app/config_keys.py
mediapipeline_desktop_app.network.encode_config_snapshot,mediapipeline_desktop_app.network.json_policy,DesktopApp/mediapipeline_desktop_app/network/encode_config_snapshot.py,DesktopApp/mediapipeline_desktop_app/network/json_policy.py
mediapipeline_desktop_app.network.http_json,mediapipeline_desktop_app.network.json_policy,DesktopApp/mediapipeline_desktop_app/network/http_json.py,DesktopApp/mediapipeline_desktop_app/network/json_policy.py
mediapipeline_desktop_app.network.mdns,mediapipeline_desktop_app.network.local_ip,DesktopApp/mediapipeline_desktop_app/network/mdns.py,DesktopApp/mediapipeline_desktop_app/network/local_ip.py
mediapipeline_desktop_app.network.path_map,mediapipeline_desktop_app.network.json_policy,DesktopApp/mediapipeline_desktop_app/network/path_map.py,DesktopApp/mediapipeline_desktop_app/network/json_policy.py
mediapipeline_desktop_app.network.probe,mediapipeline_desktop_app.network.auth,DesktopApp/mediapipeline_desktop_app/network/probe.py,DesktopApp/mediapipeline_desktop_app/network/auth.py
mediapipeline_desktop_app.network.registry,mediapipeline_desktop_app.network.json_policy,DesktopApp/mediapipeline_desktop_app/network/registry.py,DesktopApp/mediapipeline_desktop_app/network/json_policy.py
mediapipeline_desktop_app.network.registry,mediapipeline_desktop_app.network.protocol,DesktopApp/mediapipeline_desktop_app/network/registry.py,DesktopApp/mediapipeline_desktop_app/network/protocol.py
mediapipeline_desktop_app.network.share_block,mediapipeline_desktop_app.network.coordinator_policy,DesktopApp/mediapipeline_desktop_app/network/share_block.py,DesktopApp/mediapipeline_desktop_app/network/coordinator_policy.py
mediapipeline_desktop_app.network.standalone,mediapipeline_desktop_app,DesktopApp/mediapipeline_desktop_app/network/standalone.py,DesktopApp/mediapipeline_desktop_app/__init__.py
mediapipeline_desktop_app.network.standalone,mediapipeline_desktop_app.network.dispatcher,DesktopApp/mediapipeline_desktop_app/network/standalone.py,DesktopApp/mediapipeline_desktop_app/network/dispatcher.py
mediapipeline_desktop_app.network.worker,mediapipeline_desktop_app,DesktopApp/mediapipeline_desktop_app/network/worker.py,DesktopApp/mediapipeline_desktop_app/__init__.py
mediapipeline_desktop_app.network.worker,mediapipeline_desktop_app.config_keys,DesktopApp/mediapipeline_desktop_app/network/worker.py,DesktopApp/mediapipeline_desktop_app/config_keys.py
mediapipeline_desktop_app.network.worker,mediapipeline_desktop_app.network.auth,DesktopApp/mediapipeline_desktop_app/network/worker.py,DesktopApp/mediapipeline_desktop_app/network/auth.py
mediapipeline_desktop_app.network.worker,mediapipeline_desktop_app.network.coordinator_url,DesktopApp/mediapipeline_desktop_app/network/worker.py,DesktopApp/mediapipeline_desktop_app/network/coordinator_url.py
mediapipeline_desktop_app.network.worker,mediapipeline_desktop_app.network.diagnostics,DesktopApp/mediapipeline_desktop_app/network/worker.py,DesktopApp/mediapipeline_desktop_app/network/diagnostics.py
mediapipeline_desktop_app.network.worker,mediapipeline_desktop_app.network.dispatcher,DesktopApp/mediapipeline_desktop_app/network/worker.py,DesktopApp/mediapipeline_desktop_app/network/dispatcher.py
mediapipeline_desktop_app.network.worker,mediapipeline_desktop_app.network.http_json,DesktopApp/mediapipeline_desktop_app/network/worker.py,DesktopApp/mediapipeline_desktop_app/network/http_json.py
mediapipeline_desktop_app.network.worker,mediapipeline_desktop_app.network.path_map,DesktopApp/mediapipeline_desktop_app/network/worker.py,DesktopApp/mediapipeline_desktop_app/network/path_map.py
mediapipeline_desktop_app.network.worker,mediapipeline_desktop_app.network.poll_policy,DesktopApp/mediapipeline_desktop_app/network/worker.py,DesktopApp/mediapipeline_desktop_app/network/poll_policy.py
mediapipeline_desktop_app.network.worker,mediapipeline_desktop_app.network.protocol,DesktopApp/mediapipeline_desktop_app/network/worker.py,DesktopApp/mediapipeline_desktop_app/network/protocol.py
mediapipeline_desktop_app.network.worker,mediapipeline_desktop_app.network.worker_done,DesktopApp/mediapipeline_desktop_app/network/worker.py,DesktopApp/mediapipeline_desktop_app/network/worker_done.py
mediapipeline_desktop_app.network.worker,mediapipeline_desktop_app.network.worker_parts.reporting,DesktopApp/mediapipeline_desktop_app/network/worker.py,DesktopApp/mediapipeline_desktop_app/network/worker_parts/reporting.py
mediapipeline_desktop_app.network.worker,mediapipeline_desktop_app.network.worker_parts.results,DesktopApp/mediapipeline_desktop_app/network/worker.py,DesktopApp/mediapipeline_desktop_app/network/worker_parts/results.py
mediapipeline_desktop_app.network.worker,mediapipeline_desktop_app.network.worker_parts.state_reports,DesktopApp/mediapipeline_desktop_app/network/worker.py,DesktopApp/mediapipeline_desktop_app/network/worker_parts/state_reports.py
mediapipeline_desktop_app.network.worker,mediapipeline_desktop_app.network.worker_parts.tasks,DesktopApp/mediapipeline_desktop_app/network/worker.py,DesktopApp/mediapipeline_desktop_app/network/worker_parts/tasks.py
mediapipeline_desktop_app.network.worker,mediapipeline_desktop_app.network.worker_record,DesktopApp/mediapipeline_desktop_app/network/worker.py,DesktopApp/mediapipeline_desktop_app/network/worker_record.py
mediapipeline_desktop_app.network.worker,mediapipeline_desktop_app.network.worker_state,DesktopApp/mediapipeline_desktop_app/network/worker.py,DesktopApp/mediapipeline_desktop_app/network/worker_state.py
mediapipeline_desktop_app.network.worker_done,mediapipeline_desktop_app.network.protocol,DesktopApp/mediapipeline_desktop_app/network/worker_done.py,DesktopApp/mediapipeline_desktop_app/network/protocol.py
mediapipeline_desktop_app.network.worker_parts.tasks,mediapipeline_desktop_app.network.dispatcher,DesktopApp/mediapipeline_desktop_app/network/worker_parts/tasks.py,DesktopApp/mediapipeline_desktop_app/network/dispatcher.py
mediapipeline_desktop_app.network.worker_parts.tasks,mediapipeline_desktop_app.network.protocol,DesktopApp/mediapipeline_desktop_app/network/worker_parts/tasks.py,DesktopApp/mediapipeline_desktop_app/network/protocol.py
mediapipeline_desktop_app.network.worker_record,mediapipeline_desktop_app.models,DesktopApp/mediapipeline_desktop_app/network/worker_record.py,DesktopApp/mediapipeline_desktop_app/models.py
mediapipeline_desktop_app.network.worker_record,mediapipeline_desktop_app.network.protocol,DesktopApp/mediapipeline_desktop_app/network/worker_record.py,DesktopApp/mediapipeline_desktop_app/network/protocol.py
mediapipeline_desktop_app.network.worker_state,mediapipeline_desktop_app.network.json_policy,DesktopApp/mediapipeline_desktop_app/network/worker_state.py,DesktopApp/mediapipeline_desktop_app/network/json_policy.py
mediapipeline_desktop_app.services,app.audit.rerun_service,DesktopApp/mediapipeline_desktop_app/services.py,app/audit/rerun_service.py
mediapipeline_desktop_app.services,app.completed.service,DesktopApp/mediapipeline_desktop_app/services.py,app/completed/service.py
mediapipeline_desktop_app.services,app.config.constants,DesktopApp/mediapipeline_desktop_app/services.py,app/config/constants.py
mediapipeline_desktop_app.services,app.config.service,DesktopApp/mediapipeline_desktop_app/services.py,app/config/service.py
mediapipeline_desktop_app.services,app.contracts.config,DesktopApp/mediapipeline_desktop_app/services.py,app/contracts/config.py
mediapipeline_desktop_app.services,app.failures.cleanup_service,DesktopApp/mediapipeline_desktop_app/services.py,app/failures/cleanup_service.py
mediapipeline_desktop_app.services,app.failures.constants,DesktopApp/mediapipeline_desktop_app/services.py,app/failures/constants.py
mediapipeline_desktop_app.services,app.files.constants,DesktopApp/mediapipeline_desktop_app/services.py,app/files/constants.py
mediapipeline_desktop_app.services,app.files.opening,DesktopApp/mediapipeline_desktop_app/services.py,app/files/opening.py
mediapipeline_desktop_app.services,app.final_library.service,DesktopApp/mediapipeline_desktop_app/services.py,app/final_library/service.py
mediapipeline_desktop_app.services,app.folder_policy.service,DesktopApp/mediapipeline_desktop_app/services.py,app/folder_policy/service.py
mediapipeline_desktop_app.services,app.maintenance.dependency_atlas,DesktopApp/mediapipeline_desktop_app/services.py,app/maintenance/dependency_atlas.py
mediapipeline_desktop_app.services,app.maintenance.release,DesktopApp/mediapipeline_desktop_app/services.py,app/maintenance/release.py
mediapipeline_desktop_app.services,app.paths.service,DesktopApp/mediapipeline_desktop_app/services.py,app/paths/service.py
mediapipeline_desktop_app.services,app.processes.constants,DesktopApp/mediapipeline_desktop_app/services.py,app/processes/constants.py
mediapipeline_desktop_app.services,app.processes.lifecycle,DesktopApp/mediapipeline_desktop_app/services.py,app/processes/lifecycle.py
mediapipeline_desktop_app.services,app.publish.pending_service,DesktopApp/mediapipeline_desktop_app/services.py,app/publish/pending_service.py
mediapipeline_desktop_app.services,app.queue.service,DesktopApp/mediapipeline_desktop_app/services.py,app/queue/service.py
mediapipeline_desktop_app.services,app.rename.constants,DesktopApp/mediapipeline_desktop_app/services.py,app/rename/constants.py
mediapipeline_desktop_app.services,app.rename.service,DesktopApp/mediapipeline_desktop_app/services.py,app/rename/service.py
mediapipeline_desktop_app.services,app.schedule.app_state,DesktopApp/mediapipeline_desktop_app/services.py,app/schedule/app_state.py
mediapipeline_desktop_app.services,app.status.service,DesktopApp/mediapipeline_desktop_app/services.py,app/status/service.py
mediapipeline_desktop_app.services,app.storage.constants,DesktopApp/mediapipeline_desktop_app/services.py,app/storage/constants.py
mediapipeline_desktop_app.services,app.telemetry.service,DesktopApp/mediapipeline_desktop_app/services.py,app/telemetry/service.py
mediapipeline_desktop_app.services,mediapipeline_desktop_app.models,DesktopApp/mediapipeline_desktop_app/services.py,DesktopApp/mediapipeline_desktop_app/models.py
mediapipeline_desktop_app.subprocess_runner,app.kernel.runtime.subprocess_runner,DesktopApp/mediapipeline_desktop_app/subprocess_runner.py,app/kernel/runtime/subprocess_runner.py
mediapipeline_desktop_app.webview_settings_live_smoke,app.storage.state_migration,DesktopApp/mediapipeline_desktop_app/webview_settings_live_smoke.py,app/storage/state_migration.py
mediapipeline_desktop_app.webview_settings_live_smoke,mediapipeline_desktop_app.api,DesktopApp/mediapipeline_desktop_app/webview_settings_live_smoke.py,DesktopApp/mediapipeline_desktop_app/api/__init__.py
mediapipeline_desktop_app.webview_settings_live_smoke,mediapipeline_desktop_app.application,DesktopApp/mediapipeline_desktop_app/webview_settings_live_smoke.py,DesktopApp/mediapipeline_desktop_app/application/__init__.py
mediapipeline_desktop_app.webview_settings_live_smoke,mediapipeline_desktop_app.config_keys,DesktopApp/mediapipeline_desktop_app/webview_settings_live_smoke.py,DesktopApp/mediapipeline_desktop_app/config_keys.py
mediapipeline_desktop_app.webview_settings_live_smoke,mediapipeline_desktop_app.models,DesktopApp/mediapipeline_desktop_app/webview_settings_live_smoke.py,DesktopApp/mediapipeline_desktop_app/models.py
mediapipeline_desktop_app.webview_settings_live_smoke,mediapipeline_desktop_app.services,DesktopApp/mediapipeline_desktop_app/webview_settings_live_smoke.py,DesktopApp/mediapipeline_desktop_app/services.py
mediapipeline_desktop_app.webview_settings_patch_smoke,mediapipeline_desktop_app.api,DesktopApp/mediapipeline_desktop_app/webview_settings_patch_smoke.py,DesktopApp/mediapipeline_desktop_app/api/__init__.py
mediapipeline_desktop_app.webview_settings_patch_smoke,mediapipeline_desktop_app.application,DesktopApp/mediapipeline_desktop_app/webview_settings_patch_smoke.py,DesktopApp/mediapipeline_desktop_app/application/__init__.py
mediapipeline_desktop_app.webview_settings_patch_smoke,mediapipeline_desktop_app.config_keys,DesktopApp/mediapipeline_desktop_app/webview_settings_patch_smoke.py,DesktopApp/mediapipeline_desktop_app/config_keys.py
mediapipeline_desktop_app.webview_settings_patch_smoke,mediapipeline_desktop_app.models,DesktopApp/mediapipeline_desktop_app/webview_settings_patch_smoke.py,DesktopApp/mediapipeline_desktop_app/models.py
mediapipeline_desktop_app.webview_settings_patch_smoke,mediapipeline_desktop_app.services,DesktopApp/mediapipeline_desktop_app/webview_settings_patch_smoke.py,DesktopApp/mediapipeline_desktop_app/services.py
mediapipeline_desktop_app.webview_settings_patch_smoke,mediapipeline_desktop_app.webview_settings_live_smoke,DesktopApp/mediapipeline_desktop_app/webview_settings_patch_smoke.py,DesktopApp/mediapipeline_desktop_app/webview_settings_live_smoke.py
