source_module,target_module,source_path,target_path
mediapipeline.contracts.api_commands,mediapipeline.contracts.source_media,src/mediapipeline/contracts/api_commands.py,src/mediapipeline/contracts/source_media.py
mediapipeline.contracts.api_routes,mediapipeline.contracts.api_routes_command,src/mediapipeline/contracts/api_routes.py,src/mediapipeline/contracts/api_routes_command.py
mediapipeline.contracts.api_routes,mediapipeline.contracts.api_routes_read,src/mediapipeline/contracts/api_routes.py,src/mediapipeline/contracts/api_routes_read.py
mediapipeline.contracts.api_routes,mediapipeline.contracts.api_routes_shared,src/mediapipeline/contracts/api_routes.py,src/mediapipeline/contracts/api_routes_shared.py
mediapipeline.contracts.api_routes_command,mediapipeline.contracts.api_routes_command_file,src/mediapipeline/contracts/api_routes_command.py,src/mediapipeline/contracts/api_routes_command_file.py
mediapipeline.contracts.api_routes_command,mediapipeline.contracts.api_routes_command_network,src/mediapipeline/contracts/api_routes_command.py,src/mediapipeline/contracts/api_routes_command_network.py
mediapipeline.contracts.api_routes_command,mediapipeline.contracts.api_routes_command_operations,src/mediapipeline/contracts/api_routes_command.py,src/mediapipeline/contracts/api_routes_command_operations.py
mediapipeline.contracts.api_routes_command,mediapipeline.contracts.api_routes_command_process,src/mediapipeline/contracts/api_routes_command.py,src/mediapipeline/contracts/api_routes_command_process.py
mediapipeline.contracts.api_routes_command,mediapipeline.contracts.api_routes_command_settings_ui,src/mediapipeline/contracts/api_routes_command.py,src/mediapipeline/contracts/api_routes_command_settings_ui.py
mediapipeline.contracts.api_routes_command_operations,mediapipeline.contracts.api_commands,src/mediapipeline/contracts/api_routes_command_operations.py,src/mediapipeline/contracts/api_commands.py
mediapipeline.contracts.api_routes_read,mediapipeline.contracts.api_routes_shared,src/mediapipeline/contracts/api_routes_read.py,src/mediapipeline/contracts/api_routes_shared.py
mediapipeline.contracts.config,mediapipeline.contracts.config_coercion,src/mediapipeline/contracts/config.py,src/mediapipeline/contracts/config_coercion.py
mediapipeline.contracts.config,mediapipeline.contracts.config_defaults,src/mediapipeline/contracts/config.py,src/mediapipeline/contracts/config_defaults.py
mediapipeline.contracts.config,mediapipeline.contracts.config_fields,src/mediapipeline/contracts/config.py,src/mediapipeline/contracts/config_fields.py
mediapipeline.contracts.config,mediapipeline.contracts.config_schema_extras,src/mediapipeline/contracts/config.py,src/mediapipeline/contracts/config_schema_extras.py
mediapipeline.contracts.config,mediapipeline.contracts.config_validators,src/mediapipeline/contracts/config.py,src/mediapipeline/contracts/config_validators.py
mediapipeline.contracts.config,mediapipeline.contracts.height_tolerance,src/mediapipeline/contracts/config.py,src/mediapipeline/contracts/height_tolerance.py
mediapipeline.contracts.config,mediapipeline.core.rename.constants,src/mediapipeline/contracts/config.py,src/mediapipeline/core/rename/constants.py
mediapipeline.contracts.config,mediapipeline.core.rename.movie,src/mediapipeline/contracts/config.py,src/mediapipeline/core/rename/movie.py
mediapipeline.contracts.config,mediapipeline.core.rename.tv,src/mediapipeline/contracts/config.py,src/mediapipeline/core/rename/tv.py
mediapipeline.contracts.config,mediapipeline.core.validation.strict_json,src/mediapipeline/contracts/config.py,src/mediapipeline/core/validation/strict_json.py
mediapipeline.contracts.config_coercion,mediapipeline.core.validation.strict_json,src/mediapipeline/contracts/config_coercion.py,src/mediapipeline/core/validation/strict_json.py
mediapipeline.contracts.config_defaults,mediapipeline.core.rename.constants,src/mediapipeline/contracts/config_defaults.py,src/mediapipeline/core/rename/constants.py
mediapipeline.contracts.config_fields,mediapipeline.contracts.config_coercion,src/mediapipeline/contracts/config_fields.py,src/mediapipeline/contracts/config_coercion.py
mediapipeline.contracts.config_fields,mediapipeline.contracts.config_defaults,src/mediapipeline/contracts/config_fields.py,src/mediapipeline/contracts/config_defaults.py
mediapipeline.contracts.config_fields,mediapipeline.contracts.config_schema_extras,src/mediapipeline/contracts/config_fields.py,src/mediapipeline/contracts/config_schema_extras.py
mediapipeline.contracts.config_fields,mediapipeline.contracts.config_validators,src/mediapipeline/contracts/config_fields.py,src/mediapipeline/contracts/config_validators.py
mediapipeline.contracts.config_fields,mediapipeline.contracts.height_tolerance,src/mediapipeline/contracts/config_fields.py,src/mediapipeline/contracts/height_tolerance.py
mediapipeline.contracts.config_fields,mediapipeline.core.rename.constants,src/mediapipeline/contracts/config_fields.py,src/mediapipeline/core/rename/constants.py
mediapipeline.contracts.config_fields,mediapipeline.core.rename.movie,src/mediapipeline/contracts/config_fields.py,src/mediapipeline/core/rename/movie.py
mediapipeline.contracts.config_fields,mediapipeline.core.rename.tv,src/mediapipeline/contracts/config_fields.py,src/mediapipeline/core/rename/tv.py
mediapipeline.contracts.config_fields,mediapipeline.core.validation.strict_json,src/mediapipeline/contracts/config_fields.py,src/mediapipeline/core/validation/strict_json.py
mediapipeline.contracts.config_validators,mediapipeline.contracts.height_tolerance,src/mediapipeline/contracts/config_validators.py,src/mediapipeline/contracts/height_tolerance.py
mediapipeline.contracts.decision_policy,mediapipeline.contracts.height_tolerance,src/mediapipeline/contracts/decision_policy.py,src/mediapipeline/contracts/height_tolerance.py
mediapipeline.contracts.decision_policy,mediapipeline.contracts.verification,src/mediapipeline/contracts/decision_policy.py,src/mediapipeline/contracts/verification.py
mediapipeline.contracts.pipeline_plan,mediapipeline.contracts.verification,src/mediapipeline/contracts/pipeline_plan.py,src/mediapipeline/contracts/verification.py
mediapipeline.contracts.source_media,mediapipeline.contracts.source_media_adapters,src/mediapipeline/contracts/source_media.py,src/mediapipeline/contracts/source_media_adapters.py
mediapipeline.contracts.source_media,mediapipeline.contracts.source_media_models,src/mediapipeline/contracts/source_media.py,src/mediapipeline/contracts/source_media_models.py
mediapipeline.contracts.source_media_adapters,mediapipeline.contracts.source_media_derived,src/mediapipeline/contracts/source_media_adapters.py,src/mediapipeline/contracts/source_media_derived.py
mediapipeline.contracts.source_media_adapters,mediapipeline.contracts.source_media_models,src/mediapipeline/contracts/source_media_adapters.py,src/mediapipeline/contracts/source_media_models.py
mediapipeline.contracts.source_media_adapters,mediapipeline.contracts.source_media_streams,src/mediapipeline/contracts/source_media_adapters.py,src/mediapipeline/contracts/source_media_streams.py
mediapipeline.contracts.source_media_adapters,mediapipeline.contracts.source_media_values,src/mediapipeline/contracts/source_media_adapters.py,src/mediapipeline/contracts/source_media_values.py
mediapipeline.contracts.source_media_derived,mediapipeline.contracts.source_media_models,src/mediapipeline/contracts/source_media_derived.py,src/mediapipeline/contracts/source_media_models.py
mediapipeline.contracts.source_media_derived,mediapipeline.contracts.source_media_values,src/mediapipeline/contracts/source_media_derived.py,src/mediapipeline/contracts/source_media_values.py
mediapipeline.contracts.source_media_streams,mediapipeline.contracts.source_media_models,src/mediapipeline/contracts/source_media_streams.py,src/mediapipeline/contracts/source_media_models.py
mediapipeline.contracts.source_media_streams,mediapipeline.contracts.source_media_values,src/mediapipeline/contracts/source_media_streams.py,src/mediapipeline/contracts/source_media_values.py
mediapipeline.contracts.source_media_values,mediapipeline.contracts.source_media_models,src/mediapipeline/contracts/source_media_values.py,src/mediapipeline/contracts/source_media_models.py
mediapipeline.contracts.stage_decide,mediapipeline.contracts.height_tolerance,src/mediapipeline/contracts/stage_decide.py,src/mediapipeline/contracts/height_tolerance.py
mediapipeline.contracts.stage_decide,mediapipeline.contracts.stage_base,src/mediapipeline/contracts/stage_decide.py,src/mediapipeline/contracts/stage_base.py
mediapipeline.contracts.stage_mutation,mediapipeline.contracts.stage_base,src/mediapipeline/contracts/stage_mutation.py,src/mediapipeline/contracts/stage_base.py
mediapipeline.contracts.stage_mutation,mediapipeline.contracts.stage_decide,src/mediapipeline/contracts/stage_mutation.py,src/mediapipeline/contracts/stage_decide.py
mediapipeline.contracts.stage_probe,mediapipeline.contracts.stage_base,src/mediapipeline/contracts/stage_probe.py,src/mediapipeline/contracts/stage_base.py
mediapipeline.contracts.stages,mediapipeline.contracts.stage_base,src/mediapipeline/contracts/stages.py,src/mediapipeline/contracts/stage_base.py
mediapipeline.contracts.stages,mediapipeline.contracts.stage_decide,src/mediapipeline/contracts/stages.py,src/mediapipeline/contracts/stage_decide.py
mediapipeline.contracts.stages,mediapipeline.contracts.stage_mutation,src/mediapipeline/contracts/stages.py,src/mediapipeline/contracts/stage_mutation.py
mediapipeline.contracts.stages,mediapipeline.contracts.stage_probe,src/mediapipeline/contracts/stages.py,src/mediapipeline/contracts/stage_probe.py
mediapipeline.core.api.command_handlers,mediapipeline.core.api.commands_audit,src/mediapipeline/core/api/command_handlers.py,src/mediapipeline/core/api/commands_audit.py
mediapipeline.core.api.command_handlers,mediapipeline.core.api.commands_failures,src/mediapipeline/core/api/command_handlers.py,src/mediapipeline/core/api/commands_failures.py
mediapipeline.core.api.command_handlers,mediapipeline.core.api.commands_file_overrides,src/mediapipeline/core/api/command_handlers.py,src/mediapipeline/core/api/commands_file_overrides.py
mediapipeline.core.api.command_handlers,mediapipeline.core.api.commands_files,src/mediapipeline/core/api/command_handlers.py,src/mediapipeline/core/api/commands_files.py
mediapipeline.core.api.command_handlers,mediapipeline.core.api.commands_final_library,src/mediapipeline/core/api/command_handlers.py,src/mediapipeline/core/api/commands_final_library.py
mediapipeline.core.api.command_handlers,mediapipeline.core.api.commands_maintenance,src/mediapipeline/core/api/command_handlers.py,src/mediapipeline/core/api/commands_maintenance.py
mediapipeline.core.api.command_handlers,mediapipeline.core.api.commands_metrics,src/mediapipeline/core/api/command_handlers.py,src/mediapipeline/core/api/commands_metrics.py
mediapipeline.core.api.command_handlers,mediapipeline.core.api.commands_network,src/mediapipeline/core/api/command_handlers.py,src/mediapipeline/core/api/commands_network.py
mediapipeline.core.api.command_handlers,mediapipeline.core.api.commands_path_picker,src/mediapipeline/core/api/command_handlers.py,src/mediapipeline/core/api/commands_path_picker.py
mediapipeline.core.api.command_handlers,mediapipeline.core.api.commands_process,src/mediapipeline/core/api/command_handlers.py,src/mediapipeline/core/api/commands_process.py
mediapipeline.core.api.command_handlers,mediapipeline.core.api.commands_queue_priority,src/mediapipeline/core/api/command_handlers.py,src/mediapipeline/core/api/commands_queue_priority.py
mediapipeline.core.api.command_handlers,mediapipeline.core.api.commands_queue_scan,src/mediapipeline/core/api/command_handlers.py,src/mediapipeline/core/api/commands_queue_scan.py
mediapipeline.core.api.command_handlers,mediapipeline.core.api.commands_queue_strategy,src/mediapipeline/core/api/command_handlers.py,src/mediapipeline/core/api/commands_queue_strategy.py
mediapipeline.core.api.command_handlers,mediapipeline.core.api.commands_rename,src/mediapipeline/core/api/command_handlers.py,src/mediapipeline/core/api/commands_rename.py
mediapipeline.core.api.command_handlers,mediapipeline.core.api.commands_repair_reconcile,src/mediapipeline/core/api/command_handlers.py,src/mediapipeline/core/api/commands_repair_reconcile.py
mediapipeline.core.api.command_handlers,mediapipeline.core.api.commands_sample_validation,src/mediapipeline/core/api/command_handlers.py,src/mediapipeline/core/api/commands_sample_validation.py
mediapipeline.core.api.command_handlers,mediapipeline.core.api.commands_schedule,src/mediapipeline/core/api/command_handlers.py,src/mediapipeline/core/api/commands_schedule.py
mediapipeline.core.api.command_handlers,mediapipeline.core.api.commands_settings,src/mediapipeline/core/api/command_handlers.py,src/mediapipeline/core/api/commands_settings.py
mediapipeline.core.api.command_handlers,mediapipeline.core.api.commands_subtitle_qa,src/mediapipeline/core/api/command_handlers.py,src/mediapipeline/core/api/commands_subtitle_qa.py
mediapipeline.core.api.command_handlers,mediapipeline.core.api.commands_ui_preferences,src/mediapipeline/core/api/command_handlers.py,src/mediapipeline/core/api/commands_ui_preferences.py
mediapipeline.core.api.command_results,mediapipeline.core.config.settings_patch_policy,src/mediapipeline/core/api/command_results.py,src/mediapipeline/core/config/settings_patch_policy.py
mediapipeline.core.api.command_results,mediapipeline.core.kernel.dto_commands,src/mediapipeline/core/api/command_results.py,src/mediapipeline/core/kernel/dto_commands.py
mediapipeline.core.api.commands_audit,mediapipeline.core.api.command_results,src/mediapipeline/core/api/commands_audit.py,src/mediapipeline/core/api/command_results.py
mediapipeline.core.api.commands_failures,mediapipeline.core.api.command_results,src/mediapipeline/core/api/commands_failures.py,src/mediapipeline/core/api/command_results.py
mediapipeline.core.api.commands_file_overrides,mediapipeline.core.api.command_results,src/mediapipeline/core/api/commands_file_overrides.py,src/mediapipeline/core/api/command_results.py
mediapipeline.core.api.commands_file_overrides,mediapipeline.core.api.file_overrides.effective_fields,src/mediapipeline/core/api/commands_file_overrides.py,src/mediapipeline/core/api/file_overrides/effective_fields.py
mediapipeline.core.api.commands_file_overrides,mediapipeline.core.api.file_overrides.folder_preview,src/mediapipeline/core/api/commands_file_overrides.py,src/mediapipeline/core/api/file_overrides/folder_preview.py
mediapipeline.core.api.commands_file_overrides,mediapipeline.core.api.file_overrides.remux_pilot,src/mediapipeline/core/api/commands_file_overrides.py,src/mediapipeline/core/api/file_overrides/remux_pilot.py
mediapipeline.core.api.commands_file_overrides,mediapipeline.core.api.file_overrides.results,src/mediapipeline/core/api/commands_file_overrides.py,src/mediapipeline/core/api/file_overrides/results.py
mediapipeline.core.api.commands_file_overrides,mediapipeline.core.api.file_overrides.route_preview,src/mediapipeline/core/api/commands_file_overrides.py,src/mediapipeline/core/api/file_overrides/route_preview.py
mediapipeline.core.api.commands_file_overrides,mediapipeline.core.api.file_overrides.selectors,src/mediapipeline/core/api/commands_file_overrides.py,src/mediapipeline/core/api/file_overrides/selectors.py
mediapipeline.core.api.commands_file_overrides,mediapipeline.core.api.file_overrides.series,src/mediapipeline/core/api/commands_file_overrides.py,src/mediapipeline/core/api/file_overrides/series.py
mediapipeline.core.api.commands_file_overrides,mediapipeline.core.api.file_overrides.tracks,src/mediapipeline/core/api/commands_file_overrides.py,src/mediapipeline/core/api/file_overrides/tracks.py
mediapipeline.core.api.commands_file_overrides,mediapipeline.core.orchestration.runner,src/mediapipeline/core/api/commands_file_overrides.py,src/mediapipeline/core/orchestration/runner.py
mediapipeline.core.api.commands_file_overrides,mediapipeline.core.processes.source_path_policy,src/mediapipeline/core/api/commands_file_overrides.py,src/mediapipeline/core/processes/source_path_policy.py
mediapipeline.core.api.commands_file_overrides,mediapipeline.core.queue.file_overrides,src/mediapipeline/core/api/commands_file_overrides.py,src/mediapipeline/core/queue/file_overrides.py
mediapipeline.core.api.commands_files,mediapipeline.core.api.command_results,src/mediapipeline/core/api/commands_files.py,src/mediapipeline/core/api/command_results.py
mediapipeline.core.api.commands_final_library,mediapipeline.core.api.command_results,src/mediapipeline/core/api/commands_final_library.py,src/mediapipeline/core/api/command_results.py
mediapipeline.core.api.commands_maintenance,mediapipeline.core.api.command_results,src/mediapipeline/core/api/commands_maintenance.py,src/mediapipeline/core/api/command_results.py
mediapipeline.core.api.commands_metrics,mediapipeline.core.api.command_results,src/mediapipeline/core/api/commands_metrics.py,src/mediapipeline/core/api/command_results.py
mediapipeline.core.api.commands_network,mediapipeline.core.api.command_results,src/mediapipeline/core/api/commands_network.py,src/mediapipeline/core/api/command_results.py
mediapipeline.core.api.commands_path_picker,mediapipeline.core.kernel.dto,src/mediapipeline/core/api/commands_path_picker.py,src/mediapipeline/core/kernel/dto.py
mediapipeline.core.api.commands_path_picker,mediapipeline.core.processes.rerun_preview,src/mediapipeline/core/api/commands_path_picker.py,src/mediapipeline/core/processes/rerun_preview.py
mediapipeline.core.api.commands_path_picker,mediapipeline.core.rename.input_classification,src/mediapipeline/core/api/commands_path_picker.py,src/mediapipeline/core/rename/input_classification.py
mediapipeline.core.api.commands_process,mediapipeline.core.api.command_results,src/mediapipeline/core/api/commands_process.py,src/mediapipeline/core/api/command_results.py
mediapipeline.core.api.commands_process,mediapipeline.core.files.constants,src/mediapipeline/core/api/commands_process.py,src/mediapipeline/core/files/constants.py
mediapipeline.core.api.commands_process,mediapipeline.core.kernel.dto_commands,src/mediapipeline/core/api/commands_process.py,src/mediapipeline/core/kernel/dto_commands.py
mediapipeline.core.api.commands_process,mediapipeline.core.processes.rerun_results,src/mediapipeline/core/api/commands_process.py,src/mediapipeline/core/processes/rerun_results.py
mediapipeline.core.api.commands_queue_priority,mediapipeline.core.api.command_results,src/mediapipeline/core/api/commands_queue_priority.py,src/mediapipeline/core/api/command_results.py
mediapipeline.core.api.commands_queue_priority,mediapipeline.core.processes.source_path_policy,src/mediapipeline/core/api/commands_queue_priority.py,src/mediapipeline/core/processes/source_path_policy.py
mediapipeline.core.api.commands_queue_priority,mediapipeline.core.queue.priority_manifest,src/mediapipeline/core/api/commands_queue_priority.py,src/mediapipeline/core/queue/priority_manifest.py
mediapipeline.core.api.commands_queue_scan,mediapipeline.core.api.command_results,src/mediapipeline/core/api/commands_queue_scan.py,src/mediapipeline/core/api/command_results.py
mediapipeline.core.api.commands_queue_strategy,mediapipeline.core.api.command_results,src/mediapipeline/core/api/commands_queue_strategy.py,src/mediapipeline/core/api/command_results.py
mediapipeline.core.api.commands_queue_strategy,mediapipeline.core.queue.strategy,src/mediapipeline/core/api/commands_queue_strategy.py,src/mediapipeline/core/queue/strategy.py
mediapipeline.core.api.commands_rename,mediapipeline.core.kernel.dto_commands,src/mediapipeline/core/api/commands_rename.py,src/mediapipeline/core/kernel/dto_commands.py
mediapipeline.core.api.commands_rename,mediapipeline.core.rename.bad_case_corpus,src/mediapipeline/core/api/commands_rename.py,src/mediapipeline/core/rename/bad_case_corpus.py
mediapipeline.core.api.commands_rename,mediapipeline.core.rename.path_selection,src/mediapipeline/core/api/commands_rename.py,src/mediapipeline/core/rename/path_selection.py
mediapipeline.core.api.commands_rename,mediapipeline.core.rename.policy,src/mediapipeline/core/api/commands_rename.py,src/mediapipeline/core/rename/policy.py
mediapipeline.core.api.commands_repair_reconcile,mediapipeline.core.api.command_results,src/mediapipeline/core/api/commands_repair_reconcile.py,src/mediapipeline/core/api/command_results.py
mediapipeline.core.api.commands_repair_reconcile,mediapipeline.core.repair_reconcile.dry_run,src/mediapipeline/core/api/commands_repair_reconcile.py,src/mediapipeline/core/repair_reconcile/dry_run.py
mediapipeline.core.api.commands_sample_validation,mediapipeline.core.api.command_results,src/mediapipeline/core/api/commands_sample_validation.py,src/mediapipeline/core/api/command_results.py
mediapipeline.core.api.commands_settings,mediapipeline.core.api.command_results,src/mediapipeline/core/api/commands_settings.py,src/mediapipeline/core/api/command_results.py
mediapipeline.core.api.commands_settings,mediapipeline.core.kernel.dto_commands,src/mediapipeline/core/api/commands_settings.py,src/mediapipeline/core/kernel/dto_commands.py
mediapipeline.core.api.commands_subtitle_qa,mediapipeline.core.api.command_results,src/mediapipeline/core/api/commands_subtitle_qa.py,src/mediapipeline/core/api/command_results.py
mediapipeline.core.api.commands_ui_preferences,mediapipeline.core.ui_preferences,src/mediapipeline/core/api/commands_ui_preferences.py,src/mediapipeline/core/ui_preferences.py
mediapipeline.core.api.file_overrides.effective_fields,mediapipeline.core.api.file_overrides.results,src/mediapipeline/core/api/file_overrides/effective_fields.py,src/mediapipeline/core/api/file_overrides/results.py
mediapipeline.core.api.file_overrides.effective_fields,mediapipeline.core.api.file_overrides.selectors,src/mediapipeline/core/api/file_overrides/effective_fields.py,src/mediapipeline/core/api/file_overrides/selectors.py
mediapipeline.core.api.file_overrides.effective_fields,mediapipeline.core.api.file_overrides.tracks,src/mediapipeline/core/api/file_overrides/effective_fields.py,src/mediapipeline/core/api/file_overrides/tracks.py
mediapipeline.core.api.file_overrides.effective_fields,mediapipeline.core.config.constants,src/mediapipeline/core/api/file_overrides/effective_fields.py,src/mediapipeline/core/config/constants.py
mediapipeline.core.api.file_overrides.effective_fields,mediapipeline.core.config.library_profiles,src/mediapipeline/core/api/file_overrides/effective_fields.py,src/mediapipeline/core/config/library_profiles.py
mediapipeline.core.api.file_overrides.effective_fields,mediapipeline.core.kernel.config_keys,src/mediapipeline/core/api/file_overrides/effective_fields.py,src/mediapipeline/core/kernel/config_keys.py
mediapipeline.core.api.file_overrides.effective_fields,mediapipeline.core.queue.file_overrides,src/mediapipeline/core/api/file_overrides/effective_fields.py,src/mediapipeline/core/queue/file_overrides.py
mediapipeline.core.api.file_overrides.folder_preview,mediapipeline.core.api.file_overrides.effective_fields,src/mediapipeline/core/api/file_overrides/folder_preview.py,src/mediapipeline/core/api/file_overrides/effective_fields.py
mediapipeline.core.api.file_overrides.folder_preview,mediapipeline.core.api.file_overrides.results,src/mediapipeline/core/api/file_overrides/folder_preview.py,src/mediapipeline/core/api/file_overrides/results.py
mediapipeline.core.api.file_overrides.folder_preview,mediapipeline.core.api.file_overrides.selectors,src/mediapipeline/core/api/file_overrides/folder_preview.py,src/mediapipeline/core/api/file_overrides/selectors.py
mediapipeline.core.api.file_overrides.folder_preview,mediapipeline.core.api.file_overrides.tracks,src/mediapipeline/core/api/file_overrides/folder_preview.py,src/mediapipeline/core/api/file_overrides/tracks.py
mediapipeline.core.api.file_overrides.folder_preview,mediapipeline.core.config.library_profiles,src/mediapipeline/core/api/file_overrides/folder_preview.py,src/mediapipeline/core/config/library_profiles.py
mediapipeline.core.api.file_overrides.folder_preview,mediapipeline.core.processes.source_path_policy,src/mediapipeline/core/api/file_overrides/folder_preview.py,src/mediapipeline/core/processes/source_path_policy.py
mediapipeline.core.api.file_overrides.folder_preview,mediapipeline.core.queue.file_overrides,src/mediapipeline/core/api/file_overrides/folder_preview.py,src/mediapipeline/core/queue/file_overrides.py
mediapipeline.core.api.file_overrides.remux_pilot,mediapipeline.core.api.file_overrides.results,src/mediapipeline/core/api/file_overrides/remux_pilot.py,src/mediapipeline/core/api/file_overrides/results.py
mediapipeline.core.api.file_overrides.remux_pilot,mediapipeline.core.api.file_overrides.series,src/mediapipeline/core/api/file_overrides/remux_pilot.py,src/mediapipeline/core/api/file_overrides/series.py
mediapipeline.core.api.file_overrides.remux_pilot,mediapipeline.core.processes.source_path_policy,src/mediapipeline/core/api/file_overrides/remux_pilot.py,src/mediapipeline/core/processes/source_path_policy.py
mediapipeline.core.api.file_overrides.remux_pilot,mediapipeline.core.queue.file_overrides,src/mediapipeline/core/api/file_overrides/remux_pilot.py,src/mediapipeline/core/queue/file_overrides.py
mediapipeline.core.api.file_overrides.results,mediapipeline.contracts.config,src/mediapipeline/core/api/file_overrides/results.py,src/mediapipeline/contracts/config.py
mediapipeline.core.api.file_overrides.route_preview,mediapipeline.core.api.file_overrides.effective_fields,src/mediapipeline/core/api/file_overrides/route_preview.py,src/mediapipeline/core/api/file_overrides/effective_fields.py
mediapipeline.core.api.file_overrides.route_preview,mediapipeline.core.api.file_overrides.results,src/mediapipeline/core/api/file_overrides/route_preview.py,src/mediapipeline/core/api/file_overrides/results.py
mediapipeline.core.api.file_overrides.route_preview,mediapipeline.core.config.constants,src/mediapipeline/core/api/file_overrides/route_preview.py,src/mediapipeline/core/config/constants.py
mediapipeline.core.api.file_overrides.route_preview,mediapipeline.core.config.library_profiles,src/mediapipeline/core/api/file_overrides/route_preview.py,src/mediapipeline/core/config/library_profiles.py
mediapipeline.core.api.file_overrides.route_preview,mediapipeline.core.config.metadata_choices,src/mediapipeline/core/api/file_overrides/route_preview.py,src/mediapipeline/core/config/metadata_choices.py
mediapipeline.core.api.file_overrides.route_preview,mediapipeline.core.kernel.config_keys,src/mediapipeline/core/api/file_overrides/route_preview.py,src/mediapipeline/core/kernel/config_keys.py
mediapipeline.core.api.file_overrides.route_preview,mediapipeline.core.queue.file_overrides,src/mediapipeline/core/api/file_overrides/route_preview.py,src/mediapipeline/core/queue/file_overrides.py
mediapipeline.core.api.file_overrides.selectors,mediapipeline.core.api.file_overrides.results,src/mediapipeline/core/api/file_overrides/selectors.py,src/mediapipeline/core/api/file_overrides/results.py
mediapipeline.core.api.file_overrides.selectors,mediapipeline.core.api.file_overrides.tracks,src/mediapipeline/core/api/file_overrides/selectors.py,src/mediapipeline/core/api/file_overrides/tracks.py
mediapipeline.core.api.file_overrides.series,mediapipeline.core.api.file_overrides.results,src/mediapipeline/core/api/file_overrides/series.py,src/mediapipeline/core/api/file_overrides/results.py
mediapipeline.core.api.file_overrides.series,mediapipeline.core.queue.file_overrides,src/mediapipeline/core/api/file_overrides/series.py,src/mediapipeline/core/queue/file_overrides.py
mediapipeline.core.api.file_overrides.tracks,mediapipeline.contracts.source_media,src/mediapipeline/core/api/file_overrides/tracks.py,src/mediapipeline/contracts/source_media.py
mediapipeline.core.api.file_overrides.tracks,mediapipeline.contracts.stages,src/mediapipeline/core/api/file_overrides/tracks.py,src/mediapipeline/contracts/stages.py
mediapipeline.core.api.file_overrides.tracks,mediapipeline.core.api.file_overrides.results,src/mediapipeline/core/api/file_overrides/tracks.py,src/mediapipeline/core/api/file_overrides/results.py
mediapipeline.core.api.file_overrides.tracks,mediapipeline.core.orchestration.runner,src/mediapipeline/core/api/file_overrides/tracks.py,src/mediapipeline/core/orchestration/runner.py
mediapipeline.core.api.file_overrides.tracks,mediapipeline.core.queue.file_overrides,src/mediapipeline/core/api/file_overrides/tracks.py,src/mediapipeline/core/queue/file_overrides.py
mediapipeline.core.application.utilities,mediapipeline.core.status.contracts,src/mediapipeline/core/application/utilities.py,src/mediapipeline/core/status/contracts.py
mediapipeline.core.application.utilities,mediapipeline.core.status.progress,src/mediapipeline/core/application/utilities.py,src/mediapipeline/core/status/progress.py
mediapipeline.core.audit.contracts,mediapipeline.core.paths.media_paths,src/mediapipeline/core/audit/contracts.py,src/mediapipeline/core/paths/media_paths.py
mediapipeline.core.audit.facade,mediapipeline.core.audit.contracts,src/mediapipeline/core/audit/facade.py,src/mediapipeline/core/audit/contracts.py
mediapipeline.core.audit.facade,mediapipeline.core.audit.ignore_manifest,src/mediapipeline/core/audit/facade.py,src/mediapipeline/core/audit/ignore_manifest.py
mediapipeline.core.audit.facade,mediapipeline.core.audit.preview_policy,src/mediapipeline/core/audit/facade.py,src/mediapipeline/core/audit/preview_policy.py
mediapipeline.core.audit.facade,mediapipeline.core.audit.score_policy,src/mediapipeline/core/audit/facade.py,src/mediapipeline/core/audit/score_policy.py
mediapipeline.core.audit.facade,mediapipeline.core.audit.sources,src/mediapipeline/core/audit/facade.py,src/mediapipeline/core/audit/sources.py
mediapipeline.core.audit.facade,mediapipeline.core.kernel.dto_commands,src/mediapipeline/core/audit/facade.py,src/mediapipeline/core/kernel/dto_commands.py
mediapipeline.core.audit.facade,mediapipeline.core.kernel.dto_inventory,src/mediapipeline/core/audit/facade.py,src/mediapipeline/core/kernel/dto_inventory.py
mediapipeline.core.audit.facade,mediapipeline.core.paths.contracts,src/mediapipeline/core/audit/facade.py,src/mediapipeline/core/paths/contracts.py
mediapipeline.core.audit.facade,mediapipeline.core.processes.rerun_preview,src/mediapipeline/core/audit/facade.py,src/mediapipeline/core/processes/rerun_preview.py
mediapipeline.core.audit.ignore_manifest,mediapipeline.core.audit.rerun_file_io,src/mediapipeline/core/audit/ignore_manifest.py,src/mediapipeline/core/audit/rerun_file_io.py
mediapipeline.core.audit.preview_policy,mediapipeline.core.audit.contracts,src/mediapipeline/core/audit/preview_policy.py,src/mediapipeline/core/audit/contracts.py
mediapipeline.core.audit.preview_policy,mediapipeline.core.audit.ignore_manifest,src/mediapipeline/core/audit/preview_policy.py,src/mediapipeline/core/audit/ignore_manifest.py
mediapipeline.core.audit.preview_policy,mediapipeline.core.kernel.dto_inventory,src/mediapipeline/core/audit/preview_policy.py,src/mediapipeline/core/kernel/dto_inventory.py
mediapipeline.core.audit.rerun_contracts,mediapipeline.core.kernel.runtime.subprocess_runner,src/mediapipeline/core/audit/rerun_contracts.py,src/mediapipeline/core/kernel/runtime/subprocess_runner.py
mediapipeline.core.audit.rerun_contracts,mediapipeline.core.paths.contracts,src/mediapipeline/core/audit/rerun_contracts.py,src/mediapipeline/core/paths/contracts.py
mediapipeline.core.audit.rerun_csv,mediapipeline.core.audit.contracts,src/mediapipeline/core/audit/rerun_csv.py,src/mediapipeline/core/audit/contracts.py
mediapipeline.core.audit.rerun_csv,mediapipeline.core.audit.rerun_records,src/mediapipeline/core/audit/rerun_csv.py,src/mediapipeline/core/audit/rerun_records.py
mediapipeline.core.audit.rerun_export,mediapipeline.core.audit.contracts,src/mediapipeline/core/audit/rerun_export.py,src/mediapipeline/core/audit/contracts.py
mediapipeline.core.audit.rerun_export,mediapipeline.core.audit.rerun_contracts,src/mediapipeline/core/audit/rerun_export.py,src/mediapipeline/core/audit/rerun_contracts.py
mediapipeline.core.audit.rerun_export,mediapipeline.core.audit.rerun_csv,src/mediapipeline/core/audit/rerun_export.py,src/mediapipeline/core/audit/rerun_csv.py
mediapipeline.core.audit.rerun_export,mediapipeline.core.audit.rerun_file_io,src/mediapipeline/core/audit/rerun_export.py,src/mediapipeline/core/audit/rerun_file_io.py
mediapipeline.core.audit.rerun_export,mediapipeline.core.paths.contracts,src/mediapipeline/core/audit/rerun_export.py,src/mediapipeline/core/paths/contracts.py
mediapipeline.core.audit.rerun_io,mediapipeline.core.audit.contracts,src/mediapipeline/core/audit/rerun_io.py,src/mediapipeline/core/audit/contracts.py
mediapipeline.core.audit.rerun_io,mediapipeline.core.audit.rerun_file_io,src/mediapipeline/core/audit/rerun_io.py,src/mediapipeline/core/audit/rerun_file_io.py
mediapipeline.core.audit.rerun_io,mediapipeline.core.failures.contracts,src/mediapipeline/core/audit/rerun_io.py,src/mediapipeline/core/failures/contracts.py
mediapipeline.core.audit.rerun_io,mediapipeline.core.failures.markers,src/mediapipeline/core/audit/rerun_io.py,src/mediapipeline/core/failures/markers.py
mediapipeline.core.audit.rerun_io,mediapipeline.core.paths.contracts,src/mediapipeline/core/audit/rerun_io.py,src/mediapipeline/core/paths/contracts.py
mediapipeline.core.audit.rerun_metadata,mediapipeline.core.audit.rerun_contracts,src/mediapipeline/core/audit/rerun_metadata.py,src/mediapipeline/core/audit/rerun_contracts.py
mediapipeline.core.audit.rerun_metadata,mediapipeline.core.audit.rerun_csv,src/mediapipeline/core/audit/rerun_metadata.py,src/mediapipeline/core/audit/rerun_csv.py
mediapipeline.core.audit.rerun_metadata,mediapipeline.core.audit.rerun_file_io,src/mediapipeline/core/audit/rerun_metadata.py,src/mediapipeline/core/audit/rerun_file_io.py
mediapipeline.core.audit.rerun_metadata,mediapipeline.core.kernel.runtime.subprocess_runner,src/mediapipeline/core/audit/rerun_metadata.py,src/mediapipeline/core/kernel/runtime/subprocess_runner.py
mediapipeline.core.audit.rerun_metadata,mediapipeline.core.paths.contracts,src/mediapipeline/core/audit/rerun_metadata.py,src/mediapipeline/core/paths/contracts.py
mediapipeline.core.audit.rerun_records,mediapipeline.core.audit.contracts,src/mediapipeline/core/audit/rerun_records.py,src/mediapipeline/core/audit/contracts.py
mediapipeline.core.audit.rerun_records,mediapipeline.core.completed.contracts,src/mediapipeline/core/audit/rerun_records.py,src/mediapipeline/core/completed/contracts.py
mediapipeline.core.audit.rerun_records,mediapipeline.core.failures.contracts,src/mediapipeline/core/audit/rerun_records.py,src/mediapipeline/core/failures/contracts.py
mediapipeline.core.audit.rerun_service,mediapipeline.core.audit.contracts,src/mediapipeline/core/audit/rerun_service.py,src/mediapipeline/core/audit/contracts.py
mediapipeline.core.audit.rerun_service,mediapipeline.core.audit.rerun_export,src/mediapipeline/core/audit/rerun_service.py,src/mediapipeline/core/audit/rerun_export.py
mediapipeline.core.audit.rerun_service,mediapipeline.core.audit.rerun_io,src/mediapipeline/core/audit/rerun_service.py,src/mediapipeline/core/audit/rerun_io.py
mediapipeline.core.audit.rerun_service,mediapipeline.core.audit.rerun_metadata,src/mediapipeline/core/audit/rerun_service.py,src/mediapipeline/core/audit/rerun_metadata.py
mediapipeline.core.audit.rerun_service,mediapipeline.core.audit.rerun_records,src/mediapipeline/core/audit/rerun_service.py,src/mediapipeline/core/audit/rerun_records.py
mediapipeline.core.audit.rerun_service,mediapipeline.core.completed.contracts,src/mediapipeline/core/audit/rerun_service.py,src/mediapipeline/core/completed/contracts.py
mediapipeline.core.audit.rerun_service,mediapipeline.core.failures.contracts,src/mediapipeline/core/audit/rerun_service.py,src/mediapipeline/core/failures/contracts.py
mediapipeline.core.audit.rerun_service,mediapipeline.core.kernel.runtime.subprocess_runner,src/mediapipeline/core/audit/rerun_service.py,src/mediapipeline/core/kernel/runtime/subprocess_runner.py
mediapipeline.core.audit.rerun_service,mediapipeline.core.paths.contracts,src/mediapipeline/core/audit/rerun_service.py,src/mediapipeline/core/paths/contracts.py
mediapipeline.core.audit.score_policy,mediapipeline.core.audit.rerun_file_io,src/mediapipeline/core/audit/score_policy.py,src/mediapipeline/core/audit/rerun_file_io.py
mediapipeline.core.audit.sources,mediapipeline.core.files.constants,src/mediapipeline/core/audit/sources.py,src/mediapipeline/core/files/constants.py
mediapipeline.core.audit.sources,mediapipeline.core.kernel.dto_base,src/mediapipeline/core/audit/sources.py,src/mediapipeline/core/kernel/dto_base.py
mediapipeline.core.audit.sources,mediapipeline.core.paths.contracts,src/mediapipeline/core/audit/sources.py,src/mediapipeline/core/paths/contracts.py
mediapipeline.core.completed.backfill,mediapipeline.core.kernel.runtime.subprocess_runner,src/mediapipeline/core/completed/backfill.py,src/mediapipeline/core/kernel/runtime/subprocess_runner.py
mediapipeline.core.completed.backfill,mediapipeline.core.paths.contracts,src/mediapipeline/core/completed/backfill.py,src/mediapipeline/core/paths/contracts.py
mediapipeline.core.completed.contracts,mediapipeline.core.paths.media_paths,src/mediapipeline/core/completed/contracts.py,src/mediapipeline/core/paths/media_paths.py
mediapipeline.core.completed.facade,mediapipeline.core.completed.contracts,src/mediapipeline/core/completed/facade.py,src/mediapipeline/core/completed/contracts.py
mediapipeline.core.completed.facade,mediapipeline.core.completed.manifest,src/mediapipeline/core/completed/facade.py,src/mediapipeline/core/completed/manifest.py
mediapipeline.core.completed.facade,mediapipeline.core.completed.policy,src/mediapipeline/core/completed/facade.py,src/mediapipeline/core/completed/policy.py
mediapipeline.core.completed.facade,mediapipeline.core.kernel.dto_inventory,src/mediapipeline/core/completed/facade.py,src/mediapipeline/core/kernel/dto_inventory.py
mediapipeline.core.completed.facade,mediapipeline.core.paths.contracts,src/mediapipeline/core/completed/facade.py,src/mediapipeline/core/paths/contracts.py
mediapipeline.core.completed.facade,mediapipeline.core.publish.pending_rows,src/mediapipeline/core/completed/facade.py,src/mediapipeline/core/publish/pending_rows.py
mediapipeline.core.completed.manifest,mediapipeline.core.completed.contracts,src/mediapipeline/core/completed/manifest.py,src/mediapipeline/core/completed/contracts.py
mediapipeline.core.completed.open_facade,mediapipeline.core.completed.contracts,src/mediapipeline/core/completed/open_facade.py,src/mediapipeline/core/completed/contracts.py
mediapipeline.core.completed.open_facade,mediapipeline.core.completed.open_policy,src/mediapipeline/core/completed/open_facade.py,src/mediapipeline/core/completed/open_policy.py
mediapipeline.core.completed.open_facade,mediapipeline.core.kernel.dto_commands,src/mediapipeline/core/completed/open_facade.py,src/mediapipeline/core/kernel/dto_commands.py
mediapipeline.core.completed.open_facade,mediapipeline.core.paths.contracts,src/mediapipeline/core/completed/open_facade.py,src/mediapipeline/core/paths/contracts.py
mediapipeline.core.completed.open_policy,mediapipeline.core.completed.contracts,src/mediapipeline/core/completed/open_policy.py,src/mediapipeline/core/completed/contracts.py
mediapipeline.core.completed.open_policy,mediapipeline.core.kernel.dto_commands,src/mediapipeline/core/completed/open_policy.py,src/mediapipeline/core/kernel/dto_commands.py
mediapipeline.core.completed.policy,mediapipeline.core.completed.policy_evidence,src/mediapipeline/core/completed/policy.py,src/mediapipeline/core/completed/policy_evidence.py
mediapipeline.core.completed.policy,mediapipeline.core.completed.policy_guidance,src/mediapipeline/core/completed/policy.py,src/mediapipeline/core/completed/policy_guidance.py
mediapipeline.core.completed.policy,mediapipeline.core.completed.policy_orchestration,src/mediapipeline/core/completed/policy.py,src/mediapipeline/core/completed/policy_orchestration.py
mediapipeline.core.completed.policy,mediapipeline.core.completed.policy_projection,src/mediapipeline/core/completed/policy.py,src/mediapipeline/core/completed/policy_projection.py
mediapipeline.core.completed.policy,mediapipeline.core.completed.policy_quality,src/mediapipeline/core/completed/policy.py,src/mediapipeline/core/completed/policy_quality.py
mediapipeline.core.completed.policy_evidence,mediapipeline.core.completed.contracts,src/mediapipeline/core/completed/policy_evidence.py,src/mediapipeline/core/completed/contracts.py
mediapipeline.core.completed.policy_evidence,mediapipeline.core.completed.manifest,src/mediapipeline/core/completed/policy_evidence.py,src/mediapipeline/core/completed/manifest.py
mediapipeline.core.completed.policy_evidence,mediapipeline.core.completed.policy_projection,src/mediapipeline/core/completed/policy_evidence.py,src/mediapipeline/core/completed/policy_projection.py
mediapipeline.core.completed.policy_evidence,mediapipeline.core.completed.trust_fields,src/mediapipeline/core/completed/policy_evidence.py,src/mediapipeline/core/completed/trust_fields.py
mediapipeline.core.completed.policy_evidence,mediapipeline.core.completed.validation_state,src/mediapipeline/core/completed/policy_evidence.py,src/mediapipeline/core/completed/validation_state.py
mediapipeline.core.completed.policy_evidence,mediapipeline.core.files.constants,src/mediapipeline/core/completed/policy_evidence.py,src/mediapipeline/core/files/constants.py
mediapipeline.core.completed.policy_evidence,mediapipeline.core.kernel.dto_inventory,src/mediapipeline/core/completed/policy_evidence.py,src/mediapipeline/core/kernel/dto_inventory.py
mediapipeline.core.completed.policy_evidence,mediapipeline.core.observability.artifact_freshness,src/mediapipeline/core/completed/policy_evidence.py,src/mediapipeline/core/observability/artifact_freshness.py
mediapipeline.core.completed.policy_evidence,mediapipeline.core.observability.runtime_outcomes,src/mediapipeline/core/completed/policy_evidence.py,src/mediapipeline/core/observability/runtime_outcomes.py
mediapipeline.core.completed.policy_evidence,mediapipeline.core.subtitles.qa,src/mediapipeline/core/completed/policy_evidence.py,src/mediapipeline/core/subtitles/qa.py
mediapipeline.core.completed.policy_guidance,mediapipeline.core.completed.contracts,src/mediapipeline/core/completed/policy_guidance.py,src/mediapipeline/core/completed/contracts.py
mediapipeline.core.completed.policy_guidance,mediapipeline.core.completed.manifest,src/mediapipeline/core/completed/policy_guidance.py,src/mediapipeline/core/completed/manifest.py
mediapipeline.core.completed.policy_guidance,mediapipeline.core.completed.policy_evidence,src/mediapipeline/core/completed/policy_guidance.py,src/mediapipeline/core/completed/policy_evidence.py
mediapipeline.core.completed.policy_guidance,mediapipeline.core.completed.policy_projection,src/mediapipeline/core/completed/policy_guidance.py,src/mediapipeline/core/completed/policy_projection.py
mediapipeline.core.completed.policy_guidance,mediapipeline.core.completed.policy_quality,src/mediapipeline/core/completed/policy_guidance.py,src/mediapipeline/core/completed/policy_quality.py
mediapipeline.core.completed.policy_guidance,mediapipeline.core.completed.trust_fields,src/mediapipeline/core/completed/policy_guidance.py,src/mediapipeline/core/completed/trust_fields.py
mediapipeline.core.completed.policy_guidance,mediapipeline.core.completed.validation_state,src/mediapipeline/core/completed/policy_guidance.py,src/mediapipeline/core/completed/validation_state.py
mediapipeline.core.completed.policy_guidance,mediapipeline.core.files.constants,src/mediapipeline/core/completed/policy_guidance.py,src/mediapipeline/core/files/constants.py
mediapipeline.core.completed.policy_guidance,mediapipeline.core.kernel.dto_inventory,src/mediapipeline/core/completed/policy_guidance.py,src/mediapipeline/core/kernel/dto_inventory.py
mediapipeline.core.completed.policy_guidance,mediapipeline.core.observability.artifact_freshness,src/mediapipeline/core/completed/policy_guidance.py,src/mediapipeline/core/observability/artifact_freshness.py
mediapipeline.core.completed.policy_guidance,mediapipeline.core.observability.runtime_outcomes,src/mediapipeline/core/completed/policy_guidance.py,src/mediapipeline/core/observability/runtime_outcomes.py
mediapipeline.core.completed.policy_guidance,mediapipeline.core.subtitles.qa,src/mediapipeline/core/completed/policy_guidance.py,src/mediapipeline/core/subtitles/qa.py
mediapipeline.core.completed.policy_orchestration,mediapipeline.core.completed.contracts,src/mediapipeline/core/completed/policy_orchestration.py,src/mediapipeline/core/completed/contracts.py
mediapipeline.core.completed.policy_orchestration,mediapipeline.core.completed.manifest,src/mediapipeline/core/completed/policy_orchestration.py,src/mediapipeline/core/completed/manifest.py
mediapipeline.core.completed.policy_orchestration,mediapipeline.core.completed.policy_evidence,src/mediapipeline/core/completed/policy_orchestration.py,src/mediapipeline/core/completed/policy_evidence.py
mediapipeline.core.completed.policy_orchestration,mediapipeline.core.completed.policy_guidance,src/mediapipeline/core/completed/policy_orchestration.py,src/mediapipeline/core/completed/policy_guidance.py
mediapipeline.core.completed.policy_orchestration,mediapipeline.core.completed.policy_projection,src/mediapipeline/core/completed/policy_orchestration.py,src/mediapipeline/core/completed/policy_projection.py
mediapipeline.core.completed.policy_orchestration,mediapipeline.core.completed.policy_quality,src/mediapipeline/core/completed/policy_orchestration.py,src/mediapipeline/core/completed/policy_quality.py
mediapipeline.core.completed.policy_orchestration,mediapipeline.core.completed.trust_fields,src/mediapipeline/core/completed/policy_orchestration.py,src/mediapipeline/core/completed/trust_fields.py
mediapipeline.core.completed.policy_orchestration,mediapipeline.core.completed.validation_state,src/mediapipeline/core/completed/policy_orchestration.py,src/mediapipeline/core/completed/validation_state.py
mediapipeline.core.completed.policy_orchestration,mediapipeline.core.files.constants,src/mediapipeline/core/completed/policy_orchestration.py,src/mediapipeline/core/files/constants.py
mediapipeline.core.completed.policy_orchestration,mediapipeline.core.kernel.dto_inventory,src/mediapipeline/core/completed/policy_orchestration.py,src/mediapipeline/core/kernel/dto_inventory.py
mediapipeline.core.completed.policy_orchestration,mediapipeline.core.observability.artifact_freshness,src/mediapipeline/core/completed/policy_orchestration.py,src/mediapipeline/core/observability/artifact_freshness.py
mediapipeline.core.completed.policy_orchestration,mediapipeline.core.observability.runtime_outcomes,src/mediapipeline/core/completed/policy_orchestration.py,src/mediapipeline/core/observability/runtime_outcomes.py
mediapipeline.core.completed.policy_orchestration,mediapipeline.core.subtitles.qa,src/mediapipeline/core/completed/policy_orchestration.py,src/mediapipeline/core/subtitles/qa.py
mediapipeline.core.completed.policy_projection,mediapipeline.core.completed.contracts,src/mediapipeline/core/completed/policy_projection.py,src/mediapipeline/core/completed/contracts.py
mediapipeline.core.completed.policy_projection,mediapipeline.core.completed.manifest,src/mediapipeline/core/completed/policy_projection.py,src/mediapipeline/core/completed/manifest.py
mediapipeline.core.completed.policy_projection,mediapipeline.core.completed.trust_fields,src/mediapipeline/core/completed/policy_projection.py,src/mediapipeline/core/completed/trust_fields.py
mediapipeline.core.completed.policy_projection,mediapipeline.core.completed.validation_state,src/mediapipeline/core/completed/policy_projection.py,src/mediapipeline/core/completed/validation_state.py
mediapipeline.core.completed.policy_projection,mediapipeline.core.files.constants,src/mediapipeline/core/completed/policy_projection.py,src/mediapipeline/core/files/constants.py
mediapipeline.core.completed.policy_projection,mediapipeline.core.kernel.dto_inventory,src/mediapipeline/core/completed/policy_projection.py,src/mediapipeline/core/kernel/dto_inventory.py
mediapipeline.core.completed.policy_projection,mediapipeline.core.observability.artifact_freshness,src/mediapipeline/core/completed/policy_projection.py,src/mediapipeline/core/observability/artifact_freshness.py
mediapipeline.core.completed.policy_projection,mediapipeline.core.observability.runtime_outcomes,src/mediapipeline/core/completed/policy_projection.py,src/mediapipeline/core/observability/runtime_outcomes.py
mediapipeline.core.completed.policy_projection,mediapipeline.core.subtitles.qa,src/mediapipeline/core/completed/policy_projection.py,src/mediapipeline/core/subtitles/qa.py
mediapipeline.core.completed.policy_quality,mediapipeline.core.completed.contracts,src/mediapipeline/core/completed/policy_quality.py,src/mediapipeline/core/completed/contracts.py
mediapipeline.core.completed.policy_quality,mediapipeline.core.completed.manifest,src/mediapipeline/core/completed/policy_quality.py,src/mediapipeline/core/completed/manifest.py
mediapipeline.core.completed.policy_quality,mediapipeline.core.completed.policy_evidence,src/mediapipeline/core/completed/policy_quality.py,src/mediapipeline/core/completed/policy_evidence.py
mediapipeline.core.completed.policy_quality,mediapipeline.core.completed.policy_projection,src/mediapipeline/core/completed/policy_quality.py,src/mediapipeline/core/completed/policy_projection.py
mediapipeline.core.completed.policy_quality,mediapipeline.core.completed.trust_fields,src/mediapipeline/core/completed/policy_quality.py,src/mediapipeline/core/completed/trust_fields.py
mediapipeline.core.completed.policy_quality,mediapipeline.core.completed.validation_state,src/mediapipeline/core/completed/policy_quality.py,src/mediapipeline/core/completed/validation_state.py
mediapipeline.core.completed.policy_quality,mediapipeline.core.files.constants,src/mediapipeline/core/completed/policy_quality.py,src/mediapipeline/core/files/constants.py
mediapipeline.core.completed.policy_quality,mediapipeline.core.kernel.dto_inventory,src/mediapipeline/core/completed/policy_quality.py,src/mediapipeline/core/kernel/dto_inventory.py
mediapipeline.core.completed.policy_quality,mediapipeline.core.observability.artifact_freshness,src/mediapipeline/core/completed/policy_quality.py,src/mediapipeline/core/observability/artifact_freshness.py
mediapipeline.core.completed.policy_quality,mediapipeline.core.observability.runtime_outcomes,src/mediapipeline/core/completed/policy_quality.py,src/mediapipeline/core/observability/runtime_outcomes.py
mediapipeline.core.completed.policy_quality,mediapipeline.core.subtitles.qa,src/mediapipeline/core/completed/policy_quality.py,src/mediapipeline/core/subtitles/qa.py
mediapipeline.core.completed.service,mediapipeline.core.completed.backfill,src/mediapipeline/core/completed/service.py,src/mediapipeline/core/completed/backfill.py
mediapipeline.core.completed.service,mediapipeline.core.completed.contracts,src/mediapipeline/core/completed/service.py,src/mediapipeline/core/completed/contracts.py
mediapipeline.core.completed.service,mediapipeline.core.completed.manifest,src/mediapipeline/core/completed/service.py,src/mediapipeline/core/completed/manifest.py
mediapipeline.core.completed.service,mediapipeline.core.kernel.config_keys,src/mediapipeline/core/completed/service.py,src/mediapipeline/core/kernel/config_keys.py
mediapipeline.core.completed.service,mediapipeline.core.kernel.runtime.subprocess_runner,src/mediapipeline/core/completed/service.py,src/mediapipeline/core/kernel/runtime/subprocess_runner.py
mediapipeline.core.completed.service,mediapipeline.core.paths.contracts,src/mediapipeline/core/completed/service.py,src/mediapipeline/core/paths/contracts.py
mediapipeline.core.config.contracts,mediapipeline.core.kernel.runtime.subprocess_runner,src/mediapipeline/core/config/contracts.py,src/mediapipeline/core/kernel/runtime/subprocess_runner.py
mediapipeline.core.config.document_runner,mediapipeline.core.config.contracts,src/mediapipeline/core/config/document_runner.py,src/mediapipeline/core/config/contracts.py
mediapipeline.core.config.document_runner,mediapipeline.core.config.load,src/mediapipeline/core/config/document_runner.py,src/mediapipeline/core/config/load.py
mediapipeline.core.config.encoding_capabilities,mediapipeline.core.config.preset_policy,src/mediapipeline/core/config/encoding_capabilities.py,src/mediapipeline/core/config/preset_policy.py
mediapipeline.core.config.identity,mediapipeline.core.kernel.config_locations,src/mediapipeline/core/config/identity.py,src/mediapipeline/core/kernel/config_locations.py
mediapipeline.core.config.library_profile_defaults,mediapipeline.core.config.metadata_parts.field_definitions,src/mediapipeline/core/config/library_profile_defaults.py,src/mediapipeline/core/config/metadata_parts/field_definitions.py
mediapipeline.core.config.library_profile_defaults,mediapipeline.core.kernel.config_keys,src/mediapipeline/core/config/library_profile_defaults.py,src/mediapipeline/core/kernel/config_keys.py
mediapipeline.core.config.library_profile_normalization,mediapipeline.core.config.library_profile_defaults,src/mediapipeline/core/config/library_profile_normalization.py,src/mediapipeline/core/config/library_profile_defaults.py
mediapipeline.core.config.library_profile_normalization,mediapipeline.core.kernel.config_keys,src/mediapipeline/core/config/library_profile_normalization.py,src/mediapipeline/core/kernel/config_keys.py
mediapipeline.core.config.library_profile_normalization,mediapipeline.core.validation.strict_json,src/mediapipeline/core/config/library_profile_normalization.py,src/mediapipeline/core/validation/strict_json.py
mediapipeline.core.config.library_profile_promotion,mediapipeline.core.config.library_profile_defaults,src/mediapipeline/core/config/library_profile_promotion.py,src/mediapipeline/core/config/library_profile_defaults.py
mediapipeline.core.config.library_profile_promotion,mediapipeline.core.config.library_profile_normalization,src/mediapipeline/core/config/library_profile_promotion.py,src/mediapipeline/core/config/library_profile_normalization.py
mediapipeline.core.config.library_profile_promotion,mediapipeline.core.kernel.config_keys,src/mediapipeline/core/config/library_profile_promotion.py,src/mediapipeline/core/kernel/config_keys.py
mediapipeline.core.config.library_profile_promotion,mediapipeline.core.validation.strict_json,src/mediapipeline/core/config/library_profile_promotion.py,src/mediapipeline/core/validation/strict_json.py
mediapipeline.core.config.library_profile_state,mediapipeline.core.config.library_profile_defaults,src/mediapipeline/core/config/library_profile_state.py,src/mediapipeline/core/config/library_profile_defaults.py
mediapipeline.core.config.library_profile_state,mediapipeline.core.config.library_profile_normalization,src/mediapipeline/core/config/library_profile_state.py,src/mediapipeline/core/config/library_profile_normalization.py
mediapipeline.core.config.library_profile_state,mediapipeline.core.config.library_profile_promotion,src/mediapipeline/core/config/library_profile_state.py,src/mediapipeline/core/config/library_profile_promotion.py
mediapipeline.core.config.library_profile_state,mediapipeline.core.kernel.config_keys,src/mediapipeline/core/config/library_profile_state.py,src/mediapipeline/core/kernel/config_keys.py
mediapipeline.core.config.library_profile_validation,mediapipeline.core.config.library_profile_defaults,src/mediapipeline/core/config/library_profile_validation.py,src/mediapipeline/core/config/library_profile_defaults.py
mediapipeline.core.config.library_profile_validation,mediapipeline.core.config.library_profile_normalization,src/mediapipeline/core/config/library_profile_validation.py,src/mediapipeline/core/config/library_profile_normalization.py
mediapipeline.core.config.library_profile_validation,mediapipeline.core.config.library_profile_state,src/mediapipeline/core/config/library_profile_validation.py,src/mediapipeline/core/config/library_profile_state.py
mediapipeline.core.config.library_profile_validation,mediapipeline.core.config.numeric_policy,src/mediapipeline/core/config/library_profile_validation.py,src/mediapipeline/core/config/numeric_policy.py
mediapipeline.core.config.library_profile_validation,mediapipeline.core.config.option_policy,src/mediapipeline/core/config/library_profile_validation.py,src/mediapipeline/core/config/option_policy.py
mediapipeline.core.config.library_profile_validation,mediapipeline.core.kernel.config_keys,src/mediapipeline/core/config/library_profile_validation.py,src/mediapipeline/core/kernel/config_keys.py
mediapipeline.core.config.library_profile_wizard,mediapipeline.core.config.library_profile_defaults,src/mediapipeline/core/config/library_profile_wizard.py,src/mediapipeline/core/config/library_profile_defaults.py
mediapipeline.core.config.library_profile_wizard,mediapipeline.core.config.library_profile_normalization,src/mediapipeline/core/config/library_profile_wizard.py,src/mediapipeline/core/config/library_profile_normalization.py
mediapipeline.core.config.library_profile_wizard,mediapipeline.core.kernel.config_keys,src/mediapipeline/core/config/library_profile_wizard.py,src/mediapipeline/core/kernel/config_keys.py
mediapipeline.core.config.library_profiles,mediapipeline.core.config.library_profile_compatibility,src/mediapipeline/core/config/library_profiles.py,src/mediapipeline/core/config/library_profile_compatibility.py
mediapipeline.core.config.library_profiles,mediapipeline.core.config.library_profile_defaults,src/mediapipeline/core/config/library_profiles.py,src/mediapipeline/core/config/library_profile_defaults.py
mediapipeline.core.config.library_profiles,mediapipeline.core.config.library_profile_normalization,src/mediapipeline/core/config/library_profiles.py,src/mediapipeline/core/config/library_profile_normalization.py
mediapipeline.core.config.library_profiles,mediapipeline.core.config.library_profile_promotion,src/mediapipeline/core/config/library_profiles.py,src/mediapipeline/core/config/library_profile_promotion.py
mediapipeline.core.config.library_profiles,mediapipeline.core.config.library_profile_state,src/mediapipeline/core/config/library_profiles.py,src/mediapipeline/core/config/library_profile_state.py
mediapipeline.core.config.library_profiles,mediapipeline.core.config.library_profile_validation,src/mediapipeline/core/config/library_profiles.py,src/mediapipeline/core/config/library_profile_validation.py
mediapipeline.core.config.library_profiles,mediapipeline.core.config.library_profile_wizard,src/mediapipeline/core/config/library_profiles.py,src/mediapipeline/core/config/library_profile_wizard.py
mediapipeline.core.config.load,mediapipeline.contracts.config,src/mediapipeline/core/config/load.py,src/mediapipeline/contracts/config.py
mediapipeline.core.config.load,mediapipeline.tools.paths,src/mediapipeline/core/config/load.py,src/mediapipeline/tools/paths.py
mediapipeline.core.config.metadata,mediapipeline.contracts.config,src/mediapipeline/core/config/metadata.py,src/mediapipeline/contracts/config.py
mediapipeline.core.config.metadata,mediapipeline.core.config.metadata_choices,src/mediapipeline/core/config/metadata.py,src/mediapipeline/core/config/metadata_choices.py
mediapipeline.core.config.metadata,mediapipeline.core.config.metadata_layout,src/mediapipeline/core/config/metadata.py,src/mediapipeline/core/config/metadata_layout.py
mediapipeline.core.config.metadata,mediapipeline.core.config.metadata_network,src/mediapipeline/core/config/metadata.py,src/mediapipeline/core/config/metadata_network.py
mediapipeline.core.config.metadata,mediapipeline.core.config.metadata_parts.field_definitions,src/mediapipeline/core/config/metadata.py,src/mediapipeline/core/config/metadata_parts/field_definitions.py
mediapipeline.core.config.metadata,mediapipeline.core.config.metadata_parts.policy,src/mediapipeline/core/config/metadata.py,src/mediapipeline/core/config/metadata_parts/policy.py
mediapipeline.core.config.metadata,mediapipeline.core.config.metadata_support,src/mediapipeline/core/config/metadata.py,src/mediapipeline/core/config/metadata_support.py
mediapipeline.core.config.metadata_parts.advanced_fields,mediapipeline.core.config.metadata_parts.policy,src/mediapipeline/core/config/metadata_parts/advanced_fields.py,src/mediapipeline/core/config/metadata_parts/policy.py
mediapipeline.core.config.metadata_parts.advanced_fields,mediapipeline.core.rename.constants,src/mediapipeline/core/config/metadata_parts/advanced_fields.py,src/mediapipeline/core/rename/constants.py
mediapipeline.core.config.metadata_parts.advanced_fields,mediapipeline.core.rename.movie,src/mediapipeline/core/config/metadata_parts/advanced_fields.py,src/mediapipeline/core/rename/movie.py
mediapipeline.core.config.metadata_parts.advanced_fields,mediapipeline.core.rename.tv,src/mediapipeline/core/config/metadata_parts/advanced_fields.py,src/mediapipeline/core/rename/tv.py
mediapipeline.core.config.metadata_parts.basic_fields,mediapipeline.core.config.metadata_parts.basic_media_policy,src/mediapipeline/core/config/metadata_parts/basic_fields.py,src/mediapipeline/core/config/metadata_parts/basic_media_policy.py
mediapipeline.core.config.metadata_parts.basic_fields,mediapipeline.core.config.metadata_parts.basic_paths,src/mediapipeline/core/config/metadata_parts/basic_fields.py,src/mediapipeline/core/config/metadata_parts/basic_paths.py
mediapipeline.core.config.metadata_parts.basic_fields,mediapipeline.core.config.metadata_parts.basic_processing,src/mediapipeline/core/config/metadata_parts/basic_fields.py,src/mediapipeline/core/config/metadata_parts/basic_processing.py
mediapipeline.core.config.metadata_parts.basic_media_policy,mediapipeline.core.config.metadata_choices,src/mediapipeline/core/config/metadata_parts/basic_media_policy.py,src/mediapipeline/core/config/metadata_choices.py
mediapipeline.core.config.metadata_parts.basic_media_policy,mediapipeline.core.config.metadata_parts.policy,src/mediapipeline/core/config/metadata_parts/basic_media_policy.py,src/mediapipeline/core/config/metadata_parts/policy.py
mediapipeline.core.config.metadata_parts.basic_media_policy,mediapipeline.core.config.metadata_support,src/mediapipeline/core/config/metadata_parts/basic_media_policy.py,src/mediapipeline/core/config/metadata_support.py
mediapipeline.core.config.metadata_parts.basic_processing,mediapipeline.core.config.metadata_parts.policy,src/mediapipeline/core/config/metadata_parts/basic_processing.py,src/mediapipeline/core/config/metadata_parts/policy.py
mediapipeline.core.config.metadata_parts.field_definitions,mediapipeline.core.config.metadata_parts.field_display,src/mediapipeline/core/config/metadata_parts/field_definitions.py,src/mediapipeline/core/config/metadata_parts/field_display.py
mediapipeline.core.config.metadata_parts.field_definitions,mediapipeline.core.config.metadata_parts.field_registry,src/mediapipeline/core/config/metadata_parts/field_definitions.py,src/mediapipeline/core/config/metadata_parts/field_registry.py
mediapipeline.core.config.metadata_parts.field_definitions,mediapipeline.core.config.metadata_parts.field_scope,src/mediapipeline/core/config/metadata_parts/field_definitions.py,src/mediapipeline/core/config/metadata_parts/field_scope.py
mediapipeline.core.config.metadata_parts.field_display,mediapipeline.core.config.metadata_parts.field_scope,src/mediapipeline/core/config/metadata_parts/field_display.py,src/mediapipeline/core/config/metadata_parts/field_scope.py
mediapipeline.core.config.metadata_parts.field_registry,mediapipeline.core.config.metadata_parts.advanced_fields,src/mediapipeline/core/config/metadata_parts/field_registry.py,src/mediapipeline/core/config/metadata_parts/advanced_fields.py
mediapipeline.core.config.metadata_parts.field_registry,mediapipeline.core.config.metadata_parts.basic_fields,src/mediapipeline/core/config/metadata_parts/field_registry.py,src/mediapipeline/core/config/metadata_parts/basic_fields.py
mediapipeline.core.config.metadata_parts.field_registry,mediapipeline.core.config.metadata_parts.network_fields,src/mediapipeline/core/config/metadata_parts/field_registry.py,src/mediapipeline/core/config/metadata_parts/network_fields.py
mediapipeline.core.config.metadata_parts.field_registry,mediapipeline.core.config.metadata_parts.queue_fields,src/mediapipeline/core/config/metadata_parts/field_registry.py,src/mediapipeline/core/config/metadata_parts/queue_fields.py
mediapipeline.core.config.metadata_parts.field_registry,mediapipeline.core.config.metadata_parts.subtitle_fields,src/mediapipeline/core/config/metadata_parts/field_registry.py,src/mediapipeline/core/config/metadata_parts/subtitle_fields.py
mediapipeline.core.config.metadata_parts.field_registry,mediapipeline.core.config.metadata_parts.video_fields,src/mediapipeline/core/config/metadata_parts/field_registry.py,src/mediapipeline/core/config/metadata_parts/video_fields.py
mediapipeline.core.config.metadata_parts.field_registry,mediapipeline.core.config.metadata_parts.watch_fields,src/mediapipeline/core/config/metadata_parts/field_registry.py,src/mediapipeline/core/config/metadata_parts/watch_fields.py
mediapipeline.core.config.metadata_parts.field_scope,mediapipeline.core.config.preset_compatibility,src/mediapipeline/core/config/metadata_parts/field_scope.py,src/mediapipeline/core/config/preset_compatibility.py
mediapipeline.core.config.metadata_parts.network_fields,mediapipeline.core.config.metadata_network,src/mediapipeline/core/config/metadata_parts/network_fields.py,src/mediapipeline/core/config/metadata_network.py
mediapipeline.core.config.metadata_parts.policy,mediapipeline.core.config.constants,src/mediapipeline/core/config/metadata_parts/policy.py,src/mediapipeline/core/config/constants.py
mediapipeline.core.config.metadata_parts.video_fields,mediapipeline.core.config.metadata_parts.policy,src/mediapipeline/core/config/metadata_parts/video_fields.py,src/mediapipeline/core/config/metadata_parts/policy.py
mediapipeline.core.config.metadata_parts.video_fields,mediapipeline.core.config.metadata_support,src/mediapipeline/core/config/metadata_parts/video_fields.py,src/mediapipeline/core/config/metadata_support.py
mediapipeline.core.config.numeric_policy,mediapipeline.contracts.height_tolerance,src/mediapipeline/core/config/numeric_policy.py,src/mediapipeline/contracts/height_tolerance.py
mediapipeline.core.config.numeric_policy,mediapipeline.core.config.value_checks,src/mediapipeline/core/config/numeric_policy.py,src/mediapipeline/core/config/value_checks.py
mediapipeline.core.config.numeric_policy,mediapipeline.core.kernel.config_keys,src/mediapipeline/core/config/numeric_policy.py,src/mediapipeline/core/kernel/config_keys.py
mediapipeline.core.config.option_policy,mediapipeline.core.config.constants,src/mediapipeline/core/config/option_policy.py,src/mediapipeline/core/config/constants.py
mediapipeline.core.config.option_policy,mediapipeline.core.kernel.config_keys,src/mediapipeline/core/config/option_policy.py,src/mediapipeline/core/kernel/config_keys.py
mediapipeline.core.config.path_warnings,mediapipeline.core.config.value_checks,src/mediapipeline/core/config/path_warnings.py,src/mediapipeline/core/config/value_checks.py
mediapipeline.core.config.path_warnings,mediapipeline.core.kernel.config_keys,src/mediapipeline/core/config/path_warnings.py,src/mediapipeline/core/kernel/config_keys.py
mediapipeline.core.config.preset_compatibility,mediapipeline.contracts.config,src/mediapipeline/core/config/preset_compatibility.py,src/mediapipeline/contracts/config.py
mediapipeline.core.config.preset_library,mediapipeline.core.config.preset_migration,src/mediapipeline/core/config/preset_library.py,src/mediapipeline/core/config/preset_migration.py
mediapipeline.core.config.preset_library,mediapipeline.core.config.preset_policy,src/mediapipeline/core/config/preset_library.py,src/mediapipeline/core/config/preset_policy.py
mediapipeline.core.config.preset_library,mediapipeline.core.kernel.dto_commands,src/mediapipeline/core/config/preset_library.py,src/mediapipeline/core/kernel/dto_commands.py
mediapipeline.core.config.preset_migration,mediapipeline.contracts.config,src/mediapipeline/core/config/preset_migration.py,src/mediapipeline/contracts/config.py
mediapipeline.core.config.preset_migration,mediapipeline.contracts.decision_policy,src/mediapipeline/core/config/preset_migration.py,src/mediapipeline/contracts/decision_policy.py
mediapipeline.core.config.preset_migration,mediapipeline.core.config.encoding_capabilities,src/mediapipeline/core/config/preset_migration.py,src/mediapipeline/core/config/encoding_capabilities.py
mediapipeline.core.config.preset_migration,mediapipeline.core.config.preset_compatibility,src/mediapipeline/core/config/preset_migration.py,src/mediapipeline/core/config/preset_compatibility.py
mediapipeline.core.config.preset_migration,mediapipeline.core.config.preset_display_adapter,src/mediapipeline/core/config/preset_migration.py,src/mediapipeline/core/config/preset_display_adapter.py
mediapipeline.core.config.preset_migration,mediapipeline.core.config.preset_migration_models,src/mediapipeline/core/config/preset_migration.py,src/mediapipeline/core/config/preset_migration_models.py
mediapipeline.core.config.preset_migration,mediapipeline.core.config.preset_policy,src/mediapipeline/core/config/preset_migration.py,src/mediapipeline/core/config/preset_policy.py
mediapipeline.core.config.preset_migration_models,mediapipeline.contracts.config,src/mediapipeline/core/config/preset_migration_models.py,src/mediapipeline/contracts/config.py
mediapipeline.core.config.preset_migration_models,mediapipeline.contracts.verification,src/mediapipeline/core/config/preset_migration_models.py,src/mediapipeline/contracts/verification.py
mediapipeline.core.config.preset_policy,mediapipeline.contracts.height_tolerance,src/mediapipeline/core/config/preset_policy.py,src/mediapipeline/contracts/height_tolerance.py
mediapipeline.core.config.preset_policy,mediapipeline.contracts.verification,src/mediapipeline/core/config/preset_policy.py,src/mediapipeline/contracts/verification.py
mediapipeline.core.config.preset_policy,mediapipeline.core.config.preset_encoding_sections,src/mediapipeline/core/config/preset_policy.py,src/mediapipeline/core/config/preset_encoding_sections.py
mediapipeline.core.config.preview,mediapipeline.contracts.config,src/mediapipeline/core/config/preview.py,src/mediapipeline/contracts/config.py
mediapipeline.core.config.preview,mediapipeline.core.config.constants,src/mediapipeline/core/config/preview.py,src/mediapipeline/core/config/constants.py
mediapipeline.core.config.preview,mediapipeline.core.config.contracts,src/mediapipeline/core/config/preview.py,src/mediapipeline/core/config/contracts.py
mediapipeline.core.config.preview,mediapipeline.core.config.library_profiles,src/mediapipeline/core/config/preview.py,src/mediapipeline/core/config/library_profiles.py
mediapipeline.core.config.profiles,mediapipeline.core.config.constants,src/mediapipeline/core/config/profiles.py,src/mediapipeline/core/config/constants.py
mediapipeline.core.config.recovery,mediapipeline.core.config.identity,src/mediapipeline/core/config/recovery.py,src/mediapipeline/core/config/identity.py
mediapipeline.core.config.recovery,mediapipeline.core.kernel.config_locations,src/mediapipeline/core/config/recovery.py,src/mediapipeline/core/kernel/config_locations.py
mediapipeline.core.config.rollout,mediapipeline.core.config.preset_policy,src/mediapipeline/core/config/rollout.py,src/mediapipeline/core/config/preset_policy.py
mediapipeline.core.config.save_runner,mediapipeline.core.config.contracts,src/mediapipeline/core/config/save_runner.py,src/mediapipeline/core/config/contracts.py
mediapipeline.core.config.save_runner,mediapipeline.core.config.file_io,src/mediapipeline/core/config/save_runner.py,src/mediapipeline/core/config/file_io.py
mediapipeline.core.config.save_runner,mediapipeline.core.paths.contracts,src/mediapipeline/core/config/save_runner.py,src/mediapipeline/core/paths/contracts.py
mediapipeline.core.config.service,mediapipeline.core.config.contracts,src/mediapipeline/core/config/service.py,src/mediapipeline/core/config/contracts.py
mediapipeline.core.config.service,mediapipeline.core.config.document_runner,src/mediapipeline/core/config/service.py,src/mediapipeline/core/config/document_runner.py
mediapipeline.core.config.service,mediapipeline.core.config.load,src/mediapipeline/core/config/service.py,src/mediapipeline/core/config/load.py
mediapipeline.core.config.service,mediapipeline.core.config.path_warnings,src/mediapipeline/core/config/service.py,src/mediapipeline/core/config/path_warnings.py
mediapipeline.core.config.service,mediapipeline.core.config.preview,src/mediapipeline/core/config/service.py,src/mediapipeline/core/config/preview.py
mediapipeline.core.config.service,mediapipeline.core.config.profiles,src/mediapipeline/core/config/service.py,src/mediapipeline/core/config/profiles.py
mediapipeline.core.config.service,mediapipeline.core.config.save_runner,src/mediapipeline/core/config/service.py,src/mediapipeline/core/config/save_runner.py
mediapipeline.core.config.service,mediapipeline.core.config.settings_store,src/mediapipeline/core/config/service.py,src/mediapipeline/core/config/settings_store.py
mediapipeline.core.config.service,mediapipeline.core.config.validation,src/mediapipeline/core/config/service.py,src/mediapipeline/core/config/validation.py
mediapipeline.core.config.service,mediapipeline.core.kernel.runtime.subprocess_runner,src/mediapipeline/core/config/service.py,src/mediapipeline/core/kernel/runtime/subprocess_runner.py
mediapipeline.core.config.service,mediapipeline.core.paths.contracts,src/mediapipeline/core/config/service.py,src/mediapipeline/core/paths/contracts.py
mediapipeline.core.config.settings_facade,mediapipeline.core.config.identity,src/mediapipeline/core/config/settings_facade.py,src/mediapipeline/core/config/identity.py
mediapipeline.core.config.settings_facade,mediapipeline.core.config.library_profiles,src/mediapipeline/core/config/settings_facade.py,src/mediapipeline/core/config/library_profiles.py
mediapipeline.core.config.settings_facade,mediapipeline.core.config.profiles,src/mediapipeline/core/config/settings_facade.py,src/mediapipeline/core/config/profiles.py
mediapipeline.core.config.settings_facade,mediapipeline.core.config.settings_policy,src/mediapipeline/core/config/settings_facade.py,src/mediapipeline/core/config/settings_policy.py
mediapipeline.core.config.settings_facade,mediapipeline.core.config.settings_risk_policy,src/mediapipeline/core/config/settings_facade.py,src/mediapipeline/core/config/settings_risk_policy.py
mediapipeline.core.config.settings_facade,mediapipeline.core.kernel.dto_commands,src/mediapipeline/core/config/settings_facade.py,src/mediapipeline/core/kernel/dto_commands.py
mediapipeline.core.config.settings_facade,mediapipeline.core.kernel.dto_workspaces,src/mediapipeline/core/config/settings_facade.py,src/mediapipeline/core/kernel/dto_workspaces.py
mediapipeline.core.config.settings_facade,mediapipeline.core.paths.contracts,src/mediapipeline/core/config/settings_facade.py,src/mediapipeline/core/paths/contracts.py
mediapipeline.core.config.settings_facade,mediapipeline.core.processes.path_evidence,src/mediapipeline/core/config/settings_facade.py,src/mediapipeline/core/processes/path_evidence.py
mediapipeline.core.config.settings_helpers_facade,mediapipeline.core.config.metadata,src/mediapipeline/core/config/settings_helpers_facade.py,src/mediapipeline/core/config/metadata.py
mediapipeline.core.config.settings_patch_candidate_facade,mediapipeline.core.config.library_profiles,src/mediapipeline/core/config/settings_patch_candidate_facade.py,src/mediapipeline/core/config/library_profiles.py
mediapipeline.core.config.settings_patch_candidate_facade,mediapipeline.core.config.metadata_network,src/mediapipeline/core/config/settings_patch_candidate_facade.py,src/mediapipeline/core/config/metadata_network.py
mediapipeline.core.config.settings_patch_candidate_facade,mediapipeline.core.config.settings_patch_policy,src/mediapipeline/core/config/settings_patch_candidate_facade.py,src/mediapipeline/core/config/settings_patch_policy.py
mediapipeline.core.config.settings_patch_candidate_facade,mediapipeline.core.config.validation,src/mediapipeline/core/config/settings_patch_candidate_facade.py,src/mediapipeline/core/config/validation.py
mediapipeline.core.config.settings_patch_candidate_facade,mediapipeline.core.kernel.config_keys,src/mediapipeline/core/config/settings_patch_candidate_facade.py,src/mediapipeline/core/kernel/config_keys.py
mediapipeline.core.config.settings_patch_candidate_facade,mediapipeline.core.kernel.dto_base,src/mediapipeline/core/config/settings_patch_candidate_facade.py,src/mediapipeline/core/kernel/dto_base.py
mediapipeline.core.config.settings_patch_candidate_facade,mediapipeline.core.paths.contracts,src/mediapipeline/core/config/settings_patch_candidate_facade.py,src/mediapipeline/core/paths/contracts.py
mediapipeline.core.config.settings_patch_candidate_facade,mediapipeline.core.rename.policy,src/mediapipeline/core/config/settings_patch_candidate_facade.py,src/mediapipeline/core/rename/policy.py
mediapipeline.core.config.settings_patch_policy,mediapipeline.core.kernel.dto_base,src/mediapipeline/core/config/settings_patch_policy.py,src/mediapipeline/core/kernel/dto_base.py
mediapipeline.core.config.settings_patch_policy,mediapipeline.core.kernel.dto_commands,src/mediapipeline/core/config/settings_patch_policy.py,src/mediapipeline/core/kernel/dto_commands.py
mediapipeline.core.config.settings_patch_policy,mediapipeline.core.paths.contracts,src/mediapipeline/core/config/settings_patch_policy.py,src/mediapipeline/core/paths/contracts.py
mediapipeline.core.config.settings_policy,mediapipeline.core.config.encoding_capabilities,src/mediapipeline/core/config/settings_policy.py,src/mediapipeline/core/config/encoding_capabilities.py
mediapipeline.core.config.settings_policy,mediapipeline.core.kernel.config_keys,src/mediapipeline/core/config/settings_policy.py,src/mediapipeline/core/kernel/config_keys.py
mediapipeline.core.config.settings_policy,mediapipeline.core.kernel.dto_commands,src/mediapipeline/core/config/settings_policy.py,src/mediapipeline/core/kernel/dto_commands.py
mediapipeline.core.config.settings_policy,mediapipeline.core.paths.contracts,src/mediapipeline/core/config/settings_policy.py,src/mediapipeline/core/paths/contracts.py
mediapipeline.core.config.settings_risk_facade,mediapipeline.core.config.settings_risk_policy,src/mediapipeline/core/config/settings_risk_facade.py,src/mediapipeline/core/config/settings_risk_policy.py
mediapipeline.core.config.settings_risk_policy,mediapipeline.core.config.metadata,src/mediapipeline/core/config/settings_risk_policy.py,src/mediapipeline/core/config/metadata.py
mediapipeline.core.config.settings_risk_policy,mediapipeline.core.config.settings_risk_policy_rules,src/mediapipeline/core/config/settings_risk_policy.py,src/mediapipeline/core/config/settings_risk_policy_rules.py
mediapipeline.core.config.settings_risk_policy,mediapipeline.core.kernel.config_keys,src/mediapipeline/core/config/settings_risk_policy.py,src/mediapipeline/core/kernel/config_keys.py
mediapipeline.core.config.settings_risk_policy_rules,mediapipeline.core.kernel.config_keys,src/mediapipeline/core/config/settings_risk_policy_rules.py,src/mediapipeline/core/kernel/config_keys.py
mediapipeline.core.config.settings_store,mediapipeline.contracts.config,src/mediapipeline/core/config/settings_store.py,src/mediapipeline/contracts/config.py
mediapipeline.core.config.settings_store,mediapipeline.contracts.config_coercion,src/mediapipeline/core/config/settings_store.py,src/mediapipeline/contracts/config_coercion.py
mediapipeline.core.config.settings_store,mediapipeline.contracts.config_defaults,src/mediapipeline/core/config/settings_store.py,src/mediapipeline/contracts/config_defaults.py
mediapipeline.core.config.settings_store,mediapipeline.core.config.authority_lock,src/mediapipeline/core/config/settings_store.py,src/mediapipeline/core/config/authority_lock.py
mediapipeline.core.config.settings_store,mediapipeline.core.config.contracts,src/mediapipeline/core/config/settings_store.py,src/mediapipeline/core/config/contracts.py
mediapipeline.core.config.settings_store,mediapipeline.core.config.file_io,src/mediapipeline/core/config/settings_store.py,src/mediapipeline/core/config/file_io.py
mediapipeline.core.config.settings_store,mediapipeline.core.config.load,src/mediapipeline/core/config/settings_store.py,src/mediapipeline/core/config/load.py
mediapipeline.core.config.settings_store,mediapipeline.core.config.settings_patch_policy,src/mediapipeline/core/config/settings_store.py,src/mediapipeline/core/config/settings_patch_policy.py
mediapipeline.core.config.settings_store,mediapipeline.core.config.validation,src/mediapipeline/core/config/settings_store.py,src/mediapipeline/core/config/validation.py
mediapipeline.core.config.settings_store,mediapipeline.core.kernel.config_key_aliases,src/mediapipeline/core/config/settings_store.py,src/mediapipeline/core/kernel/config_key_aliases.py
mediapipeline.core.config.settings_store,mediapipeline.core.kernel.config_key_order,src/mediapipeline/core/config/settings_store.py,src/mediapipeline/core/kernel/config_key_order.py
mediapipeline.core.config.settings_store,mediapipeline.core.kernel.config_locations,src/mediapipeline/core/config/settings_store.py,src/mediapipeline/core/kernel/config_locations.py
mediapipeline.core.config.settings_store,mediapipeline.core.paths.contracts,src/mediapipeline/core/config/settings_store.py,src/mediapipeline/core/paths/contracts.py
mediapipeline.core.config.settings_wizard,mediapipeline.core.config.encoding_capabilities,src/mediapipeline/core/config/settings_wizard.py,src/mediapipeline/core/config/encoding_capabilities.py
mediapipeline.core.config.settings_wizard,mediapipeline.core.config.identity,src/mediapipeline/core/config/settings_wizard.py,src/mediapipeline/core/config/identity.py
mediapipeline.core.config.settings_wizard,mediapipeline.core.config.library_profiles,src/mediapipeline/core/config/settings_wizard.py,src/mediapipeline/core/config/library_profiles.py
mediapipeline.core.config.settings_wizard,mediapipeline.core.config.settings_patch_policy,src/mediapipeline/core/config/settings_wizard.py,src/mediapipeline/core/config/settings_patch_policy.py
mediapipeline.core.config.settings_wizard,mediapipeline.core.config.settings_wizard_tools,src/mediapipeline/core/config/settings_wizard.py,src/mediapipeline/core/config/settings_wizard_tools.py
mediapipeline.core.config.settings_wizard,mediapipeline.core.kernel.config_keys,src/mediapipeline/core/config/settings_wizard.py,src/mediapipeline/core/kernel/config_keys.py
mediapipeline.core.config.settings_wizard,mediapipeline.core.kernel.dto_commands,src/mediapipeline/core/config/settings_wizard.py,src/mediapipeline/core/kernel/dto_commands.py
mediapipeline.core.config.settings_wizard,mediapipeline.core.paths.contracts,src/mediapipeline/core/config/settings_wizard.py,src/mediapipeline/core/paths/contracts.py
mediapipeline.core.config.settings_wizard_facade,mediapipeline.core.config.settings_wizard,src/mediapipeline/core/config/settings_wizard_facade.py,src/mediapipeline/core/config/settings_wizard.py
mediapipeline.core.config.settings_wizard_facade,mediapipeline.core.kernel.dto_commands,src/mediapipeline/core/config/settings_wizard_facade.py,src/mediapipeline/core/kernel/dto_commands.py
mediapipeline.core.config.settings_wizard_facade,mediapipeline.core.paths.contracts,src/mediapipeline/core/config/settings_wizard_facade.py,src/mediapipeline/core/paths/contracts.py
mediapipeline.core.config.settings_wizard_tools,mediapipeline.core.config.encoding_capabilities,src/mediapipeline/core/config/settings_wizard_tools.py,src/mediapipeline/core/config/encoding_capabilities.py
mediapipeline.core.config.settings_wizard_tools,mediapipeline.core.config.identity,src/mediapipeline/core/config/settings_wizard_tools.py,src/mediapipeline/core/config/identity.py
mediapipeline.core.config.settings_wizard_tools,mediapipeline.core.config.library_profiles,src/mediapipeline/core/config/settings_wizard_tools.py,src/mediapipeline/core/config/library_profiles.py
mediapipeline.core.config.settings_wizard_tools,mediapipeline.core.config.settings_patch_policy,src/mediapipeline/core/config/settings_wizard_tools.py,src/mediapipeline/core/config/settings_patch_policy.py
mediapipeline.core.config.settings_wizard_tools,mediapipeline.core.kernel.config_keys,src/mediapipeline/core/config/settings_wizard_tools.py,src/mediapipeline/core/kernel/config_keys.py
mediapipeline.core.config.settings_wizard_tools,mediapipeline.core.kernel.dto_commands,src/mediapipeline/core/config/settings_wizard_tools.py,src/mediapipeline/core/kernel/dto_commands.py
mediapipeline.core.config.settings_wizard_tools,mediapipeline.core.paths.contracts,src/mediapipeline/core/config/settings_wizard_tools.py,src/mediapipeline/core/paths/contracts.py
mediapipeline.core.config.validation,mediapipeline.contracts.config,src/mediapipeline/core/config/validation.py,src/mediapipeline/contracts/config.py
mediapipeline.core.config.validation,mediapipeline.core.config.library_profiles,src/mediapipeline/core/config/validation.py,src/mediapipeline/core/config/library_profiles.py
mediapipeline.core.config.validation,mediapipeline.core.config.numeric_policy,src/mediapipeline/core/config/validation.py,src/mediapipeline/core/config/numeric_policy.py
mediapipeline.core.config.validation,mediapipeline.core.config.option_policy,src/mediapipeline/core/config/validation.py,src/mediapipeline/core/config/option_policy.py
mediapipeline.core.config.validation,mediapipeline.core.config.path_warnings,src/mediapipeline/core/config/validation.py,src/mediapipeline/core/config/path_warnings.py
mediapipeline.core.config.validation,mediapipeline.core.config.preset_migration,src/mediapipeline/core/config/validation.py,src/mediapipeline/core/config/preset_migration.py
mediapipeline.core.config.validation,mediapipeline.core.kernel.config_key_aliases,src/mediapipeline/core/config/validation.py,src/mediapipeline/core/kernel/config_key_aliases.py
mediapipeline.core.config.validation,mediapipeline.core.kernel.config_key_order,src/mediapipeline/core/config/validation.py,src/mediapipeline/core/kernel/config_key_order.py
mediapipeline.core.config.validation,mediapipeline.core.kernel.config_keys,src/mediapipeline/core/config/validation.py,src/mediapipeline/core/kernel/config_keys.py
mediapipeline.core.config.validation,mediapipeline.core.network.rerun_handoff,src/mediapipeline/core/config/validation.py,src/mediapipeline/core/network/rerun_handoff.py
mediapipeline.core.config.validation,mediapipeline.core.validation.strict_json,src/mediapipeline/core/config/validation.py,src/mediapipeline/core/validation/strict_json.py
mediapipeline.core.decide.encoding_rules,mediapipeline.contracts.source_media,src/mediapipeline/core/decide/encoding_rules.py,src/mediapipeline/contracts/source_media.py
mediapipeline.core.decide.encoding_rules,mediapipeline.core.decide.processing_decision,src/mediapipeline/core/decide/encoding_rules.py,src/mediapipeline/core/decide/processing_decision.py
mediapipeline.core.decide.encoding_rules,mediapipeline.core.decide.routing_facts,src/mediapipeline/core/decide/encoding_rules.py,src/mediapipeline/core/decide/routing_facts.py
mediapipeline.core.decide.processing_decision,mediapipeline.contracts.decision_policy,src/mediapipeline/core/decide/processing_decision.py,src/mediapipeline/contracts/decision_policy.py
mediapipeline.core.decide.processing_decision,mediapipeline.contracts.verification,src/mediapipeline/core/decide/processing_decision.py,src/mediapipeline/contracts/verification.py
mediapipeline.core.decide.routing,mediapipeline.contracts.source_media,src/mediapipeline/core/decide/routing.py,src/mediapipeline/contracts/source_media.py
mediapipeline.core.decide.routing,mediapipeline.core.decide.encoding_rules,src/mediapipeline/core/decide/routing.py,src/mediapipeline/core/decide/encoding_rules.py
mediapipeline.core.decide.routing,mediapipeline.core.decide.processing_decision,src/mediapipeline/core/decide/routing.py,src/mediapipeline/core/decide/processing_decision.py
mediapipeline.core.decide.routing,mediapipeline.core.decide.routing_facts,src/mediapipeline/core/decide/routing.py,src/mediapipeline/core/decide/routing_facts.py
mediapipeline.core.decide.routing,mediapipeline.core.decide.routing_outputs,src/mediapipeline/core/decide/routing.py,src/mediapipeline/core/decide/routing_outputs.py
mediapipeline.core.decide.routing,mediapipeline.core.decide.routing_profiles,src/mediapipeline/core/decide/routing.py,src/mediapipeline/core/decide/routing_profiles.py
mediapipeline.core.decide.routing,mediapipeline.core.decide.routing_trace,src/mediapipeline/core/decide/routing.py,src/mediapipeline/core/decide/routing_trace.py
mediapipeline.core.decide.routing,mediapipeline.core.decide.stream_actions,src/mediapipeline/core/decide/routing.py,src/mediapipeline/core/decide/stream_actions.py
mediapipeline.core.decide.routing_facts,mediapipeline.contracts.source_media,src/mediapipeline/core/decide/routing_facts.py,src/mediapipeline/contracts/source_media.py
mediapipeline.core.decide.routing_outputs,mediapipeline.contracts.source_media,src/mediapipeline/core/decide/routing_outputs.py,src/mediapipeline/contracts/source_media.py
mediapipeline.core.decide.routing_outputs,mediapipeline.contracts.verification,src/mediapipeline/core/decide/routing_outputs.py,src/mediapipeline/contracts/verification.py
mediapipeline.core.decide.routing_outputs,mediapipeline.core.decide.encoding_rules,src/mediapipeline/core/decide/routing_outputs.py,src/mediapipeline/core/decide/encoding_rules.py
mediapipeline.core.decide.routing_outputs,mediapipeline.core.decide.processing_decision,src/mediapipeline/core/decide/routing_outputs.py,src/mediapipeline/core/decide/processing_decision.py
mediapipeline.core.decide.routing_outputs,mediapipeline.core.decide.routing_facts,src/mediapipeline/core/decide/routing_outputs.py,src/mediapipeline/core/decide/routing_facts.py
mediapipeline.core.decide.routing_profiles,mediapipeline.contracts.source_media,src/mediapipeline/core/decide/routing_profiles.py,src/mediapipeline/contracts/source_media.py
mediapipeline.core.decide.routing_profiles,mediapipeline.core.decide.processing_decision,src/mediapipeline/core/decide/routing_profiles.py,src/mediapipeline/core/decide/processing_decision.py
mediapipeline.core.decide.routing_profiles,mediapipeline.core.decide.routing_facts,src/mediapipeline/core/decide/routing_profiles.py,src/mediapipeline/core/decide/routing_facts.py
mediapipeline.core.decide.routing_profiles,mediapipeline.core.decide.routing_size_policy,src/mediapipeline/core/decide/routing_profiles.py,src/mediapipeline/core/decide/routing_size_policy.py
mediapipeline.core.decide.routing_size_policy,mediapipeline.contracts.height_tolerance,src/mediapipeline/core/decide/routing_size_policy.py,src/mediapipeline/contracts/height_tolerance.py
mediapipeline.core.decide.routing_size_policy,mediapipeline.core.decide.processing_decision,src/mediapipeline/core/decide/routing_size_policy.py,src/mediapipeline/core/decide/processing_decision.py
mediapipeline.core.decide.routing_trace,mediapipeline.contracts.source_media,src/mediapipeline/core/decide/routing_trace.py,src/mediapipeline/contracts/source_media.py
mediapipeline.core.decide.routing_trace,mediapipeline.core.decide.processing_decision,src/mediapipeline/core/decide/routing_trace.py,src/mediapipeline/core/decide/processing_decision.py
mediapipeline.core.decide.routing_trace,mediapipeline.core.decide.routing_facts,src/mediapipeline/core/decide/routing_trace.py,src/mediapipeline/core/decide/routing_facts.py
mediapipeline.core.decide.routing_trace,mediapipeline.core.decide.routing_size_policy,src/mediapipeline/core/decide/routing_trace.py,src/mediapipeline/core/decide/routing_size_policy.py
mediapipeline.core.decide.stream_actions,mediapipeline.contracts.source_media,src/mediapipeline/core/decide/stream_actions.py,src/mediapipeline/contracts/source_media.py
mediapipeline.core.decide.stream_actions,mediapipeline.core.decide.encoding_rules,src/mediapipeline/core/decide/stream_actions.py,src/mediapipeline/core/decide/encoding_rules.py
mediapipeline.core.decide.stream_actions,mediapipeline.core.decide.processing_decision,src/mediapipeline/core/decide/stream_actions.py,src/mediapipeline/core/decide/processing_decision.py
mediapipeline.core.decide.stream_actions,mediapipeline.core.decide.routing_facts,src/mediapipeline/core/decide/stream_actions.py,src/mediapipeline/core/decide/routing_facts.py
mediapipeline.core.diagnostics.autonomy_evaluators,mediapipeline.core.diagnostics.autonomy_types,src/mediapipeline/core/diagnostics/autonomy_evaluators.py,src/mediapipeline/core/diagnostics/autonomy_types.py
mediapipeline.core.diagnostics.autonomy_growth,mediapipeline.core.diagnostics.autonomy_policy,src/mediapipeline/core/diagnostics/autonomy_growth.py,src/mediapipeline/core/diagnostics/autonomy_policy.py
mediapipeline.core.diagnostics.autonomy_health,mediapipeline.core.diagnostics.autonomy_evaluators,src/mediapipeline/core/diagnostics/autonomy_health.py,src/mediapipeline/core/diagnostics/autonomy_evaluators.py
mediapipeline.core.diagnostics.autonomy_health,mediapipeline.core.diagnostics.autonomy_growth,src/mediapipeline/core/diagnostics/autonomy_health.py,src/mediapipeline/core/diagnostics/autonomy_growth.py
mediapipeline.core.diagnostics.autonomy_health,mediapipeline.core.diagnostics.autonomy_health_constants,src/mediapipeline/core/diagnostics/autonomy_health.py,src/mediapipeline/core/diagnostics/autonomy_health_constants.py
mediapipeline.core.diagnostics.autonomy_health,mediapipeline.core.diagnostics.autonomy_health_projection,src/mediapipeline/core/diagnostics/autonomy_health.py,src/mediapipeline/core/diagnostics/autonomy_health_projection.py
mediapipeline.core.diagnostics.autonomy_health,mediapipeline.core.diagnostics.autonomy_health_publish,src/mediapipeline/core/diagnostics/autonomy_health.py,src/mediapipeline/core/diagnostics/autonomy_health_publish.py
mediapipeline.core.diagnostics.autonomy_health,mediapipeline.core.diagnostics.autonomy_health_runtime,src/mediapipeline/core/diagnostics/autonomy_health.py,src/mediapipeline/core/diagnostics/autonomy_health_runtime.py
mediapipeline.core.diagnostics.autonomy_health,mediapipeline.core.diagnostics.autonomy_health_storage,src/mediapipeline/core/diagnostics/autonomy_health.py,src/mediapipeline/core/diagnostics/autonomy_health_storage.py
mediapipeline.core.diagnostics.autonomy_health,mediapipeline.core.diagnostics.autonomy_health_support,src/mediapipeline/core/diagnostics/autonomy_health.py,src/mediapipeline/core/diagnostics/autonomy_health_support.py
mediapipeline.core.diagnostics.autonomy_health,mediapipeline.core.diagnostics.autonomy_policy,src/mediapipeline/core/diagnostics/autonomy_health.py,src/mediapipeline/core/diagnostics/autonomy_policy.py
mediapipeline.core.diagnostics.autonomy_health,mediapipeline.core.diagnostics.autonomy_recovery,src/mediapipeline/core/diagnostics/autonomy_health.py,src/mediapipeline/core/diagnostics/autonomy_recovery.py
mediapipeline.core.diagnostics.autonomy_health,mediapipeline.core.diagnostics.autonomy_scan,src/mediapipeline/core/diagnostics/autonomy_health.py,src/mediapipeline/core/diagnostics/autonomy_scan.py
mediapipeline.core.diagnostics.autonomy_health,mediapipeline.core.diagnostics.autonomy_types,src/mediapipeline/core/diagnostics/autonomy_health.py,src/mediapipeline/core/diagnostics/autonomy_types.py
mediapipeline.core.diagnostics.autonomy_health,mediapipeline.core.kernel.contracts.pending_publish,src/mediapipeline/core/diagnostics/autonomy_health.py,src/mediapipeline/core/kernel/contracts/pending_publish.py
mediapipeline.core.diagnostics.autonomy_health,mediapipeline.core.status.runtime_health,src/mediapipeline/core/diagnostics/autonomy_health.py,src/mediapipeline/core/status/runtime_health.py
mediapipeline.core.diagnostics.autonomy_health_constants,mediapipeline.core.kernel.contracts.pending_publish,src/mediapipeline/core/diagnostics/autonomy_health_constants.py,src/mediapipeline/core/kernel/contracts/pending_publish.py
mediapipeline.core.diagnostics.autonomy_health_projection,mediapipeline.core.diagnostics.autonomy_evaluators,src/mediapipeline/core/diagnostics/autonomy_health_projection.py,src/mediapipeline/core/diagnostics/autonomy_evaluators.py
mediapipeline.core.diagnostics.autonomy_health_projection,mediapipeline.core.diagnostics.autonomy_growth,src/mediapipeline/core/diagnostics/autonomy_health_projection.py,src/mediapipeline/core/diagnostics/autonomy_growth.py
mediapipeline.core.diagnostics.autonomy_health_projection,mediapipeline.core.diagnostics.autonomy_health_constants,src/mediapipeline/core/diagnostics/autonomy_health_projection.py,src/mediapipeline/core/diagnostics/autonomy_health_constants.py
mediapipeline.core.diagnostics.autonomy_health_projection,mediapipeline.core.diagnostics.autonomy_health_support,src/mediapipeline/core/diagnostics/autonomy_health_projection.py,src/mediapipeline/core/diagnostics/autonomy_health_support.py
mediapipeline.core.diagnostics.autonomy_health_projection,mediapipeline.core.diagnostics.autonomy_policy,src/mediapipeline/core/diagnostics/autonomy_health_projection.py,src/mediapipeline/core/diagnostics/autonomy_policy.py
mediapipeline.core.diagnostics.autonomy_health_projection,mediapipeline.core.diagnostics.autonomy_recovery,src/mediapipeline/core/diagnostics/autonomy_health_projection.py,src/mediapipeline/core/diagnostics/autonomy_recovery.py
mediapipeline.core.diagnostics.autonomy_health_projection,mediapipeline.core.diagnostics.autonomy_scan,src/mediapipeline/core/diagnostics/autonomy_health_projection.py,src/mediapipeline/core/diagnostics/autonomy_scan.py
mediapipeline.core.diagnostics.autonomy_health_projection,mediapipeline.core.diagnostics.autonomy_types,src/mediapipeline/core/diagnostics/autonomy_health_projection.py,src/mediapipeline/core/diagnostics/autonomy_types.py
mediapipeline.core.diagnostics.autonomy_health_projection,mediapipeline.core.kernel.contracts.pending_publish,src/mediapipeline/core/diagnostics/autonomy_health_projection.py,src/mediapipeline/core/kernel/contracts/pending_publish.py
mediapipeline.core.diagnostics.autonomy_health_projection,mediapipeline.core.status.runtime_health,src/mediapipeline/core/diagnostics/autonomy_health_projection.py,src/mediapipeline/core/status/runtime_health.py
mediapipeline.core.diagnostics.autonomy_health_publish,mediapipeline.core.diagnostics.autonomy_evaluators,src/mediapipeline/core/diagnostics/autonomy_health_publish.py,src/mediapipeline/core/diagnostics/autonomy_evaluators.py
mediapipeline.core.diagnostics.autonomy_health_publish,mediapipeline.core.diagnostics.autonomy_growth,src/mediapipeline/core/diagnostics/autonomy_health_publish.py,src/mediapipeline/core/diagnostics/autonomy_growth.py
mediapipeline.core.diagnostics.autonomy_health_publish,mediapipeline.core.diagnostics.autonomy_health_constants,src/mediapipeline/core/diagnostics/autonomy_health_publish.py,src/mediapipeline/core/diagnostics/autonomy_health_constants.py
mediapipeline.core.diagnostics.autonomy_health_publish,mediapipeline.core.diagnostics.autonomy_health_projection,src/mediapipeline/core/diagnostics/autonomy_health_publish.py,src/mediapipeline/core/diagnostics/autonomy_health_projection.py
mediapipeline.core.diagnostics.autonomy_health_publish,mediapipeline.core.diagnostics.autonomy_health_runtime,src/mediapipeline/core/diagnostics/autonomy_health_publish.py,src/mediapipeline/core/diagnostics/autonomy_health_runtime.py
mediapipeline.core.diagnostics.autonomy_health_publish,mediapipeline.core.diagnostics.autonomy_health_support,src/mediapipeline/core/diagnostics/autonomy_health_publish.py,src/mediapipeline/core/diagnostics/autonomy_health_support.py
mediapipeline.core.diagnostics.autonomy_health_publish,mediapipeline.core.diagnostics.autonomy_policy,src/mediapipeline/core/diagnostics/autonomy_health_publish.py,src/mediapipeline/core/diagnostics/autonomy_policy.py
mediapipeline.core.diagnostics.autonomy_health_publish,mediapipeline.core.diagnostics.autonomy_recovery,src/mediapipeline/core/diagnostics/autonomy_health_publish.py,src/mediapipeline/core/diagnostics/autonomy_recovery.py
mediapipeline.core.diagnostics.autonomy_health_publish,mediapipeline.core.diagnostics.autonomy_scan,src/mediapipeline/core/diagnostics/autonomy_health_publish.py,src/mediapipeline/core/diagnostics/autonomy_scan.py
mediapipeline.core.diagnostics.autonomy_health_publish,mediapipeline.core.diagnostics.autonomy_types,src/mediapipeline/core/diagnostics/autonomy_health_publish.py,src/mediapipeline/core/diagnostics/autonomy_types.py
mediapipeline.core.diagnostics.autonomy_health_publish,mediapipeline.core.kernel.contracts.pending_publish,src/mediapipeline/core/diagnostics/autonomy_health_publish.py,src/mediapipeline/core/kernel/contracts/pending_publish.py
mediapipeline.core.diagnostics.autonomy_health_publish,mediapipeline.core.status.runtime_health,src/mediapipeline/core/diagnostics/autonomy_health_publish.py,src/mediapipeline/core/status/runtime_health.py
mediapipeline.core.diagnostics.autonomy_health_runtime,mediapipeline.core.diagnostics.autonomy_evaluators,src/mediapipeline/core/diagnostics/autonomy_health_runtime.py,src/mediapipeline/core/diagnostics/autonomy_evaluators.py
mediapipeline.core.diagnostics.autonomy_health_runtime,mediapipeline.core.diagnostics.autonomy_growth,src/mediapipeline/core/diagnostics/autonomy_health_runtime.py,src/mediapipeline/core/diagnostics/autonomy_growth.py
mediapipeline.core.diagnostics.autonomy_health_runtime,mediapipeline.core.diagnostics.autonomy_health_constants,src/mediapipeline/core/diagnostics/autonomy_health_runtime.py,src/mediapipeline/core/diagnostics/autonomy_health_constants.py
mediapipeline.core.diagnostics.autonomy_health_runtime,mediapipeline.core.diagnostics.autonomy_health_projection,src/mediapipeline/core/diagnostics/autonomy_health_runtime.py,src/mediapipeline/core/diagnostics/autonomy_health_projection.py
mediapipeline.core.diagnostics.autonomy_health_runtime,mediapipeline.core.diagnostics.autonomy_health_support,src/mediapipeline/core/diagnostics/autonomy_health_runtime.py,src/mediapipeline/core/diagnostics/autonomy_health_support.py
mediapipeline.core.diagnostics.autonomy_health_runtime,mediapipeline.core.diagnostics.autonomy_policy,src/mediapipeline/core/diagnostics/autonomy_health_runtime.py,src/mediapipeline/core/diagnostics/autonomy_policy.py
mediapipeline.core.diagnostics.autonomy_health_runtime,mediapipeline.core.diagnostics.autonomy_recovery,src/mediapipeline/core/diagnostics/autonomy_health_runtime.py,src/mediapipeline/core/diagnostics/autonomy_recovery.py
mediapipeline.core.diagnostics.autonomy_health_runtime,mediapipeline.core.diagnostics.autonomy_scan,src/mediapipeline/core/diagnostics/autonomy_health_runtime.py,src/mediapipeline/core/diagnostics/autonomy_scan.py
mediapipeline.core.diagnostics.autonomy_health_runtime,mediapipeline.core.diagnostics.autonomy_types,src/mediapipeline/core/diagnostics/autonomy_health_runtime.py,src/mediapipeline/core/diagnostics/autonomy_types.py
mediapipeline.core.diagnostics.autonomy_health_runtime,mediapipeline.core.kernel.contracts.pending_publish,src/mediapipeline/core/diagnostics/autonomy_health_runtime.py,src/mediapipeline/core/kernel/contracts/pending_publish.py
mediapipeline.core.diagnostics.autonomy_health_runtime,mediapipeline.core.status.runtime_health,src/mediapipeline/core/diagnostics/autonomy_health_runtime.py,src/mediapipeline/core/status/runtime_health.py
mediapipeline.core.diagnostics.autonomy_health_storage,mediapipeline.core.diagnostics.autonomy_evaluators,src/mediapipeline/core/diagnostics/autonomy_health_storage.py,src/mediapipeline/core/diagnostics/autonomy_evaluators.py
mediapipeline.core.diagnostics.autonomy_health_storage,mediapipeline.core.diagnostics.autonomy_growth,src/mediapipeline/core/diagnostics/autonomy_health_storage.py,src/mediapipeline/core/diagnostics/autonomy_growth.py
mediapipeline.core.diagnostics.autonomy_health_storage,mediapipeline.core.diagnostics.autonomy_health_constants,src/mediapipeline/core/diagnostics/autonomy_health_storage.py,src/mediapipeline/core/diagnostics/autonomy_health_constants.py
mediapipeline.core.diagnostics.autonomy_health_storage,mediapipeline.core.diagnostics.autonomy_health_projection,src/mediapipeline/core/diagnostics/autonomy_health_storage.py,src/mediapipeline/core/diagnostics/autonomy_health_projection.py
mediapipeline.core.diagnostics.autonomy_health_storage,mediapipeline.core.diagnostics.autonomy_health_runtime,src/mediapipeline/core/diagnostics/autonomy_health_storage.py,src/mediapipeline/core/diagnostics/autonomy_health_runtime.py
mediapipeline.core.diagnostics.autonomy_health_storage,mediapipeline.core.diagnostics.autonomy_health_support,src/mediapipeline/core/diagnostics/autonomy_health_storage.py,src/mediapipeline/core/diagnostics/autonomy_health_support.py
mediapipeline.core.diagnostics.autonomy_health_storage,mediapipeline.core.diagnostics.autonomy_policy,src/mediapipeline/core/diagnostics/autonomy_health_storage.py,src/mediapipeline/core/diagnostics/autonomy_policy.py
mediapipeline.core.diagnostics.autonomy_health_storage,mediapipeline.core.diagnostics.autonomy_recovery,src/mediapipeline/core/diagnostics/autonomy_health_storage.py,src/mediapipeline/core/diagnostics/autonomy_recovery.py
mediapipeline.core.diagnostics.autonomy_health_storage,mediapipeline.core.diagnostics.autonomy_scan,src/mediapipeline/core/diagnostics/autonomy_health_storage.py,src/mediapipeline/core/diagnostics/autonomy_scan.py
mediapipeline.core.diagnostics.autonomy_health_storage,mediapipeline.core.diagnostics.autonomy_types,src/mediapipeline/core/diagnostics/autonomy_health_storage.py,src/mediapipeline/core/diagnostics/autonomy_types.py
mediapipeline.core.diagnostics.autonomy_health_storage,mediapipeline.core.kernel.contracts.pending_publish,src/mediapipeline/core/diagnostics/autonomy_health_storage.py,src/mediapipeline/core/kernel/contracts/pending_publish.py
mediapipeline.core.diagnostics.autonomy_health_storage,mediapipeline.core.status.runtime_health,src/mediapipeline/core/diagnostics/autonomy_health_storage.py,src/mediapipeline/core/status/runtime_health.py
mediapipeline.core.diagnostics.autonomy_health_support,mediapipeline.core.diagnostics.autonomy_evaluators,src/mediapipeline/core/diagnostics/autonomy_health_support.py,src/mediapipeline/core/diagnostics/autonomy_evaluators.py
mediapipeline.core.diagnostics.autonomy_health_support,mediapipeline.core.diagnostics.autonomy_growth,src/mediapipeline/core/diagnostics/autonomy_health_support.py,src/mediapipeline/core/diagnostics/autonomy_growth.py
mediapipeline.core.diagnostics.autonomy_health_support,mediapipeline.core.diagnostics.autonomy_health_constants,src/mediapipeline/core/diagnostics/autonomy_health_support.py,src/mediapipeline/core/diagnostics/autonomy_health_constants.py
mediapipeline.core.diagnostics.autonomy_health_support,mediapipeline.core.diagnostics.autonomy_policy,src/mediapipeline/core/diagnostics/autonomy_health_support.py,src/mediapipeline/core/diagnostics/autonomy_policy.py
mediapipeline.core.diagnostics.autonomy_health_support,mediapipeline.core.diagnostics.autonomy_recovery,src/mediapipeline/core/diagnostics/autonomy_health_support.py,src/mediapipeline/core/diagnostics/autonomy_recovery.py
mediapipeline.core.diagnostics.autonomy_health_support,mediapipeline.core.diagnostics.autonomy_scan,src/mediapipeline/core/diagnostics/autonomy_health_support.py,src/mediapipeline/core/diagnostics/autonomy_scan.py
mediapipeline.core.diagnostics.autonomy_health_support,mediapipeline.core.diagnostics.autonomy_types,src/mediapipeline/core/diagnostics/autonomy_health_support.py,src/mediapipeline/core/diagnostics/autonomy_types.py
mediapipeline.core.diagnostics.autonomy_health_support,mediapipeline.core.kernel.contracts.pending_publish,src/mediapipeline/core/diagnostics/autonomy_health_support.py,src/mediapipeline/core/kernel/contracts/pending_publish.py
mediapipeline.core.diagnostics.autonomy_health_support,mediapipeline.core.status.runtime_health,src/mediapipeline/core/diagnostics/autonomy_health_support.py,src/mediapipeline/core/status/runtime_health.py
mediapipeline.core.diagnostics.autonomy_policy,mediapipeline.core.kernel.contracts.pending_publish,src/mediapipeline/core/diagnostics/autonomy_policy.py,src/mediapipeline/core/kernel/contracts/pending_publish.py
mediapipeline.core.diagnostics.autonomy_recovery,mediapipeline.core.diagnostics.autonomy_types,src/mediapipeline/core/diagnostics/autonomy_recovery.py,src/mediapipeline/core/diagnostics/autonomy_types.py
mediapipeline.core.diagnostics.facade,mediapipeline.core.config.settings_policy,src/mediapipeline/core/diagnostics/facade.py,src/mediapipeline/core/config/settings_policy.py
mediapipeline.core.diagnostics.facade,mediapipeline.core.diagnostics.autonomy_health,src/mediapipeline/core/diagnostics/facade.py,src/mediapipeline/core/diagnostics/autonomy_health.py
mediapipeline.core.diagnostics.facade,mediapipeline.core.diagnostics.open_policy,src/mediapipeline/core/diagnostics/facade.py,src/mediapipeline/core/diagnostics/open_policy.py
mediapipeline.core.diagnostics.facade,mediapipeline.core.diagnostics.policy,src/mediapipeline/core/diagnostics/facade.py,src/mediapipeline/core/diagnostics/policy.py
mediapipeline.core.diagnostics.facade,mediapipeline.core.diagnostics.state_summary,src/mediapipeline/core/diagnostics/facade.py,src/mediapipeline/core/diagnostics/state_summary.py
mediapipeline.core.diagnostics.facade,mediapipeline.core.kernel.dto_commands,src/mediapipeline/core/diagnostics/facade.py,src/mediapipeline/core/kernel/dto_commands.py
mediapipeline.core.diagnostics.facade,mediapipeline.core.kernel.dto_status,src/mediapipeline/core/diagnostics/facade.py,src/mediapipeline/core/kernel/dto_status.py
mediapipeline.core.diagnostics.facade,mediapipeline.core.paths.contracts,src/mediapipeline/core/diagnostics/facade.py,src/mediapipeline/core/paths/contracts.py
mediapipeline.core.diagnostics.facade,mediapipeline.core.processes.path_evidence,src/mediapipeline/core/diagnostics/facade.py,src/mediapipeline/core/processes/path_evidence.py
mediapipeline.core.diagnostics.facade,mediapipeline.core.status.active_jobs,src/mediapipeline/core/diagnostics/facade.py,src/mediapipeline/core/status/active_jobs.py
mediapipeline.core.diagnostics.facade,mediapipeline.core.status.contracts,src/mediapipeline/core/diagnostics/facade.py,src/mediapipeline/core/status/contracts.py
mediapipeline.core.diagnostics.facade,mediapipeline.core.status.eta,src/mediapipeline/core/diagnostics/facade.py,src/mediapipeline/core/status/eta.py
mediapipeline.core.diagnostics.facade,mediapipeline.core.status.ffmpeg_progress,src/mediapipeline/core/diagnostics/facade.py,src/mediapipeline/core/status/ffmpeg_progress.py
mediapipeline.core.diagnostics.open_policy,mediapipeline.core.kernel.dto_commands,src/mediapipeline/core/diagnostics/open_policy.py,src/mediapipeline/core/kernel/dto_commands.py
mediapipeline.core.diagnostics.open_policy,mediapipeline.core.paths.contracts,src/mediapipeline/core/diagnostics/open_policy.py,src/mediapipeline/core/paths/contracts.py
mediapipeline.core.diagnostics.policy,mediapipeline.core.paths.contracts,src/mediapipeline/core/diagnostics/policy.py,src/mediapipeline/core/paths/contracts.py
mediapipeline.core.diagnostics.policy,mediapipeline.core.status.active_jobs,src/mediapipeline/core/diagnostics/policy.py,src/mediapipeline/core/status/active_jobs.py
mediapipeline.core.diagnostics.policy,mediapipeline.core.status.contracts,src/mediapipeline/core/diagnostics/policy.py,src/mediapipeline/core/status/contracts.py
mediapipeline.core.diagnostics.tdarr_matrix_audit,mediapipeline.core.diagnostics.tdarr_matrix_audit_support,src/mediapipeline/core/diagnostics/tdarr_matrix_audit.py,src/mediapipeline/core/diagnostics/tdarr_matrix_audit_support.py
mediapipeline.core.diagnostics.tdarr_matrix_audit,mediapipeline.core.diagnostics.tdarr_matrix_proof,src/mediapipeline/core/diagnostics/tdarr_matrix_audit.py,src/mediapipeline/core/diagnostics/tdarr_matrix_proof.py
mediapipeline.core.diagnostics.tdarr_matrix_audit,mediapipeline.core.kernel.dto_base,src/mediapipeline/core/diagnostics/tdarr_matrix_audit.py,src/mediapipeline/core/kernel/dto_base.py
mediapipeline.core.diagnostics.tdarr_matrix_audit,mediapipeline.core.kernel.runtime.subprocess_runner,src/mediapipeline/core/diagnostics/tdarr_matrix_audit.py,src/mediapipeline/core/kernel/runtime/subprocess_runner.py
mediapipeline.core.diagnostics.tdarr_matrix_audit_facade,mediapipeline.core.diagnostics.tdarr_matrix_audit,src/mediapipeline/core/diagnostics/tdarr_matrix_audit_facade.py,src/mediapipeline/core/diagnostics/tdarr_matrix_audit.py
mediapipeline.core.diagnostics.tdarr_matrix_audit_facade,mediapipeline.core.diagnostics.tdarr_matrix_console,src/mediapipeline/core/diagnostics/tdarr_matrix_audit_facade.py,src/mediapipeline/core/diagnostics/tdarr_matrix_console.py
mediapipeline.core.diagnostics.tdarr_matrix_audit_facade,mediapipeline.core.kernel.dto_commands,src/mediapipeline/core/diagnostics/tdarr_matrix_audit_facade.py,src/mediapipeline/core/kernel/dto_commands.py
mediapipeline.core.diagnostics.tdarr_matrix_audit_support,mediapipeline.core.diagnostics.tdarr_matrix_proof,src/mediapipeline/core/diagnostics/tdarr_matrix_audit_support.py,src/mediapipeline/core/diagnostics/tdarr_matrix_proof.py
mediapipeline.core.diagnostics.tdarr_matrix_audit_support,mediapipeline.core.kernel.dto_base,src/mediapipeline/core/diagnostics/tdarr_matrix_audit_support.py,src/mediapipeline/core/kernel/dto_base.py
mediapipeline.core.diagnostics.tdarr_matrix_audit_support,mediapipeline.core.kernel.dto_commands,src/mediapipeline/core/diagnostics/tdarr_matrix_audit_support.py,src/mediapipeline/core/kernel/dto_commands.py
mediapipeline.core.diagnostics.tdarr_matrix_audit_support,mediapipeline.core.kernel.runtime.subprocess_runner,src/mediapipeline/core/diagnostics/tdarr_matrix_audit_support.py,src/mediapipeline/core/kernel/runtime/subprocess_runner.py
mediapipeline.core.diagnostics.tdarr_matrix_console,mediapipeline.core.diagnostics.tdarr_matrix_proof,src/mediapipeline/core/diagnostics/tdarr_matrix_console.py,src/mediapipeline/core/diagnostics/tdarr_matrix_proof.py
mediapipeline.core.diagnostics.tdarr_matrix_console,mediapipeline.core.kernel.dto_base,src/mediapipeline/core/diagnostics/tdarr_matrix_console.py,src/mediapipeline/core/kernel/dto_base.py
mediapipeline.core.diagnostics.tdarr_matrix_console,mediapipeline.core.kernel.dto_commands,src/mediapipeline/core/diagnostics/tdarr_matrix_console.py,src/mediapipeline/core/kernel/dto_commands.py
mediapipeline.core.failures.artifacts,mediapipeline.core.paths.contracts,src/mediapipeline/core/failures/artifacts.py,src/mediapipeline/core/paths/contracts.py
mediapipeline.core.failures.cleanup_service,mediapipeline.core.failures.artifacts,src/mediapipeline/core/failures/cleanup_service.py,src/mediapipeline/core/failures/artifacts.py
mediapipeline.core.failures.cleanup_service,mediapipeline.core.failures.constants,src/mediapipeline/core/failures/cleanup_service.py,src/mediapipeline/core/failures/constants.py
mediapipeline.core.failures.cleanup_service,mediapipeline.core.failures.file_io,src/mediapipeline/core/failures/cleanup_service.py,src/mediapipeline/core/failures/file_io.py
mediapipeline.core.failures.cleanup_service,mediapipeline.core.paths.contracts,src/mediapipeline/core/failures/cleanup_service.py,src/mediapipeline/core/paths/contracts.py
mediapipeline.core.failures.cleanup_service,mediapipeline.core.paths.layout,src/mediapipeline/core/failures/cleanup_service.py,src/mediapipeline/core/paths/layout.py
mediapipeline.core.failures.contracts,mediapipeline.core.paths.media_paths,src/mediapipeline/core/failures/contracts.py,src/mediapipeline/core/paths/media_paths.py
mediapipeline.core.failures.facade,mediapipeline.core.failures.artifacts,src/mediapipeline/core/failures/facade.py,src/mediapipeline/core/failures/artifacts.py
mediapipeline.core.failures.facade,mediapipeline.core.failures.constants,src/mediapipeline/core/failures/facade.py,src/mediapipeline/core/failures/constants.py
mediapipeline.core.failures.facade,mediapipeline.core.failures.contracts,src/mediapipeline/core/failures/facade.py,src/mediapipeline/core/failures/contracts.py
mediapipeline.core.failures.facade,mediapipeline.core.failures.policy,src/mediapipeline/core/failures/facade.py,src/mediapipeline/core/failures/policy.py
mediapipeline.core.failures.facade,mediapipeline.core.failures.resolution_journal,src/mediapipeline/core/failures/facade.py,src/mediapipeline/core/failures/resolution_journal.py
mediapipeline.core.failures.facade,mediapipeline.core.kernel.dto_commands,src/mediapipeline/core/failures/facade.py,src/mediapipeline/core/kernel/dto_commands.py
mediapipeline.core.failures.facade,mediapipeline.core.kernel.dto_inventory,src/mediapipeline/core/failures/facade.py,src/mediapipeline/core/kernel/dto_inventory.py
mediapipeline.core.failures.facade,mediapipeline.core.paths.contracts,src/mediapipeline/core/failures/facade.py,src/mediapipeline/core/paths/contracts.py
mediapipeline.core.failures.markers,mediapipeline.core.failures.contracts,src/mediapipeline/core/failures/markers.py,src/mediapipeline/core/failures/contracts.py
mediapipeline.core.failures.policy,mediapipeline.core.failures.policy_evidence,src/mediapipeline/core/failures/policy.py,src/mediapipeline/core/failures/policy_evidence.py
mediapipeline.core.failures.policy,mediapipeline.core.failures.policy_markers,src/mediapipeline/core/failures/policy.py,src/mediapipeline/core/failures/policy_markers.py
mediapipeline.core.failures.policy,mediapipeline.core.failures.policy_orchestration,src/mediapipeline/core/failures/policy.py,src/mediapipeline/core/failures/policy_orchestration.py
mediapipeline.core.failures.policy,mediapipeline.core.failures.policy_resolution,src/mediapipeline/core/failures/policy.py,src/mediapipeline/core/failures/policy_resolution.py
mediapipeline.core.failures.policy,mediapipeline.core.failures.policy_support,src/mediapipeline/core/failures/policy.py,src/mediapipeline/core/failures/policy_support.py
mediapipeline.core.failures.policy_evidence,mediapipeline.core.failures.contracts,src/mediapipeline/core/failures/policy_evidence.py,src/mediapipeline/core/failures/contracts.py
mediapipeline.core.failures.policy_evidence,mediapipeline.core.failures.policy_support,src/mediapipeline/core/failures/policy_evidence.py,src/mediapipeline/core/failures/policy_support.py
mediapipeline.core.failures.policy_evidence,mediapipeline.core.failures.retry_state,src/mediapipeline/core/failures/policy_evidence.py,src/mediapipeline/core/failures/retry_state.py
mediapipeline.core.failures.policy_evidence,mediapipeline.core.kernel.dto_inventory,src/mediapipeline/core/failures/policy_evidence.py,src/mediapipeline/core/kernel/dto_inventory.py
mediapipeline.core.failures.policy_markers,mediapipeline.core.failures.contracts,src/mediapipeline/core/failures/policy_markers.py,src/mediapipeline/core/failures/contracts.py
mediapipeline.core.failures.policy_markers,mediapipeline.core.failures.policy_evidence,src/mediapipeline/core/failures/policy_markers.py,src/mediapipeline/core/failures/policy_evidence.py
mediapipeline.core.failures.policy_markers,mediapipeline.core.failures.policy_support,src/mediapipeline/core/failures/policy_markers.py,src/mediapipeline/core/failures/policy_support.py
mediapipeline.core.failures.policy_markers,mediapipeline.core.failures.retry_state,src/mediapipeline/core/failures/policy_markers.py,src/mediapipeline/core/failures/retry_state.py
mediapipeline.core.failures.policy_markers,mediapipeline.core.kernel.dto_inventory,src/mediapipeline/core/failures/policy_markers.py,src/mediapipeline/core/kernel/dto_inventory.py
mediapipeline.core.failures.policy_orchestration,mediapipeline.core.failures.contracts,src/mediapipeline/core/failures/policy_orchestration.py,src/mediapipeline/core/failures/contracts.py
mediapipeline.core.failures.policy_orchestration,mediapipeline.core.failures.policy_evidence,src/mediapipeline/core/failures/policy_orchestration.py,src/mediapipeline/core/failures/policy_evidence.py
mediapipeline.core.failures.policy_orchestration,mediapipeline.core.failures.policy_markers,src/mediapipeline/core/failures/policy_orchestration.py,src/mediapipeline/core/failures/policy_markers.py
mediapipeline.core.failures.policy_orchestration,mediapipeline.core.failures.policy_resolution,src/mediapipeline/core/failures/policy_orchestration.py,src/mediapipeline/core/failures/policy_resolution.py
mediapipeline.core.failures.policy_orchestration,mediapipeline.core.failures.policy_support,src/mediapipeline/core/failures/policy_orchestration.py,src/mediapipeline/core/failures/policy_support.py
mediapipeline.core.failures.policy_orchestration,mediapipeline.core.failures.retry_state,src/mediapipeline/core/failures/policy_orchestration.py,src/mediapipeline/core/failures/retry_state.py
mediapipeline.core.failures.policy_orchestration,mediapipeline.core.kernel.dto_inventory,src/mediapipeline/core/failures/policy_orchestration.py,src/mediapipeline/core/kernel/dto_inventory.py
mediapipeline.core.failures.policy_resolution,mediapipeline.core.failures.contracts,src/mediapipeline/core/failures/policy_resolution.py,src/mediapipeline/core/failures/contracts.py
mediapipeline.core.failures.policy_resolution,mediapipeline.core.failures.policy_evidence,src/mediapipeline/core/failures/policy_resolution.py,src/mediapipeline/core/failures/policy_evidence.py
mediapipeline.core.failures.policy_resolution,mediapipeline.core.failures.policy_markers,src/mediapipeline/core/failures/policy_resolution.py,src/mediapipeline/core/failures/policy_markers.py
mediapipeline.core.failures.policy_resolution,mediapipeline.core.failures.policy_support,src/mediapipeline/core/failures/policy_resolution.py,src/mediapipeline/core/failures/policy_support.py
mediapipeline.core.failures.policy_resolution,mediapipeline.core.failures.retry_state,src/mediapipeline/core/failures/policy_resolution.py,src/mediapipeline/core/failures/retry_state.py
mediapipeline.core.failures.policy_resolution,mediapipeline.core.kernel.dto_inventory,src/mediapipeline/core/failures/policy_resolution.py,src/mediapipeline/core/kernel/dto_inventory.py
mediapipeline.core.failures.policy_support,mediapipeline.core.failures.contracts,src/mediapipeline/core/failures/policy_support.py,src/mediapipeline/core/failures/contracts.py
mediapipeline.core.failures.policy_support,mediapipeline.core.failures.retry_state,src/mediapipeline/core/failures/policy_support.py,src/mediapipeline/core/failures/retry_state.py
mediapipeline.core.failures.policy_support,mediapipeline.core.kernel.dto_inventory,src/mediapipeline/core/failures/policy_support.py,src/mediapipeline/core/kernel/dto_inventory.py
mediapipeline.core.files.open_plan,mediapipeline.core.files.constants,src/mediapipeline/core/files/open_plan.py,src/mediapipeline/core/files/constants.py
mediapipeline.core.files.opening,mediapipeline.core.files.constants,src/mediapipeline/core/files/opening.py,src/mediapipeline/core/files/constants.py
mediapipeline.core.files.opening,mediapipeline.core.files.open_plan,src/mediapipeline/core/files/opening.py,src/mediapipeline/core/files/open_plan.py
mediapipeline.core.final_library.facade,mediapipeline.core.kernel.dto_commands,src/mediapipeline/core/final_library/facade.py,src/mediapipeline/core/kernel/dto_commands.py
mediapipeline.core.final_library.facade,mediapipeline.core.paths.contracts,src/mediapipeline/core/final_library/facade.py,src/mediapipeline/core/paths/contracts.py
mediapipeline.core.final_library.promotion,mediapipeline.core.completed.contracts,src/mediapipeline/core/final_library/promotion.py,src/mediapipeline/core/completed/contracts.py
mediapipeline.core.final_library.promotion,mediapipeline.core.completed.policy,src/mediapipeline/core/final_library/promotion.py,src/mediapipeline/core/completed/policy.py
mediapipeline.core.final_library.promotion,mediapipeline.core.config.library_profiles,src/mediapipeline/core/final_library/promotion.py,src/mediapipeline/core/config/library_profiles.py
mediapipeline.core.final_library.promotion,mediapipeline.core.final_library.promotion_parts.cleanup,src/mediapipeline/core/final_library/promotion.py,src/mediapipeline/core/final_library/promotion_parts/cleanup.py
mediapipeline.core.final_library.promotion,mediapipeline.core.final_library.promotion_parts.planning,src/mediapipeline/core/final_library/promotion.py,src/mediapipeline/core/final_library/promotion_parts/planning.py
mediapipeline.core.final_library.promotion,mediapipeline.core.final_library.promotion_parts.results,src/mediapipeline/core/final_library/promotion.py,src/mediapipeline/core/final_library/promotion_parts/results.py
mediapipeline.core.final_library.promotion,mediapipeline.core.final_library.promotion_parts.transfer,src/mediapipeline/core/final_library/promotion.py,src/mediapipeline/core/final_library/promotion_parts/transfer.py
mediapipeline.core.final_library.promotion,mediapipeline.core.kernel.config_keys,src/mediapipeline/core/final_library/promotion.py,src/mediapipeline/core/kernel/config_keys.py
mediapipeline.core.final_library.promotion,mediapipeline.core.paths.contracts,src/mediapipeline/core/final_library/promotion.py,src/mediapipeline/core/paths/contracts.py
mediapipeline.core.final_library.promotion_parts.cleanup,mediapipeline.core.final_library.promotion_parts.planning,src/mediapipeline/core/final_library/promotion_parts/cleanup.py,src/mediapipeline/core/final_library/promotion_parts/planning.py
mediapipeline.core.final_library.promotion_parts.transfer,mediapipeline.core.files.constants,src/mediapipeline/core/final_library/promotion_parts/transfer.py,src/mediapipeline/core/files/constants.py
mediapipeline.core.final_library.promotion_parts.transfer,mediapipeline.core.final_library.promotion_parts.planning,src/mediapipeline/core/final_library/promotion_parts/transfer.py,src/mediapipeline/core/final_library/promotion_parts/planning.py
mediapipeline.core.final_library.promotion_parts.transfer,mediapipeline.core.final_library.promotion_parts.results,src/mediapipeline/core/final_library/promotion_parts/transfer.py,src/mediapipeline/core/final_library/promotion_parts/results.py
mediapipeline.core.final_library.service,mediapipeline.core.completed.contracts,src/mediapipeline/core/final_library/service.py,src/mediapipeline/core/completed/contracts.py
mediapipeline.core.final_library.service,mediapipeline.core.completed.manifest,src/mediapipeline/core/final_library/service.py,src/mediapipeline/core/completed/manifest.py
mediapipeline.core.final_library.service,mediapipeline.core.final_library.promotion,src/mediapipeline/core/final_library/service.py,src/mediapipeline/core/final_library/promotion.py
mediapipeline.core.final_library.service,mediapipeline.core.paths.contracts,src/mediapipeline/core/final_library/service.py,src/mediapipeline/core/paths/contracts.py
mediapipeline.core.folder_policy.contracts,mediapipeline.core.folder_policy.constants,src/mediapipeline/core/folder_policy/contracts.py,src/mediapipeline/core/folder_policy/constants.py
mediapipeline.core.folder_policy.io,mediapipeline.core.folder_policy.constants,src/mediapipeline/core/folder_policy/io.py,src/mediapipeline/core/folder_policy/constants.py
mediapipeline.core.folder_policy.io,mediapipeline.core.folder_policy.file_io,src/mediapipeline/core/folder_policy/io.py,src/mediapipeline/core/folder_policy/file_io.py
mediapipeline.core.folder_policy.probe,mediapipeline.core.folder_policy.contracts,src/mediapipeline/core/folder_policy/probe.py,src/mediapipeline/core/folder_policy/contracts.py
mediapipeline.core.folder_policy.service,mediapipeline.core.files.constants,src/mediapipeline/core/folder_policy/service.py,src/mediapipeline/core/files/constants.py
mediapipeline.core.folder_policy.service,mediapipeline.core.folder_policy.contracts,src/mediapipeline/core/folder_policy/service.py,src/mediapipeline/core/folder_policy/contracts.py
mediapipeline.core.folder_policy.service,mediapipeline.core.folder_policy.io,src/mediapipeline/core/folder_policy/service.py,src/mediapipeline/core/folder_policy/io.py
mediapipeline.core.folder_policy.service,mediapipeline.core.folder_policy.probe,src/mediapipeline/core/folder_policy/service.py,src/mediapipeline/core/folder_policy/probe.py
mediapipeline.core.folder_policy.service,mediapipeline.core.kernel.runtime.subprocess_runner,src/mediapipeline/core/folder_policy/service.py,src/mediapipeline/core/kernel/runtime/subprocess_runner.py
mediapipeline.core.kernel.config_key_order,mediapipeline.core.kernel.config_key_groups,src/mediapipeline/core/kernel/config_key_order.py,src/mediapipeline/core/kernel/config_key_groups.py
mediapipeline.core.kernel.config_keys,mediapipeline.core.kernel.config_key_aliases,src/mediapipeline/core/kernel/config_keys.py,src/mediapipeline/core/kernel/config_key_aliases.py
mediapipeline.core.kernel.config_keys,mediapipeline.core.kernel.config_key_groups,src/mediapipeline/core/kernel/config_keys.py,src/mediapipeline/core/kernel/config_key_groups.py
mediapipeline.core.kernel.config_keys,mediapipeline.core.kernel.config_key_order,src/mediapipeline/core/kernel/config_keys.py,src/mediapipeline/core/kernel/config_key_order.py
mediapipeline.core.kernel.contracts,mediapipeline.core.kernel.contracts.active_job,src/mediapipeline/core/kernel/contracts/__init__.py,src/mediapipeline/core/kernel/contracts/active_job.py
mediapipeline.core.kernel.contracts,mediapipeline.core.kernel.contracts.base,src/mediapipeline/core/kernel/contracts/__init__.py,src/mediapipeline/core/kernel/contracts/base.py
mediapipeline.core.kernel.contracts,mediapipeline.core.kernel.contracts.completed_job,src/mediapipeline/core/kernel/contracts/__init__.py,src/mediapipeline/core/kernel/contracts/completed_job.py
mediapipeline.core.kernel.contracts,mediapipeline.core.kernel.contracts.control_flag,src/mediapipeline/core/kernel/contracts/__init__.py,src/mediapipeline/core/kernel/contracts/control_flag.py
mediapipeline.core.kernel.contracts,mediapipeline.core.kernel.contracts.pending_publish,src/mediapipeline/core/kernel/contracts/__init__.py,src/mediapipeline/core/kernel/contracts/pending_publish.py
mediapipeline.core.kernel.contracts,mediapipeline.core.kernel.contracts.pipeline_events,src/mediapipeline/core/kernel/contracts/__init__.py,src/mediapipeline/core/kernel/contracts/pipeline_events.py
mediapipeline.core.kernel.contracts,mediapipeline.core.kernel.contracts.process_result,src/mediapipeline/core/kernel/contracts/__init__.py,src/mediapipeline/core/kernel/contracts/process_result.py
mediapipeline.core.kernel.contracts,mediapipeline.core.kernel.contracts.progress,src/mediapipeline/core/kernel/contracts/__init__.py,src/mediapipeline/core/kernel/contracts/progress.py
mediapipeline.core.kernel.contracts,mediapipeline.core.kernel.contracts.queue_snapshot,src/mediapipeline/core/kernel/contracts/__init__.py,src/mediapipeline/core/kernel/contracts/queue_snapshot.py
mediapipeline.core.kernel.contracts.active_job,mediapipeline.core.kernel.contracts.base,src/mediapipeline/core/kernel/contracts/active_job.py,src/mediapipeline/core/kernel/contracts/base.py
mediapipeline.core.kernel.contracts.completed_job,mediapipeline.core.kernel.contracts.base,src/mediapipeline/core/kernel/contracts/completed_job.py,src/mediapipeline/core/kernel/contracts/base.py
mediapipeline.core.kernel.contracts.control_flag,mediapipeline.core.kernel.contracts.base,src/mediapipeline/core/kernel/contracts/control_flag.py,src/mediapipeline/core/kernel/contracts/base.py
mediapipeline.core.kernel.contracts.pending_publish,mediapipeline.core.kernel.contracts.base,src/mediapipeline/core/kernel/contracts/pending_publish.py,src/mediapipeline/core/kernel/contracts/base.py
mediapipeline.core.kernel.contracts.pipeline_events,mediapipeline.core.kernel.contracts.base,src/mediapipeline/core/kernel/contracts/pipeline_events.py,src/mediapipeline/core/kernel/contracts/base.py
mediapipeline.core.kernel.contracts.process_result,mediapipeline.core.kernel.contracts.base,src/mediapipeline/core/kernel/contracts/process_result.py,src/mediapipeline/core/kernel/contracts/base.py
mediapipeline.core.kernel.contracts.progress,mediapipeline.core.kernel.contracts.base,src/mediapipeline/core/kernel/contracts/progress.py,src/mediapipeline/core/kernel/contracts/base.py
mediapipeline.core.kernel.contracts.queue_snapshot,mediapipeline.core.kernel.contracts.base,src/mediapipeline/core/kernel/contracts/queue_snapshot.py,src/mediapipeline/core/kernel/contracts/base.py
mediapipeline.core.kernel.dto,mediapipeline.core.kernel.dto_base,src/mediapipeline/core/kernel/dto.py,src/mediapipeline/core/kernel/dto_base.py
mediapipeline.core.kernel.dto,mediapipeline.core.kernel.dto_commands,src/mediapipeline/core/kernel/dto.py,src/mediapipeline/core/kernel/dto_commands.py
mediapipeline.core.kernel.dto,mediapipeline.core.kernel.dto_inventory,src/mediapipeline/core/kernel/dto.py,src/mediapipeline/core/kernel/dto_inventory.py
mediapipeline.core.kernel.dto,mediapipeline.core.kernel.dto_status,src/mediapipeline/core/kernel/dto.py,src/mediapipeline/core/kernel/dto_status.py
mediapipeline.core.kernel.dto,mediapipeline.core.kernel.dto_workspaces,src/mediapipeline/core/kernel/dto.py,src/mediapipeline/core/kernel/dto_workspaces.py
mediapipeline.core.kernel.dto_commands,mediapipeline.core.kernel.dto_base,src/mediapipeline/core/kernel/dto_commands.py,src/mediapipeline/core/kernel/dto_base.py
mediapipeline.core.kernel.dto_inventory,mediapipeline.core.kernel.dto_base,src/mediapipeline/core/kernel/dto_inventory.py,src/mediapipeline/core/kernel/dto_base.py
mediapipeline.core.kernel.dto_status,mediapipeline.core.kernel.dto_base,src/mediapipeline/core/kernel/dto_status.py,src/mediapipeline/core/kernel/dto_base.py
mediapipeline.core.kernel.dto_workspaces,mediapipeline.core.kernel.dto_base,src/mediapipeline/core/kernel/dto_workspaces.py,src/mediapipeline/core/kernel/dto_base.py
mediapipeline.core.kernel.models,mediapipeline.core.kernel.models_core,src/mediapipeline/core/kernel/models.py,src/mediapipeline/core/kernel/models_core.py
mediapipeline.core.library,mediapipeline.core.library.route_map,src/mediapipeline/core/library/__init__.py,src/mediapipeline/core/library/route_map.py
mediapipeline.core.library,mediapipeline.core.library.summary,src/mediapipeline/core/library/__init__.py,src/mediapipeline/core/library/summary.py
mediapipeline.core.library.facade,mediapipeline.core.library.route_map,src/mediapipeline/core/library/facade.py,src/mediapipeline/core/library/route_map.py
mediapipeline.core.library.facade,mediapipeline.core.library.summary,src/mediapipeline/core/library/facade.py,src/mediapipeline/core/library/summary.py
mediapipeline.core.library.facade,mediapipeline.core.paths.contracts,src/mediapipeline/core/library/facade.py,src/mediapipeline/core/paths/contracts.py
mediapipeline.core.library.facade,mediapipeline.core.queue.source_inventory,src/mediapipeline/core/library/facade.py,src/mediapipeline/core/queue/source_inventory.py
mediapipeline.core.library.route_map,mediapipeline.core.config.library_profile_defaults,src/mediapipeline/core/library/route_map.py,src/mediapipeline/core/config/library_profile_defaults.py
mediapipeline.core.library.route_map,mediapipeline.core.config.library_profile_state,src/mediapipeline/core/library/route_map.py,src/mediapipeline/core/config/library_profile_state.py
mediapipeline.core.library.route_map,mediapipeline.core.config.metadata_parts.field_definitions,src/mediapipeline/core/library/route_map.py,src/mediapipeline/core/config/metadata_parts/field_definitions.py
mediapipeline.core.library.route_map,mediapipeline.core.kernel.dto_base,src/mediapipeline/core/library/route_map.py,src/mediapipeline/core/kernel/dto_base.py
mediapipeline.core.library.route_map,mediapipeline.core.library.route_map_evidence,src/mediapipeline/core/library/route_map.py,src/mediapipeline/core/library/route_map_evidence.py
mediapipeline.core.library.route_map,mediapipeline.core.library.route_map_projection,src/mediapipeline/core/library/route_map.py,src/mediapipeline/core/library/route_map_projection.py
mediapipeline.core.library.route_map_evidence,mediapipeline.core.config.library_profile_defaults,src/mediapipeline/core/library/route_map_evidence.py,src/mediapipeline/core/config/library_profile_defaults.py
mediapipeline.core.library.route_map_evidence,mediapipeline.core.config.library_profile_state,src/mediapipeline/core/library/route_map_evidence.py,src/mediapipeline/core/config/library_profile_state.py
mediapipeline.core.library.route_map_evidence,mediapipeline.core.config.metadata_parts.field_definitions,src/mediapipeline/core/library/route_map_evidence.py,src/mediapipeline/core/config/metadata_parts/field_definitions.py
mediapipeline.core.library.route_map_evidence,mediapipeline.core.kernel.dto_base,src/mediapipeline/core/library/route_map_evidence.py,src/mediapipeline/core/kernel/dto_base.py
mediapipeline.core.library.route_map_evidence,mediapipeline.core.library.route_map_projection,src/mediapipeline/core/library/route_map_evidence.py,src/mediapipeline/core/library/route_map_projection.py
mediapipeline.core.library.route_map_projection,mediapipeline.core.config.library_profile_defaults,src/mediapipeline/core/library/route_map_projection.py,src/mediapipeline/core/config/library_profile_defaults.py
mediapipeline.core.library.route_map_projection,mediapipeline.core.config.library_profile_state,src/mediapipeline/core/library/route_map_projection.py,src/mediapipeline/core/config/library_profile_state.py
mediapipeline.core.library.route_map_projection,mediapipeline.core.config.metadata_parts.field_definitions,src/mediapipeline/core/library/route_map_projection.py,src/mediapipeline/core/config/metadata_parts/field_definitions.py
mediapipeline.core.library.route_map_projection,mediapipeline.core.kernel.dto_base,src/mediapipeline/core/library/route_map_projection.py,src/mediapipeline/core/kernel/dto_base.py
mediapipeline.core.library.summary,mediapipeline.core.config.library_profiles,src/mediapipeline/core/library/summary.py,src/mediapipeline/core/config/library_profiles.py
mediapipeline.core.library.summary,mediapipeline.core.queue.source_inventory,src/mediapipeline/core/library/summary.py,src/mediapipeline/core/queue/source_inventory.py
mediapipeline.core.maintenance.backfill_facade,mediapipeline.core.kernel.dto_commands,src/mediapipeline/core/maintenance/backfill_facade.py,src/mediapipeline/core/kernel/dto_commands.py
mediapipeline.core.maintenance.backfill_facade,mediapipeline.core.maintenance.command_policy,src/mediapipeline/core/maintenance/backfill_facade.py,src/mediapipeline/core/maintenance/command_policy.py
mediapipeline.core.maintenance.backfill_facade,mediapipeline.core.paths.contracts,src/mediapipeline/core/maintenance/backfill_facade.py,src/mediapipeline/core/paths/contracts.py
mediapipeline.core.maintenance.change_ledger,mediapipeline.tools.change_control.packet_coverage,src/mediapipeline/core/maintenance/change_ledger.py,src/mediapipeline/tools/change_control/packet_coverage.py
mediapipeline.core.maintenance.command_policy,mediapipeline.core.kernel.dto_base,src/mediapipeline/core/maintenance/command_policy.py,src/mediapipeline/core/kernel/dto_base.py
mediapipeline.core.maintenance.command_policy,mediapipeline.core.kernel.dto_commands,src/mediapipeline/core/maintenance/command_policy.py,src/mediapipeline/core/kernel/dto_commands.py
mediapipeline.core.maintenance.commands_facade,mediapipeline.core.maintenance.command_policy,src/mediapipeline/core/maintenance/commands_facade.py,src/mediapipeline/core/maintenance/command_policy.py
mediapipeline.core.maintenance.dependency_atlas,mediapipeline.core.kernel.runtime.subprocess_runner,src/mediapipeline/core/maintenance/dependency_atlas.py,src/mediapipeline/core/kernel/runtime/subprocess_runner.py
mediapipeline.core.maintenance.dependency_atlas_facade,mediapipeline.core.kernel.dto_commands,src/mediapipeline/core/maintenance/dependency_atlas_facade.py,src/mediapipeline/core/kernel/dto_commands.py
mediapipeline.core.maintenance.dependency_atlas_facade,mediapipeline.core.maintenance.command_policy,src/mediapipeline/core/maintenance/dependency_atlas_facade.py,src/mediapipeline/core/maintenance/command_policy.py
mediapipeline.core.maintenance.facade,mediapipeline.core.kernel.dto_workspaces,src/mediapipeline/core/maintenance/facade.py,src/mediapipeline/core/kernel/dto_workspaces.py
mediapipeline.core.maintenance.facade,mediapipeline.core.maintenance.change_ledger,src/mediapipeline/core/maintenance/facade.py,src/mediapipeline/core/maintenance/change_ledger.py
mediapipeline.core.maintenance.facade,mediapipeline.core.maintenance.command_policy,src/mediapipeline/core/maintenance/facade.py,src/mediapipeline/core/maintenance/command_policy.py
mediapipeline.core.maintenance.facade,mediapipeline.core.maintenance.policy,src/mediapipeline/core/maintenance/facade.py,src/mediapipeline/core/maintenance/policy.py
mediapipeline.core.maintenance.facade,mediapipeline.core.maintenance.productization,src/mediapipeline/core/maintenance/facade.py,src/mediapipeline/core/maintenance/productization.py
mediapipeline.core.maintenance.facade,mediapipeline.core.paths.contracts,src/mediapipeline/core/maintenance/facade.py,src/mediapipeline/core/paths/contracts.py
mediapipeline.core.maintenance.policy,mediapipeline.core.paths.contracts,src/mediapipeline/core/maintenance/policy.py,src/mediapipeline/core/paths/contracts.py
mediapipeline.core.maintenance.productization,mediapipeline.core.kernel.config_locations,src/mediapipeline/core/maintenance/productization.py,src/mediapipeline/core/kernel/config_locations.py
mediapipeline.core.maintenance.productization,mediapipeline.core.kernel.dto_commands,src/mediapipeline/core/maintenance/productization.py,src/mediapipeline/core/kernel/dto_commands.py
mediapipeline.core.maintenance.productization,mediapipeline.core.network.url_policy,src/mediapipeline/core/maintenance/productization.py,src/mediapipeline/core/network/url_policy.py
mediapipeline.core.maintenance.productization,mediapipeline.core.storage.constants,src/mediapipeline/core/maintenance/productization.py,src/mediapipeline/core/storage/constants.py
mediapipeline.core.maintenance.release,mediapipeline.core.kernel.runtime.subprocess_runner,src/mediapipeline/core/maintenance/release.py,src/mediapipeline/core/kernel/runtime/subprocess_runner.py
mediapipeline.core.maintenance.release,mediapipeline.core.maintenance.file_io,src/mediapipeline/core/maintenance/release.py,src/mediapipeline/core/maintenance/file_io.py
mediapipeline.core.maintenance.release,mediapipeline.core.maintenance.release_plan,src/mediapipeline/core/maintenance/release.py,src/mediapipeline/core/maintenance/release_plan.py
mediapipeline.core.maintenance.release,mediapipeline.core.maintenance.release_result,src/mediapipeline/core/maintenance/release.py,src/mediapipeline/core/maintenance/release_result.py
mediapipeline.core.maintenance.release_facade,mediapipeline.core.kernel.dto_commands,src/mediapipeline/core/maintenance/release_facade.py,src/mediapipeline/core/kernel/dto_commands.py
mediapipeline.core.maintenance.release_facade,mediapipeline.core.maintenance.command_policy,src/mediapipeline/core/maintenance/release_facade.py,src/mediapipeline/core/maintenance/command_policy.py
mediapipeline.core.maintenance.release_facade,mediapipeline.core.paths.contracts,src/mediapipeline/core/maintenance/release_facade.py,src/mediapipeline/core/paths/contracts.py
mediapipeline.core.maintenance.release_result,mediapipeline.core.kernel.runtime.subprocess_runner,src/mediapipeline/core/maintenance/release_result.py,src/mediapipeline/core/kernel/runtime/subprocess_runner.py
mediapipeline.core.maintenance.retention_facade,mediapipeline.core.kernel.dto_commands,src/mediapipeline/core/maintenance/retention_facade.py,src/mediapipeline/core/kernel/dto_commands.py
mediapipeline.core.maintenance.retention_facade,mediapipeline.core.maintenance.command_policy,src/mediapipeline/core/maintenance/retention_facade.py,src/mediapipeline/core/maintenance/command_policy.py
mediapipeline.core.maintenance.retention_facade,mediapipeline.core.maintenance.retention,src/mediapipeline/core/maintenance/retention_facade.py,src/mediapipeline/core/maintenance/retention.py
mediapipeline.core.maintenance.state_journal_archive,mediapipeline.core.diagnostics.autonomy_health,src/mediapipeline/core/maintenance/state_journal_archive.py,src/mediapipeline/core/diagnostics/autonomy_health.py
mediapipeline.core.maintenance.state_journal_archive_facade,mediapipeline.core.kernel.dto_commands,src/mediapipeline/core/maintenance/state_journal_archive_facade.py,src/mediapipeline/core/kernel/dto_commands.py
mediapipeline.core.maintenance.state_journal_archive_facade,mediapipeline.core.maintenance.command_policy,src/mediapipeline/core/maintenance/state_journal_archive_facade.py,src/mediapipeline/core/maintenance/command_policy.py
mediapipeline.core.maintenance.state_journal_archive_facade,mediapipeline.core.maintenance.state_journal_archive,src/mediapipeline/core/maintenance/state_journal_archive_facade.py,src/mediapipeline/core/maintenance/state_journal_archive.py
mediapipeline.core.metrics,mediapipeline.core.metrics.facade,src/mediapipeline/core/metrics/__init__.py,src/mediapipeline/core/metrics/facade.py
mediapipeline.core.metrics,mediapipeline.core.metrics.policy,src/mediapipeline/core/metrics/__init__.py,src/mediapipeline/core/metrics/policy.py
mediapipeline.core.metrics.facade,mediapipeline.core.completed.contracts,src/mediapipeline/core/metrics/facade.py,src/mediapipeline/core/completed/contracts.py
mediapipeline.core.metrics.facade,mediapipeline.core.completed.manifest,src/mediapipeline/core/metrics/facade.py,src/mediapipeline/core/completed/manifest.py
mediapipeline.core.metrics.facade,mediapipeline.core.kernel.dto_commands,src/mediapipeline/core/metrics/facade.py,src/mediapipeline/core/kernel/dto_commands.py
mediapipeline.core.metrics.facade,mediapipeline.core.metrics.policy,src/mediapipeline/core/metrics/facade.py,src/mediapipeline/core/metrics/policy.py
mediapipeline.core.metrics.facade,mediapipeline.core.metrics.sources,src/mediapipeline/core/metrics/facade.py,src/mediapipeline/core/metrics/sources.py
mediapipeline.core.metrics.facade,mediapipeline.core.paths.contracts,src/mediapipeline/core/metrics/facade.py,src/mediapipeline/core/paths/contracts.py
mediapipeline.core.metrics.policy,mediapipeline.core.completed.contracts,src/mediapipeline/core/metrics/policy.py,src/mediapipeline/core/completed/contracts.py
mediapipeline.core.metrics.policy,mediapipeline.core.completed.policy,src/mediapipeline/core/metrics/policy.py,src/mediapipeline/core/completed/policy.py
mediapipeline.core.metrics.sources,mediapipeline.core.completed.contracts,src/mediapipeline/core/metrics/sources.py,src/mediapipeline/core/completed/contracts.py
mediapipeline.core.metrics.sources,mediapipeline.core.completed.manifest,src/mediapipeline/core/metrics/sources.py,src/mediapipeline/core/completed/manifest.py
mediapipeline.core.metrics.sources,mediapipeline.core.kernel.dto_base,src/mediapipeline/core/metrics/sources.py,src/mediapipeline/core/kernel/dto_base.py
mediapipeline.core.metrics.sources,mediapipeline.core.metrics.policy,src/mediapipeline/core/metrics/sources.py,src/mediapipeline/core/metrics/policy.py
mediapipeline.core.metrics.sources,mediapipeline.core.paths.contracts,src/mediapipeline/core/metrics/sources.py,src/mediapipeline/core/paths/contracts.py
mediapipeline.core.network.facade,mediapipeline.core.config.library_profiles,src/mediapipeline/core/network/facade.py,src/mediapipeline/core/config/library_profiles.py
mediapipeline.core.network.facade,mediapipeline.core.kernel.config_keys,src/mediapipeline/core/network/facade.py,src/mediapipeline/core/kernel/config_keys.py
mediapipeline.core.network.facade,mediapipeline.core.kernel.dto_commands,src/mediapipeline/core/network/facade.py,src/mediapipeline/core/kernel/dto_commands.py
mediapipeline.core.network.facade,mediapipeline.core.kernel.dto_workspaces,src/mediapipeline/core/network/facade.py,src/mediapipeline/core/kernel/dto_workspaces.py
mediapipeline.core.network.facade,mediapipeline.core.network.auth,src/mediapipeline/core/network/facade.py,src/mediapipeline/core/network/auth.py
mediapipeline.core.network.facade,mediapipeline.core.network.facade_connectivity,src/mediapipeline/core/network/facade.py,src/mediapipeline/core/network/facade_connectivity.py
mediapipeline.core.network.facade,mediapipeline.core.network.facade_contract,src/mediapipeline/core/network/facade.py,src/mediapipeline/core/network/facade_contract.py
mediapipeline.core.network.facade,mediapipeline.core.network.facade_diagnostics,src/mediapipeline/core/network/facade.py,src/mediapipeline/core/network/facade_diagnostics.py
mediapipeline.core.network.facade,mediapipeline.core.network.facade_policy,src/mediapipeline/core/network/facade.py,src/mediapipeline/core/network/facade_policy.py
mediapipeline.core.network.facade,mediapipeline.core.network.join,src/mediapipeline/core/network/facade.py,src/mediapipeline/core/network/join.py
mediapipeline.core.network.facade,mediapipeline.core.network.library_roots,src/mediapipeline/core/network/facade.py,src/mediapipeline/core/network/library_roots.py
mediapipeline.core.network.facade,mediapipeline.core.network.path_map,src/mediapipeline/core/network/facade.py,src/mediapipeline/core/network/path_map.py
mediapipeline.core.network.facade,mediapipeline.core.network.registry,src/mediapipeline/core/network/facade.py,src/mediapipeline/core/network/registry.py
mediapipeline.core.network.facade,mediapipeline.core.network.url_policy,src/mediapipeline/core/network/facade.py,src/mediapipeline/core/network/url_policy.py
mediapipeline.core.network.facade,mediapipeline.core.network.worker_state,src/mediapipeline/core/network/facade.py,src/mediapipeline/core/network/worker_state.py
mediapipeline.core.network.facade,mediapipeline.core.paths.contracts,src/mediapipeline/core/network/facade.py,src/mediapipeline/core/paths/contracts.py
mediapipeline.core.network.facade,mediapipeline.core.processes.pipeline_policy,src/mediapipeline/core/network/facade.py,src/mediapipeline/core/processes/pipeline_policy.py
mediapipeline.core.network.facade_connectivity,mediapipeline.core.config.library_profiles,src/mediapipeline/core/network/facade_connectivity.py,src/mediapipeline/core/config/library_profiles.py
mediapipeline.core.network.facade_connectivity,mediapipeline.core.kernel.config_keys,src/mediapipeline/core/network/facade_connectivity.py,src/mediapipeline/core/kernel/config_keys.py
mediapipeline.core.network.facade_connectivity,mediapipeline.core.kernel.dto_commands,src/mediapipeline/core/network/facade_connectivity.py,src/mediapipeline/core/kernel/dto_commands.py
mediapipeline.core.network.facade_connectivity,mediapipeline.core.kernel.dto_workspaces,src/mediapipeline/core/network/facade_connectivity.py,src/mediapipeline/core/kernel/dto_workspaces.py
mediapipeline.core.network.facade_connectivity,mediapipeline.core.network.auth,src/mediapipeline/core/network/facade_connectivity.py,src/mediapipeline/core/network/auth.py
mediapipeline.core.network.facade_connectivity,mediapipeline.core.network.facade_contract,src/mediapipeline/core/network/facade_connectivity.py,src/mediapipeline/core/network/facade_contract.py
mediapipeline.core.network.facade_connectivity,mediapipeline.core.network.join,src/mediapipeline/core/network/facade_connectivity.py,src/mediapipeline/core/network/join.py
mediapipeline.core.network.facade_connectivity,mediapipeline.core.network.library_roots,src/mediapipeline/core/network/facade_connectivity.py,src/mediapipeline/core/network/library_roots.py
mediapipeline.core.network.facade_connectivity,mediapipeline.core.network.path_map,src/mediapipeline/core/network/facade_connectivity.py,src/mediapipeline/core/network/path_map.py
mediapipeline.core.network.facade_connectivity,mediapipeline.core.network.registry,src/mediapipeline/core/network/facade_connectivity.py,src/mediapipeline/core/network/registry.py
mediapipeline.core.network.facade_connectivity,mediapipeline.core.network.url_policy,src/mediapipeline/core/network/facade_connectivity.py,src/mediapipeline/core/network/url_policy.py
mediapipeline.core.network.facade_connectivity,mediapipeline.core.network.worker_state,src/mediapipeline/core/network/facade_connectivity.py,src/mediapipeline/core/network/worker_state.py
mediapipeline.core.network.facade_connectivity,mediapipeline.core.paths.contracts,src/mediapipeline/core/network/facade_connectivity.py,src/mediapipeline/core/paths/contracts.py
mediapipeline.core.network.facade_connectivity,mediapipeline.core.processes.pipeline_policy,src/mediapipeline/core/network/facade_connectivity.py,src/mediapipeline/core/processes/pipeline_policy.py
mediapipeline.core.network.facade_diagnostics,mediapipeline.core.config.library_profiles,src/mediapipeline/core/network/facade_diagnostics.py,src/mediapipeline/core/config/library_profiles.py
mediapipeline.core.network.facade_diagnostics,mediapipeline.core.kernel.config_keys,src/mediapipeline/core/network/facade_diagnostics.py,src/mediapipeline/core/kernel/config_keys.py
mediapipeline.core.network.facade_diagnostics,mediapipeline.core.kernel.dto_commands,src/mediapipeline/core/network/facade_diagnostics.py,src/mediapipeline/core/kernel/dto_commands.py
mediapipeline.core.network.facade_diagnostics,mediapipeline.core.kernel.dto_workspaces,src/mediapipeline/core/network/facade_diagnostics.py,src/mediapipeline/core/kernel/dto_workspaces.py
mediapipeline.core.network.facade_diagnostics,mediapipeline.core.network.auth,src/mediapipeline/core/network/facade_diagnostics.py,src/mediapipeline/core/network/auth.py
mediapipeline.core.network.facade_diagnostics,mediapipeline.core.network.facade_connectivity,src/mediapipeline/core/network/facade_diagnostics.py,src/mediapipeline/core/network/facade_connectivity.py
mediapipeline.core.network.facade_diagnostics,mediapipeline.core.network.facade_contract,src/mediapipeline/core/network/facade_diagnostics.py,src/mediapipeline/core/network/facade_contract.py
mediapipeline.core.network.facade_diagnostics,mediapipeline.core.network.facade_policy,src/mediapipeline/core/network/facade_diagnostics.py,src/mediapipeline/core/network/facade_policy.py
mediapipeline.core.network.facade_diagnostics,mediapipeline.core.network.join,src/mediapipeline/core/network/facade_diagnostics.py,src/mediapipeline/core/network/join.py
mediapipeline.core.network.facade_diagnostics,mediapipeline.core.network.library_roots,src/mediapipeline/core/network/facade_diagnostics.py,src/mediapipeline/core/network/library_roots.py
mediapipeline.core.network.facade_diagnostics,mediapipeline.core.network.path_map,src/mediapipeline/core/network/facade_diagnostics.py,src/mediapipeline/core/network/path_map.py
mediapipeline.core.network.facade_diagnostics,mediapipeline.core.network.registry,src/mediapipeline/core/network/facade_diagnostics.py,src/mediapipeline/core/network/registry.py
mediapipeline.core.network.facade_diagnostics,mediapipeline.core.network.url_policy,src/mediapipeline/core/network/facade_diagnostics.py,src/mediapipeline/core/network/url_policy.py
mediapipeline.core.network.facade_diagnostics,mediapipeline.core.network.worker_state,src/mediapipeline/core/network/facade_diagnostics.py,src/mediapipeline/core/network/worker_state.py
mediapipeline.core.network.facade_diagnostics,mediapipeline.core.paths.contracts,src/mediapipeline/core/network/facade_diagnostics.py,src/mediapipeline/core/paths/contracts.py
mediapipeline.core.network.facade_diagnostics,mediapipeline.core.processes.pipeline_policy,src/mediapipeline/core/network/facade_diagnostics.py,src/mediapipeline/core/processes/pipeline_policy.py
mediapipeline.core.network.facade_policy,mediapipeline.core.config.library_profiles,src/mediapipeline/core/network/facade_policy.py,src/mediapipeline/core/config/library_profiles.py
mediapipeline.core.network.facade_policy,mediapipeline.core.kernel.config_keys,src/mediapipeline/core/network/facade_policy.py,src/mediapipeline/core/kernel/config_keys.py
mediapipeline.core.network.facade_policy,mediapipeline.core.kernel.dto_commands,src/mediapipeline/core/network/facade_policy.py,src/mediapipeline/core/kernel/dto_commands.py
mediapipeline.core.network.facade_policy,mediapipeline.core.kernel.dto_workspaces,src/mediapipeline/core/network/facade_policy.py,src/mediapipeline/core/kernel/dto_workspaces.py
mediapipeline.core.network.facade_policy,mediapipeline.core.network.auth,src/mediapipeline/core/network/facade_policy.py,src/mediapipeline/core/network/auth.py
mediapipeline.core.network.facade_policy,mediapipeline.core.network.facade_connectivity,src/mediapipeline/core/network/facade_policy.py,src/mediapipeline/core/network/facade_connectivity.py
mediapipeline.core.network.facade_policy,mediapipeline.core.network.facade_contract,src/mediapipeline/core/network/facade_policy.py,src/mediapipeline/core/network/facade_contract.py
mediapipeline.core.network.facade_policy,mediapipeline.core.network.join,src/mediapipeline/core/network/facade_policy.py,src/mediapipeline/core/network/join.py
mediapipeline.core.network.facade_policy,mediapipeline.core.network.library_roots,src/mediapipeline/core/network/facade_policy.py,src/mediapipeline/core/network/library_roots.py
mediapipeline.core.network.facade_policy,mediapipeline.core.network.path_map,src/mediapipeline/core/network/facade_policy.py,src/mediapipeline/core/network/path_map.py
mediapipeline.core.network.facade_policy,mediapipeline.core.network.registry,src/mediapipeline/core/network/facade_policy.py,src/mediapipeline/core/network/registry.py
mediapipeline.core.network.facade_policy,mediapipeline.core.network.url_policy,src/mediapipeline/core/network/facade_policy.py,src/mediapipeline/core/network/url_policy.py
mediapipeline.core.network.facade_policy,mediapipeline.core.network.worker_state,src/mediapipeline/core/network/facade_policy.py,src/mediapipeline/core/network/worker_state.py
mediapipeline.core.network.facade_policy,mediapipeline.core.paths.contracts,src/mediapipeline/core/network/facade_policy.py,src/mediapipeline/core/paths/contracts.py
mediapipeline.core.network.facade_policy,mediapipeline.core.processes.pipeline_policy,src/mediapipeline/core/network/facade_policy.py,src/mediapipeline/core/processes/pipeline_policy.py
mediapipeline.core.network.join,mediapipeline.core.network.library_roots,src/mediapipeline/core/network/join.py,src/mediapipeline/core/network/library_roots.py
mediapipeline.core.network.join,mediapipeline.core.network.path_map,src/mediapipeline/core/network/join.py,src/mediapipeline/core/network/path_map.py
mediapipeline.core.network.join,mediapipeline.core.network.url_policy,src/mediapipeline/core/network/join.py,src/mediapipeline/core/network/url_policy.py
mediapipeline.core.network.library_roots,mediapipeline.core.config.library_profiles,src/mediapipeline/core/network/library_roots.py,src/mediapipeline/core/config/library_profiles.py
mediapipeline.core.network.lifecycle_facade,mediapipeline.core.kernel.dto_commands,src/mediapipeline/core/network/lifecycle_facade.py,src/mediapipeline/core/kernel/dto_commands.py
mediapipeline.core.network.lifecycle_facade,mediapipeline.core.network.url_policy,src/mediapipeline/core/network/lifecycle_facade.py,src/mediapipeline/core/network/url_policy.py
mediapipeline.core.network.lifecycle_facade,mediapipeline.core.paths.contracts,src/mediapipeline/core/network/lifecycle_facade.py,src/mediapipeline/core/paths/contracts.py
mediapipeline.core.network.lifecycle_facade,mediapipeline.core.processes.file_io,src/mediapipeline/core/network/lifecycle_facade.py,src/mediapipeline/core/processes/file_io.py
mediapipeline.core.network.lifecycle_facade,mediapipeline.core.processes.pipeline_policy,src/mediapipeline/core/network/lifecycle_facade.py,src/mediapipeline/core/processes/pipeline_policy.py
mediapipeline.core.network.path_map,mediapipeline.core.network.json_policy,src/mediapipeline/core/network/path_map.py,src/mediapipeline/core/network/json_policy.py
mediapipeline.core.network.protocol,mediapipeline.core.network.failure_reasons,src/mediapipeline/core/network/protocol.py,src/mediapipeline/core/network/failure_reasons.py
mediapipeline.core.network.registry,mediapipeline.core.network.failure_reasons,src/mediapipeline/core/network/registry.py,src/mediapipeline/core/network/failure_reasons.py
mediapipeline.core.network.registry,mediapipeline.core.network.json_policy,src/mediapipeline/core/network/registry.py,src/mediapipeline/core/network/json_policy.py
mediapipeline.core.network.registry,mediapipeline.core.network.protocol,src/mediapipeline/core/network/registry.py,src/mediapipeline/core/network/protocol.py
mediapipeline.core.network.registry,mediapipeline.core.network.registry_lifecycle,src/mediapipeline/core/network/registry.py,src/mediapipeline/core/network/registry_lifecycle.py
mediapipeline.core.network.registry,mediapipeline.core.network.registry_persistence,src/mediapipeline/core/network/registry.py,src/mediapipeline/core/network/registry_persistence.py
mediapipeline.core.network.registry,mediapipeline.core.network.registry_recovery,src/mediapipeline/core/network/registry.py,src/mediapipeline/core/network/registry_recovery.py
mediapipeline.core.network.registry,mediapipeline.core.network.registry_snapshots,src/mediapipeline/core/network/registry.py,src/mediapipeline/core/network/registry_snapshots.py
mediapipeline.core.network.registry,mediapipeline.core.network.registry_support,src/mediapipeline/core/network/registry.py,src/mediapipeline/core/network/registry_support.py
mediapipeline.core.network.registry,mediapipeline.core.network.url_policy,src/mediapipeline/core/network/registry.py,src/mediapipeline/core/network/url_policy.py
mediapipeline.core.network.registry_lifecycle,mediapipeline.core.network.failure_reasons,src/mediapipeline/core/network/registry_lifecycle.py,src/mediapipeline/core/network/failure_reasons.py
mediapipeline.core.network.registry_lifecycle,mediapipeline.core.network.json_policy,src/mediapipeline/core/network/registry_lifecycle.py,src/mediapipeline/core/network/json_policy.py
mediapipeline.core.network.registry_lifecycle,mediapipeline.core.network.protocol,src/mediapipeline/core/network/registry_lifecycle.py,src/mediapipeline/core/network/protocol.py
mediapipeline.core.network.registry_lifecycle,mediapipeline.core.network.registry_support,src/mediapipeline/core/network/registry_lifecycle.py,src/mediapipeline/core/network/registry_support.py
mediapipeline.core.network.registry_lifecycle,mediapipeline.core.network.url_policy,src/mediapipeline/core/network/registry_lifecycle.py,src/mediapipeline/core/network/url_policy.py
mediapipeline.core.network.registry_persistence,mediapipeline.core.network.failure_reasons,src/mediapipeline/core/network/registry_persistence.py,src/mediapipeline/core/network/failure_reasons.py
mediapipeline.core.network.registry_persistence,mediapipeline.core.network.json_policy,src/mediapipeline/core/network/registry_persistence.py,src/mediapipeline/core/network/json_policy.py
mediapipeline.core.network.registry_persistence,mediapipeline.core.network.protocol,src/mediapipeline/core/network/registry_persistence.py,src/mediapipeline/core/network/protocol.py
mediapipeline.core.network.registry_persistence,mediapipeline.core.network.registry_support,src/mediapipeline/core/network/registry_persistence.py,src/mediapipeline/core/network/registry_support.py
mediapipeline.core.network.registry_persistence,mediapipeline.core.network.url_policy,src/mediapipeline/core/network/registry_persistence.py,src/mediapipeline/core/network/url_policy.py
mediapipeline.core.network.registry_recovery,mediapipeline.core.network.failure_reasons,src/mediapipeline/core/network/registry_recovery.py,src/mediapipeline/core/network/failure_reasons.py
mediapipeline.core.network.registry_recovery,mediapipeline.core.network.json_policy,src/mediapipeline/core/network/registry_recovery.py,src/mediapipeline/core/network/json_policy.py
mediapipeline.core.network.registry_recovery,mediapipeline.core.network.protocol,src/mediapipeline/core/network/registry_recovery.py,src/mediapipeline/core/network/protocol.py
mediapipeline.core.network.registry_recovery,mediapipeline.core.network.registry_support,src/mediapipeline/core/network/registry_recovery.py,src/mediapipeline/core/network/registry_support.py
mediapipeline.core.network.registry_recovery,mediapipeline.core.network.url_policy,src/mediapipeline/core/network/registry_recovery.py,src/mediapipeline/core/network/url_policy.py
mediapipeline.core.network.registry_snapshots,mediapipeline.core.network.failure_reasons,src/mediapipeline/core/network/registry_snapshots.py,src/mediapipeline/core/network/failure_reasons.py
mediapipeline.core.network.registry_snapshots,mediapipeline.core.network.json_policy,src/mediapipeline/core/network/registry_snapshots.py,src/mediapipeline/core/network/json_policy.py
mediapipeline.core.network.registry_snapshots,mediapipeline.core.network.protocol,src/mediapipeline/core/network/registry_snapshots.py,src/mediapipeline/core/network/protocol.py
mediapipeline.core.network.registry_snapshots,mediapipeline.core.network.registry_support,src/mediapipeline/core/network/registry_snapshots.py,src/mediapipeline/core/network/registry_support.py
mediapipeline.core.network.registry_snapshots,mediapipeline.core.network.url_policy,src/mediapipeline/core/network/registry_snapshots.py,src/mediapipeline/core/network/url_policy.py
mediapipeline.core.network.registry_support,mediapipeline.core.network.failure_reasons,src/mediapipeline/core/network/registry_support.py,src/mediapipeline/core/network/failure_reasons.py
mediapipeline.core.network.registry_support,mediapipeline.core.network.json_policy,src/mediapipeline/core/network/registry_support.py,src/mediapipeline/core/network/json_policy.py
mediapipeline.core.network.registry_support,mediapipeline.core.network.protocol,src/mediapipeline/core/network/registry_support.py,src/mediapipeline/core/network/protocol.py
mediapipeline.core.network.registry_support,mediapipeline.core.network.url_policy,src/mediapipeline/core/network/registry_support.py,src/mediapipeline/core/network/url_policy.py
mediapipeline.core.network.rerun_handoff,mediapipeline.core.config.library_profiles,src/mediapipeline/core/network/rerun_handoff.py,src/mediapipeline/core/config/library_profiles.py
mediapipeline.core.network.rerun_handoff,mediapipeline.core.kernel.config_keys,src/mediapipeline/core/network/rerun_handoff.py,src/mediapipeline/core/kernel/config_keys.py
mediapipeline.core.network.rerun_handoff,mediapipeline.core.paths.contracts,src/mediapipeline/core/network/rerun_handoff.py,src/mediapipeline/core/paths/contracts.py
mediapipeline.core.network.worker_state,mediapipeline.core.network.json_policy,src/mediapipeline/core/network/worker_state.py,src/mediapipeline/core/network/json_policy.py
mediapipeline.core.observability.runtime_outcomes,mediapipeline.core.observability.artifact_freshness,src/mediapipeline/core/observability/runtime_outcomes.py,src/mediapipeline/core/observability/artifact_freshness.py
mediapipeline.core.observability.status_files,mediapipeline.core.paths.contracts,src/mediapipeline/core/observability/status_files.py,src/mediapipeline/core/paths/contracts.py
mediapipeline.core.observability.status_policy,mediapipeline.core.telemetry.gpu_usage,src/mediapipeline/core/observability/status_policy.py,src/mediapipeline/core/telemetry/gpu_usage.py
mediapipeline.core.orchestration.planner,mediapipeline.contracts.pipeline_plan,src/mediapipeline/core/orchestration/planner.py,src/mediapipeline/contracts/pipeline_plan.py
mediapipeline.core.orchestration.planner,mediapipeline.contracts.source_media,src/mediapipeline/core/orchestration/planner.py,src/mediapipeline/contracts/source_media.py
mediapipeline.core.orchestration.planner,mediapipeline.core.config.preset_migration,src/mediapipeline/core/orchestration/planner.py,src/mediapipeline/core/config/preset_migration.py
mediapipeline.core.orchestration.planner,mediapipeline.core.config.preset_policy,src/mediapipeline/core/orchestration/planner.py,src/mediapipeline/core/config/preset_policy.py
mediapipeline.core.orchestration.planner,mediapipeline.core.decide.processing_decision,src/mediapipeline/core/orchestration/planner.py,src/mediapipeline/core/decide/processing_decision.py
mediapipeline.core.orchestration.planner,mediapipeline.core.decide.routing,src/mediapipeline/core/orchestration/planner.py,src/mediapipeline/core/decide/routing.py
mediapipeline.core.orchestration.planner,mediapipeline.core.decide.routing_facts,src/mediapipeline/core/orchestration/planner.py,src/mediapipeline/core/decide/routing_facts.py
mediapipeline.core.orchestration.runner,mediapipeline.contracts.stages,src/mediapipeline/core/orchestration/runner.py,src/mediapipeline/contracts/stages.py
mediapipeline.core.orchestration.runner,mediapipeline.core.rename.stage,src/mediapipeline/core/orchestration/runner.py,src/mediapipeline/core/rename/stage.py
mediapipeline.core.orchestration.runner,mediapipeline.core.storage.db,src/mediapipeline/core/orchestration/runner.py,src/mediapipeline/core/storage/db.py
mediapipeline.core.orchestration.runner,mediapipeline.core.subtitles.stage,src/mediapipeline/core/orchestration/runner.py,src/mediapipeline/core/subtitles/stage.py
mediapipeline.core.orchestration.runner,mediapipeline.tools.paths,src/mediapipeline/core/orchestration/runner.py,src/mediapipeline/tools/paths.py
mediapipeline.core.orchestration.settings_patch_facade,mediapipeline.contracts.source_media,src/mediapipeline/core/orchestration/settings_patch_facade.py,src/mediapipeline/contracts/source_media.py
mediapipeline.core.orchestration.settings_patch_facade,mediapipeline.core.config.authority_lock,src/mediapipeline/core/orchestration/settings_patch_facade.py,src/mediapipeline/core/config/authority_lock.py
mediapipeline.core.orchestration.settings_patch_facade,mediapipeline.core.config.identity,src/mediapipeline/core/orchestration/settings_patch_facade.py,src/mediapipeline/core/config/identity.py
mediapipeline.core.orchestration.settings_patch_facade,mediapipeline.core.config.rollout,src/mediapipeline/core/orchestration/settings_patch_facade.py,src/mediapipeline/core/config/rollout.py
mediapipeline.core.orchestration.settings_patch_facade,mediapipeline.core.config.settings_patch_policy,src/mediapipeline/core/orchestration/settings_patch_facade.py,src/mediapipeline/core/config/settings_patch_policy.py
mediapipeline.core.orchestration.settings_patch_facade,mediapipeline.core.config.settings_store,src/mediapipeline/core/orchestration/settings_patch_facade.py,src/mediapipeline/core/config/settings_store.py
mediapipeline.core.orchestration.settings_patch_facade,mediapipeline.core.orchestration.planner,src/mediapipeline/core/orchestration/settings_patch_facade.py,src/mediapipeline/core/orchestration/planner.py
mediapipeline.core.orchestration.settings_patch_facade,mediapipeline.core.paths.contracts,src/mediapipeline/core/orchestration/settings_patch_facade.py,src/mediapipeline/core/paths/contracts.py
mediapipeline.core.paths.defaults,mediapipeline.core.kernel.config_locations,src/mediapipeline/core/paths/defaults.py,src/mediapipeline/core/kernel/config_locations.py
mediapipeline.core.paths.host,mediapipeline.core.paths.contracts,src/mediapipeline/core/paths/host.py,src/mediapipeline/core/paths/contracts.py
mediapipeline.core.paths.layout,mediapipeline.core.kernel.config_keys,src/mediapipeline/core/paths/layout.py,src/mediapipeline/core/kernel/config_keys.py
mediapipeline.core.paths.queue_input_fingerprint,mediapipeline.core.paths.contracts,src/mediapipeline/core/paths/queue_input_fingerprint.py,src/mediapipeline/core/paths/contracts.py
mediapipeline.core.paths.resolution_runner,mediapipeline.core.kernel.config_keys,src/mediapipeline/core/paths/resolution_runner.py,src/mediapipeline/core/kernel/config_keys.py
mediapipeline.core.paths.resolution_runner,mediapipeline.core.paths.contracts,src/mediapipeline/core/paths/resolution_runner.py,src/mediapipeline/core/paths/contracts.py
mediapipeline.core.paths.resolution_runner,mediapipeline.core.storage.state_migration,src/mediapipeline/core/paths/resolution_runner.py,src/mediapipeline/core/storage/state_migration.py
mediapipeline.core.paths.service,mediapipeline.core.paths.contracts,src/mediapipeline/core/paths/service.py,src/mediapipeline/core/paths/contracts.py
mediapipeline.core.paths.service,mediapipeline.core.paths.defaults,src/mediapipeline/core/paths/service.py,src/mediapipeline/core/paths/defaults.py
mediapipeline.core.paths.service,mediapipeline.core.paths.host,src/mediapipeline/core/paths/service.py,src/mediapipeline/core/paths/host.py
mediapipeline.core.paths.service,mediapipeline.core.paths.layout,src/mediapipeline/core/paths/service.py,src/mediapipeline/core/paths/layout.py
mediapipeline.core.paths.service,mediapipeline.core.paths.resolution_runner,src/mediapipeline/core/paths/service.py,src/mediapipeline/core/paths/resolution_runner.py
mediapipeline.core.paths.service,mediapipeline.core.storage.state_migration,src/mediapipeline/core/paths/service.py,src/mediapipeline/core/storage/state_migration.py
mediapipeline.core.processes.active_job_runner,mediapipeline.core.paths.contracts,src/mediapipeline/core/processes/active_job_runner.py,src/mediapipeline/core/paths/contracts.py
mediapipeline.core.processes.active_job_runner,mediapipeline.core.processes.active_jobs,src/mediapipeline/core/processes/active_job_runner.py,src/mediapipeline/core/processes/active_jobs.py
mediapipeline.core.processes.active_jobs,mediapipeline.core.kernel.contracts,src/mediapipeline/core/processes/active_jobs.py,src/mediapipeline/core/kernel/contracts/__init__.py
mediapipeline.core.processes.active_jobs,mediapipeline.core.paths.contracts,src/mediapipeline/core/processes/active_jobs.py,src/mediapipeline/core/paths/contracts.py
mediapipeline.core.processes.active_jobs,mediapipeline.core.processes.constants,src/mediapipeline/core/processes/active_jobs.py,src/mediapipeline/core/processes/constants.py
mediapipeline.core.processes.active_jobs,mediapipeline.core.processes.file_io,src/mediapipeline/core/processes/active_jobs.py,src/mediapipeline/core/processes/file_io.py
mediapipeline.core.processes.active_jobs,mediapipeline.core.processes.kill,src/mediapipeline/core/processes/active_jobs.py,src/mediapipeline/core/processes/kill.py
mediapipeline.core.processes.audit_facade,mediapipeline.core.config.identity,src/mediapipeline/core/processes/audit_facade.py,src/mediapipeline/core/config/identity.py
mediapipeline.core.processes.audit_facade,mediapipeline.core.kernel.dto_commands,src/mediapipeline/core/processes/audit_facade.py,src/mediapipeline/core/kernel/dto_commands.py
mediapipeline.core.processes.audit_facade,mediapipeline.core.paths.contracts,src/mediapipeline/core/processes/audit_facade.py,src/mediapipeline/core/paths/contracts.py
mediapipeline.core.processes.audit_facade,mediapipeline.core.processes.audit_policy,src/mediapipeline/core/processes/audit_facade.py,src/mediapipeline/core/processes/audit_policy.py
mediapipeline.core.processes.audit_facade,mediapipeline.core.processes.file_io,src/mediapipeline/core/processes/audit_facade.py,src/mediapipeline/core/processes/file_io.py
mediapipeline.core.processes.audit_policy,mediapipeline.core.kernel.config_keys,src/mediapipeline/core/processes/audit_policy.py,src/mediapipeline/core/kernel/config_keys.py
mediapipeline.core.processes.audit_policy,mediapipeline.core.kernel.dto_commands,src/mediapipeline/core/processes/audit_policy.py,src/mediapipeline/core/kernel/dto_commands.py
mediapipeline.core.processes.constants,mediapipeline.core.kernel.contracts,src/mediapipeline/core/processes/constants.py,src/mediapipeline/core/kernel/contracts/__init__.py
mediapipeline.core.processes.control_facade,mediapipeline.core.kernel.dto_commands,src/mediapipeline/core/processes/control_facade.py,src/mediapipeline/core/kernel/dto_commands.py
mediapipeline.core.processes.control_facade,mediapipeline.core.paths.contracts,src/mediapipeline/core/processes/control_facade.py,src/mediapipeline/core/paths/contracts.py
mediapipeline.core.processes.control_facade,mediapipeline.core.processes.control_policy,src/mediapipeline/core/processes/control_facade.py,src/mediapipeline/core/processes/control_policy.py
mediapipeline.core.processes.control_facade,mediapipeline.core.processes.file_io,src/mediapipeline/core/processes/control_facade.py,src/mediapipeline/core/processes/file_io.py
mediapipeline.core.processes.control_facade,mediapipeline.core.processes.kill,src/mediapipeline/core/processes/control_facade.py,src/mediapipeline/core/processes/kill.py
mediapipeline.core.processes.control_facade,mediapipeline.core.status.active_jobs,src/mediapipeline/core/processes/control_facade.py,src/mediapipeline/core/status/active_jobs.py
mediapipeline.core.processes.control_facade,mediapipeline.core.status.run_monitor,src/mediapipeline/core/processes/control_facade.py,src/mediapipeline/core/status/run_monitor.py
mediapipeline.core.processes.control_flags,mediapipeline.core.kernel.contracts,src/mediapipeline/core/processes/control_flags.py,src/mediapipeline/core/kernel/contracts/__init__.py
mediapipeline.core.processes.control_flags,mediapipeline.core.processes.constants,src/mediapipeline/core/processes/control_flags.py,src/mediapipeline/core/processes/constants.py
mediapipeline.core.processes.control_flags,mediapipeline.core.processes.file_io,src/mediapipeline/core/processes/control_flags.py,src/mediapipeline/core/processes/file_io.py
mediapipeline.core.processes.control_runner,mediapipeline.core.processes.control_flags,src/mediapipeline/core/processes/control_runner.py,src/mediapipeline/core/processes/control_flags.py
mediapipeline.core.processes.control_runner,mediapipeline.core.processes.launch_cleanup,src/mediapipeline/core/processes/control_runner.py,src/mediapipeline/core/processes/launch_cleanup.py
mediapipeline.core.processes.guard_facade,mediapipeline.core.kernel.dto_status,src/mediapipeline/core/processes/guard_facade.py,src/mediapipeline/core/kernel/dto_status.py
mediapipeline.core.processes.guard_facade,mediapipeline.core.paths.contracts,src/mediapipeline/core/processes/guard_facade.py,src/mediapipeline/core/paths/contracts.py
mediapipeline.core.processes.guard_facade,mediapipeline.core.processes.guard_policy,src/mediapipeline/core/processes/guard_facade.py,src/mediapipeline/core/processes/guard_policy.py
mediapipeline.core.processes.guard_facade,mediapipeline.core.processes.lifecycle_lease,src/mediapipeline/core/processes/guard_facade.py,src/mediapipeline/core/processes/lifecycle_lease.py
mediapipeline.core.processes.guard_facade,mediapipeline.core.processes.spawn_runner,src/mediapipeline/core/processes/guard_facade.py,src/mediapipeline/core/processes/spawn_runner.py
mediapipeline.core.processes.guard_facade,mediapipeline.core.processes.tdarr_background,src/mediapipeline/core/processes/guard_facade.py,src/mediapipeline/core/processes/tdarr_background.py
mediapipeline.core.processes.guard_facade,mediapipeline.core.schedule.stop_watcher,src/mediapipeline/core/processes/guard_facade.py,src/mediapipeline/core/schedule/stop_watcher.py
mediapipeline.core.processes.guard_facade,mediapipeline.core.status.contracts,src/mediapipeline/core/processes/guard_facade.py,src/mediapipeline/core/status/contracts.py
mediapipeline.core.processes.kill,mediapipeline.core.paths.contracts,src/mediapipeline/core/processes/kill.py,src/mediapipeline/core/paths/contracts.py
mediapipeline.core.processes.launch_intent,mediapipeline.core.paths.contracts,src/mediapipeline/core/processes/launch_intent.py,src/mediapipeline/core/paths/contracts.py
mediapipeline.core.processes.launch_intent,mediapipeline.core.processes.pipeline_policy,src/mediapipeline/core/processes/launch_intent.py,src/mediapipeline/core/processes/pipeline_policy.py
mediapipeline.core.processes.launch_intent,mediapipeline.core.processes.source_path_policy,src/mediapipeline/core/processes/launch_intent.py,src/mediapipeline/core/processes/source_path_policy.py
mediapipeline.core.processes.launch_runner,mediapipeline.core.processes.launch_plans,src/mediapipeline/core/processes/launch_runner.py,src/mediapipeline/core/processes/launch_plans.py
mediapipeline.core.processes.lifecycle,mediapipeline.core.paths.contracts,src/mediapipeline/core/processes/lifecycle.py,src/mediapipeline/core/paths/contracts.py
mediapipeline.core.processes.lifecycle,mediapipeline.core.processes.active_job_runner,src/mediapipeline/core/processes/lifecycle.py,src/mediapipeline/core/processes/active_job_runner.py
mediapipeline.core.processes.lifecycle,mediapipeline.core.processes.constants,src/mediapipeline/core/processes/lifecycle.py,src/mediapipeline/core/processes/constants.py
mediapipeline.core.processes.lifecycle,mediapipeline.core.processes.control_runner,src/mediapipeline/core/processes/lifecycle.py,src/mediapipeline/core/processes/control_runner.py
mediapipeline.core.processes.lifecycle,mediapipeline.core.processes.kill,src/mediapipeline/core/processes/lifecycle.py,src/mediapipeline/core/processes/kill.py
mediapipeline.core.processes.lifecycle,mediapipeline.core.processes.launch_env,src/mediapipeline/core/processes/lifecycle.py,src/mediapipeline/core/processes/launch_env.py
mediapipeline.core.processes.lifecycle,mediapipeline.core.processes.launch_runner,src/mediapipeline/core/processes/lifecycle.py,src/mediapipeline/core/processes/launch_runner.py
mediapipeline.core.processes.lifecycle,mediapipeline.core.processes.logs,src/mediapipeline/core/processes/lifecycle.py,src/mediapipeline/core/processes/logs.py
mediapipeline.core.processes.lifecycle,mediapipeline.core.processes.readiness,src/mediapipeline/core/processes/lifecycle.py,src/mediapipeline/core/processes/readiness.py
mediapipeline.core.processes.lifecycle,mediapipeline.core.processes.runtime_runner,src/mediapipeline/core/processes/lifecycle.py,src/mediapipeline/core/processes/runtime_runner.py
mediapipeline.core.processes.lifecycle,mediapipeline.core.processes.spawn_runner,src/mediapipeline/core/processes/lifecycle.py,src/mediapipeline/core/processes/spawn_runner.py
mediapipeline.core.processes.lifecycle_lease,mediapipeline.core.processes.active_jobs,src/mediapipeline/core/processes/lifecycle_lease.py,src/mediapipeline/core/processes/active_jobs.py
mediapipeline.core.processes.lifecycle_reconciliation,mediapipeline.core.processes.lifecycle_lease,src/mediapipeline/core/processes/lifecycle_reconciliation.py,src/mediapipeline/core/processes/lifecycle_lease.py
mediapipeline.core.processes.lifecycle_reconciliation_facade,mediapipeline.core.kernel.dto_commands,src/mediapipeline/core/processes/lifecycle_reconciliation_facade.py,src/mediapipeline/core/kernel/dto_commands.py
mediapipeline.core.processes.lifecycle_reconciliation_facade,mediapipeline.core.paths.contracts,src/mediapipeline/core/processes/lifecycle_reconciliation_facade.py,src/mediapipeline/core/paths/contracts.py
mediapipeline.core.processes.lifecycle_reconciliation_facade,mediapipeline.core.processes.lifecycle_reconciliation,src/mediapipeline/core/processes/lifecycle_reconciliation_facade.py,src/mediapipeline/core/processes/lifecycle_reconciliation.py
mediapipeline.core.processes.logs,mediapipeline.core.processes.constants,src/mediapipeline/core/processes/logs.py,src/mediapipeline/core/processes/constants.py
mediapipeline.core.processes.logs,mediapipeline.core.processes.file_io,src/mediapipeline/core/processes/logs.py,src/mediapipeline/core/processes/file_io.py
mediapipeline.core.processes.path_evidence,mediapipeline.core.config.library_profiles,src/mediapipeline/core/processes/path_evidence.py,src/mediapipeline/core/config/library_profiles.py
mediapipeline.core.processes.path_evidence,mediapipeline.core.kernel.config_keys,src/mediapipeline/core/processes/path_evidence.py,src/mediapipeline/core/kernel/config_keys.py
mediapipeline.core.processes.pipeline_facade,mediapipeline.core.config.identity,src/mediapipeline/core/processes/pipeline_facade.py,src/mediapipeline/core/config/identity.py
mediapipeline.core.processes.pipeline_facade,mediapipeline.core.kernel.contracts,src/mediapipeline/core/processes/pipeline_facade.py,src/mediapipeline/core/kernel/contracts/__init__.py
mediapipeline.core.processes.pipeline_facade,mediapipeline.core.kernel.contracts.queue_snapshot,src/mediapipeline/core/processes/pipeline_facade.py,src/mediapipeline/core/kernel/contracts/queue_snapshot.py
mediapipeline.core.processes.pipeline_facade,mediapipeline.core.kernel.dto_commands,src/mediapipeline/core/processes/pipeline_facade.py,src/mediapipeline/core/kernel/dto_commands.py
mediapipeline.core.processes.pipeline_facade,mediapipeline.core.paths.contracts,src/mediapipeline/core/processes/pipeline_facade.py,src/mediapipeline/core/paths/contracts.py
mediapipeline.core.processes.pipeline_facade,mediapipeline.core.paths.queue_input_fingerprint,src/mediapipeline/core/processes/pipeline_facade.py,src/mediapipeline/core/paths/queue_input_fingerprint.py
mediapipeline.core.processes.pipeline_facade,mediapipeline.core.processes.launch_intent,src/mediapipeline/core/processes/pipeline_facade.py,src/mediapipeline/core/processes/launch_intent.py
mediapipeline.core.processes.pipeline_facade,mediapipeline.core.processes.pipeline_policy,src/mediapipeline/core/processes/pipeline_facade.py,src/mediapipeline/core/processes/pipeline_policy.py
mediapipeline.core.processes.pipeline_facade,mediapipeline.core.processes.schedule_policy,src/mediapipeline/core/processes/pipeline_facade.py,src/mediapipeline/core/processes/schedule_policy.py
mediapipeline.core.processes.pipeline_facade,mediapipeline.core.queue.priority_export,src/mediapipeline/core/processes/pipeline_facade.py,src/mediapipeline/core/queue/priority_export.py
mediapipeline.core.processes.pipeline_facade,mediapipeline.core.schedule.stop_watcher,src/mediapipeline/core/processes/pipeline_facade.py,src/mediapipeline/core/schedule/stop_watcher.py
mediapipeline.core.processes.pipeline_facade,mediapipeline.core.status.run_monitor,src/mediapipeline/core/processes/pipeline_facade.py,src/mediapipeline/core/status/run_monitor.py
mediapipeline.core.processes.pipeline_policy,mediapipeline.core.kernel.dto_commands,src/mediapipeline/core/processes/pipeline_policy.py,src/mediapipeline/core/kernel/dto_commands.py
mediapipeline.core.processes.preflight_facade,mediapipeline.core.config.identity,src/mediapipeline/core/processes/preflight_facade.py,src/mediapipeline/core/config/identity.py
mediapipeline.core.processes.preflight_facade,mediapipeline.core.config.settings_policy,src/mediapipeline/core/processes/preflight_facade.py,src/mediapipeline/core/config/settings_policy.py
mediapipeline.core.processes.preflight_facade,mediapipeline.core.kernel.contracts,src/mediapipeline/core/processes/preflight_facade.py,src/mediapipeline/core/kernel/contracts/__init__.py
mediapipeline.core.processes.preflight_facade,mediapipeline.core.kernel.dto_base,src/mediapipeline/core/processes/preflight_facade.py,src/mediapipeline/core/kernel/dto_base.py
mediapipeline.core.processes.preflight_facade,mediapipeline.core.kernel.dto_commands,src/mediapipeline/core/processes/preflight_facade.py,src/mediapipeline/core/kernel/dto_commands.py
mediapipeline.core.processes.preflight_facade,mediapipeline.core.kernel.runtime.subprocess_runner,src/mediapipeline/core/processes/preflight_facade.py,src/mediapipeline/core/kernel/runtime/subprocess_runner.py
mediapipeline.core.processes.preflight_facade,mediapipeline.core.paths.contracts,src/mediapipeline/core/processes/preflight_facade.py,src/mediapipeline/core/paths/contracts.py
mediapipeline.core.processes.preflight_facade,mediapipeline.core.paths.queue_input_fingerprint,src/mediapipeline/core/processes/preflight_facade.py,src/mediapipeline/core/paths/queue_input_fingerprint.py
mediapipeline.core.processes.preflight_facade,mediapipeline.core.processes.audit_policy,src/mediapipeline/core/processes/preflight_facade.py,src/mediapipeline/core/processes/audit_policy.py
mediapipeline.core.processes.preflight_facade,mediapipeline.core.processes.file_io,src/mediapipeline/core/processes/preflight_facade.py,src/mediapipeline/core/processes/file_io.py
mediapipeline.core.processes.preflight_facade,mediapipeline.core.processes.launch_intent,src/mediapipeline/core/processes/preflight_facade.py,src/mediapipeline/core/processes/launch_intent.py
mediapipeline.core.processes.preflight_facade,mediapipeline.core.processes.path_evidence,src/mediapipeline/core/processes/preflight_facade.py,src/mediapipeline/core/processes/path_evidence.py
mediapipeline.core.processes.preflight_facade,mediapipeline.core.processes.pipeline_policy,src/mediapipeline/core/processes/preflight_facade.py,src/mediapipeline/core/processes/pipeline_policy.py
mediapipeline.core.processes.preflight_facade,mediapipeline.core.processes.preflight_support,src/mediapipeline/core/processes/preflight_facade.py,src/mediapipeline/core/processes/preflight_support.py
mediapipeline.core.processes.preflight_facade,mediapipeline.core.processes.preflight_types,src/mediapipeline/core/processes/preflight_facade.py,src/mediapipeline/core/processes/preflight_types.py
mediapipeline.core.processes.preflight_facade,mediapipeline.core.processes.rerun_policy,src/mediapipeline/core/processes/preflight_facade.py,src/mediapipeline/core/processes/rerun_policy.py
mediapipeline.core.processes.preflight_facade,mediapipeline.core.processes.rerun_preview,src/mediapipeline/core/processes/preflight_facade.py,src/mediapipeline/core/processes/rerun_preview.py
mediapipeline.core.processes.preflight_facade,mediapipeline.core.processes.schedule_policy,src/mediapipeline/core/processes/preflight_facade.py,src/mediapipeline/core/processes/schedule_policy.py
mediapipeline.core.processes.preflight_facade,mediapipeline.core.processes.source_path_policy,src/mediapipeline/core/processes/preflight_facade.py,src/mediapipeline/core/processes/source_path_policy.py
mediapipeline.core.processes.preflight_facade,mediapipeline.core.queue.freshness,src/mediapipeline/core/processes/preflight_facade.py,src/mediapipeline/core/queue/freshness.py
mediapipeline.core.processes.preflight_facade,mediapipeline.core.queue.priority_export,src/mediapipeline/core/processes/preflight_facade.py,src/mediapipeline/core/queue/priority_export.py
mediapipeline.core.processes.preflight_support,mediapipeline.core.config.identity,src/mediapipeline/core/processes/preflight_support.py,src/mediapipeline/core/config/identity.py
mediapipeline.core.processes.preflight_support,mediapipeline.core.config.settings_policy,src/mediapipeline/core/processes/preflight_support.py,src/mediapipeline/core/config/settings_policy.py
mediapipeline.core.processes.preflight_support,mediapipeline.core.kernel.dto_base,src/mediapipeline/core/processes/preflight_support.py,src/mediapipeline/core/kernel/dto_base.py
mediapipeline.core.processes.preflight_support,mediapipeline.core.kernel.dto_commands,src/mediapipeline/core/processes/preflight_support.py,src/mediapipeline/core/kernel/dto_commands.py
mediapipeline.core.processes.preflight_support,mediapipeline.core.kernel.runtime.subprocess_runner,src/mediapipeline/core/processes/preflight_support.py,src/mediapipeline/core/kernel/runtime/subprocess_runner.py
mediapipeline.core.processes.preflight_support,mediapipeline.core.paths.contracts,src/mediapipeline/core/processes/preflight_support.py,src/mediapipeline/core/paths/contracts.py
mediapipeline.core.processes.preflight_support,mediapipeline.core.processes.audit_policy,src/mediapipeline/core/processes/preflight_support.py,src/mediapipeline/core/processes/audit_policy.py
mediapipeline.core.processes.preflight_support,mediapipeline.core.processes.launch_intent,src/mediapipeline/core/processes/preflight_support.py,src/mediapipeline/core/processes/launch_intent.py
mediapipeline.core.processes.preflight_support,mediapipeline.core.processes.path_evidence,src/mediapipeline/core/processes/preflight_support.py,src/mediapipeline/core/processes/path_evidence.py
mediapipeline.core.processes.preflight_support,mediapipeline.core.processes.pipeline_policy,src/mediapipeline/core/processes/preflight_support.py,src/mediapipeline/core/processes/pipeline_policy.py
mediapipeline.core.processes.preflight_support,mediapipeline.core.processes.preflight_types,src/mediapipeline/core/processes/preflight_support.py,src/mediapipeline/core/processes/preflight_types.py
mediapipeline.core.processes.preflight_support,mediapipeline.core.processes.rerun_policy,src/mediapipeline/core/processes/preflight_support.py,src/mediapipeline/core/processes/rerun_policy.py
mediapipeline.core.processes.preflight_support,mediapipeline.core.processes.rerun_preview,src/mediapipeline/core/processes/preflight_support.py,src/mediapipeline/core/processes/rerun_preview.py
mediapipeline.core.processes.preflight_support,mediapipeline.core.processes.schedule_policy,src/mediapipeline/core/processes/preflight_support.py,src/mediapipeline/core/processes/schedule_policy.py
mediapipeline.core.processes.preflight_support,mediapipeline.core.processes.source_path_policy,src/mediapipeline/core/processes/preflight_support.py,src/mediapipeline/core/processes/source_path_policy.py
mediapipeline.core.processes.recovery,mediapipeline.core.paths.contracts,src/mediapipeline/core/processes/recovery.py,src/mediapipeline/core/paths/contracts.py
mediapipeline.core.processes.recovery,mediapipeline.core.processes.lifecycle_lease,src/mediapipeline/core/processes/recovery.py,src/mediapipeline/core/processes/lifecycle_lease.py
mediapipeline.core.processes.rerun_control,mediapipeline.core.kernel.contracts,src/mediapipeline/core/processes/rerun_control.py,src/mediapipeline/core/kernel/contracts/__init__.py
mediapipeline.core.processes.rerun_control,mediapipeline.core.kernel.dto_commands,src/mediapipeline/core/processes/rerun_control.py,src/mediapipeline/core/kernel/dto_commands.py
mediapipeline.core.processes.rerun_control,mediapipeline.core.paths.contracts,src/mediapipeline/core/processes/rerun_control.py,src/mediapipeline/core/paths/contracts.py
mediapipeline.core.processes.rerun_control,mediapipeline.core.processes.active_jobs,src/mediapipeline/core/processes/rerun_control.py,src/mediapipeline/core/processes/active_jobs.py
mediapipeline.core.processes.rerun_control,mediapipeline.core.processes.file_io,src/mediapipeline/core/processes/rerun_control.py,src/mediapipeline/core/processes/file_io.py
mediapipeline.core.processes.rerun_control,mediapipeline.core.processes.rerun_lifecycle,src/mediapipeline/core/processes/rerun_control.py,src/mediapipeline/core/processes/rerun_lifecycle.py
mediapipeline.core.processes.rerun_control,mediapipeline.core.processes.rerun_preview,src/mediapipeline/core/processes/rerun_control.py,src/mediapipeline/core/processes/rerun_preview.py
mediapipeline.core.processes.rerun_control,mediapipeline.core.rerun.evidence,src/mediapipeline/core/processes/rerun_control.py,src/mediapipeline/core/rerun/evidence.py
mediapipeline.core.processes.rerun_facade,mediapipeline.core.config.identity,src/mediapipeline/core/processes/rerun_facade.py,src/mediapipeline/core/config/identity.py
mediapipeline.core.processes.rerun_facade,mediapipeline.core.kernel.dto_commands,src/mediapipeline/core/processes/rerun_facade.py,src/mediapipeline/core/kernel/dto_commands.py
mediapipeline.core.processes.rerun_facade,mediapipeline.core.network.rerun_handoff,src/mediapipeline/core/processes/rerun_facade.py,src/mediapipeline/core/network/rerun_handoff.py
mediapipeline.core.processes.rerun_facade,mediapipeline.core.paths.contracts,src/mediapipeline/core/processes/rerun_facade.py,src/mediapipeline/core/paths/contracts.py
mediapipeline.core.processes.rerun_facade,mediapipeline.core.processes.kill,src/mediapipeline/core/processes/rerun_facade.py,src/mediapipeline/core/processes/kill.py
mediapipeline.core.processes.rerun_facade,mediapipeline.core.processes.pipeline_policy,src/mediapipeline/core/processes/rerun_facade.py,src/mediapipeline/core/processes/pipeline_policy.py
mediapipeline.core.processes.rerun_facade,mediapipeline.core.processes.rerun_control,src/mediapipeline/core/processes/rerun_facade.py,src/mediapipeline/core/processes/rerun_control.py
mediapipeline.core.processes.rerun_facade,mediapipeline.core.processes.rerun_lifecycle,src/mediapipeline/core/processes/rerun_facade.py,src/mediapipeline/core/processes/rerun_lifecycle.py
mediapipeline.core.processes.rerun_facade,mediapipeline.core.processes.rerun_policy,src/mediapipeline/core/processes/rerun_facade.py,src/mediapipeline/core/processes/rerun_policy.py
mediapipeline.core.processes.rerun_facade,mediapipeline.core.processes.rerun_preview,src/mediapipeline/core/processes/rerun_facade.py,src/mediapipeline/core/processes/rerun_preview.py
mediapipeline.core.processes.rerun_facade,mediapipeline.core.processes.spawn_runner,src/mediapipeline/core/processes/rerun_facade.py,src/mediapipeline/core/processes/spawn_runner.py
mediapipeline.core.processes.rerun_lifecycle,mediapipeline.core.paths.contracts,src/mediapipeline/core/processes/rerun_lifecycle.py,src/mediapipeline/core/paths/contracts.py
mediapipeline.core.processes.rerun_lifecycle,mediapipeline.core.processes.active_jobs,src/mediapipeline/core/processes/rerun_lifecycle.py,src/mediapipeline/core/processes/active_jobs.py
mediapipeline.core.processes.rerun_lifecycle,mediapipeline.core.processes.file_io,src/mediapipeline/core/processes/rerun_lifecycle.py,src/mediapipeline/core/processes/file_io.py
mediapipeline.core.processes.rerun_lifecycle,mediapipeline.core.rerun.evidence,src/mediapipeline/core/processes/rerun_lifecycle.py,src/mediapipeline/core/rerun/evidence.py
mediapipeline.core.processes.rerun_policy,mediapipeline.core.kernel.dto_commands,src/mediapipeline/core/processes/rerun_policy.py,src/mediapipeline/core/kernel/dto_commands.py
mediapipeline.core.processes.rerun_preview,mediapipeline.core.processes.rerun_preview_materialization,src/mediapipeline/core/processes/rerun_preview.py,src/mediapipeline/core/processes/rerun_preview_materialization.py
mediapipeline.core.processes.rerun_preview,mediapipeline.core.processes.rerun_preview_network,src/mediapipeline/core/processes/rerun_preview.py,src/mediapipeline/core/processes/rerun_preview_network.py
mediapipeline.core.processes.rerun_preview,mediapipeline.core.processes.rerun_preview_orchestration,src/mediapipeline/core/processes/rerun_preview.py,src/mediapipeline/core/processes/rerun_preview_orchestration.py
mediapipeline.core.processes.rerun_preview,mediapipeline.core.processes.rerun_preview_presentation,src/mediapipeline/core/processes/rerun_preview.py,src/mediapipeline/core/processes/rerun_preview_presentation.py
mediapipeline.core.processes.rerun_preview,mediapipeline.core.processes.rerun_preview_support,src/mediapipeline/core/processes/rerun_preview.py,src/mediapipeline/core/processes/rerun_preview_support.py
mediapipeline.core.processes.rerun_preview_materialization,mediapipeline.core.audit.rerun_csv,src/mediapipeline/core/processes/rerun_preview_materialization.py,src/mediapipeline/core/audit/rerun_csv.py
mediapipeline.core.processes.rerun_preview_materialization,mediapipeline.core.network.library_roots,src/mediapipeline/core/processes/rerun_preview_materialization.py,src/mediapipeline/core/network/library_roots.py
mediapipeline.core.processes.rerun_preview_materialization,mediapipeline.core.network.rerun_handoff,src/mediapipeline/core/processes/rerun_preview_materialization.py,src/mediapipeline/core/network/rerun_handoff.py
mediapipeline.core.processes.rerun_preview_materialization,mediapipeline.core.paths.contracts,src/mediapipeline/core/processes/rerun_preview_materialization.py,src/mediapipeline/core/paths/contracts.py
mediapipeline.core.processes.rerun_preview_materialization,mediapipeline.core.paths.layout,src/mediapipeline/core/processes/rerun_preview_materialization.py,src/mediapipeline/core/paths/layout.py
mediapipeline.core.processes.rerun_preview_materialization,mediapipeline.core.processes.file_io,src/mediapipeline/core/processes/rerun_preview_materialization.py,src/mediapipeline/core/processes/file_io.py
mediapipeline.core.processes.rerun_preview_materialization,mediapipeline.core.processes.rerun_policy,src/mediapipeline/core/processes/rerun_preview_materialization.py,src/mediapipeline/core/processes/rerun_policy.py
mediapipeline.core.processes.rerun_preview_materialization,mediapipeline.core.processes.rerun_preview_presentation,src/mediapipeline/core/processes/rerun_preview_materialization.py,src/mediapipeline/core/processes/rerun_preview_presentation.py
mediapipeline.core.processes.rerun_preview_materialization,mediapipeline.core.processes.rerun_preview_support,src/mediapipeline/core/processes/rerun_preview_materialization.py,src/mediapipeline/core/processes/rerun_preview_support.py
mediapipeline.core.processes.rerun_preview_materialization,mediapipeline.core.processes.rerun_rules,src/mediapipeline/core/processes/rerun_preview_materialization.py,src/mediapipeline/core/processes/rerun_rules.py
mediapipeline.core.processes.rerun_preview_materialization,mediapipeline.core.processes.rerun_state_correlation,src/mediapipeline/core/processes/rerun_preview_materialization.py,src/mediapipeline/core/processes/rerun_state_correlation.py
mediapipeline.core.processes.rerun_preview_network,mediapipeline.core.audit.rerun_csv,src/mediapipeline/core/processes/rerun_preview_network.py,src/mediapipeline/core/audit/rerun_csv.py
mediapipeline.core.processes.rerun_preview_network,mediapipeline.core.network.library_roots,src/mediapipeline/core/processes/rerun_preview_network.py,src/mediapipeline/core/network/library_roots.py
mediapipeline.core.processes.rerun_preview_network,mediapipeline.core.network.rerun_handoff,src/mediapipeline/core/processes/rerun_preview_network.py,src/mediapipeline/core/network/rerun_handoff.py
mediapipeline.core.processes.rerun_preview_network,mediapipeline.core.paths.contracts,src/mediapipeline/core/processes/rerun_preview_network.py,src/mediapipeline/core/paths/contracts.py
mediapipeline.core.processes.rerun_preview_network,mediapipeline.core.paths.layout,src/mediapipeline/core/processes/rerun_preview_network.py,src/mediapipeline/core/paths/layout.py
mediapipeline.core.processes.rerun_preview_network,mediapipeline.core.processes.file_io,src/mediapipeline/core/processes/rerun_preview_network.py,src/mediapipeline/core/processes/file_io.py
mediapipeline.core.processes.rerun_preview_network,mediapipeline.core.processes.rerun_policy,src/mediapipeline/core/processes/rerun_preview_network.py,src/mediapipeline/core/processes/rerun_policy.py
mediapipeline.core.processes.rerun_preview_network,mediapipeline.core.processes.rerun_preview_orchestration,src/mediapipeline/core/processes/rerun_preview_network.py,src/mediapipeline/core/processes/rerun_preview_orchestration.py
mediapipeline.core.processes.rerun_preview_network,mediapipeline.core.processes.rerun_preview_support,src/mediapipeline/core/processes/rerun_preview_network.py,src/mediapipeline/core/processes/rerun_preview_support.py
mediapipeline.core.processes.rerun_preview_network,mediapipeline.core.processes.rerun_rules,src/mediapipeline/core/processes/rerun_preview_network.py,src/mediapipeline/core/processes/rerun_rules.py
mediapipeline.core.processes.rerun_preview_network,mediapipeline.core.processes.rerun_state_correlation,src/mediapipeline/core/processes/rerun_preview_network.py,src/mediapipeline/core/processes/rerun_state_correlation.py
mediapipeline.core.processes.rerun_preview_network,mediapipeline.core.processes.source_probe,src/mediapipeline/core/processes/rerun_preview_network.py,src/mediapipeline/core/processes/source_probe.py
mediapipeline.core.processes.rerun_preview_orchestration,mediapipeline.core.audit.rerun_csv,src/mediapipeline/core/processes/rerun_preview_orchestration.py,src/mediapipeline/core/audit/rerun_csv.py
mediapipeline.core.processes.rerun_preview_orchestration,mediapipeline.core.network.library_roots,src/mediapipeline/core/processes/rerun_preview_orchestration.py,src/mediapipeline/core/network/library_roots.py
mediapipeline.core.processes.rerun_preview_orchestration,mediapipeline.core.network.rerun_handoff,src/mediapipeline/core/processes/rerun_preview_orchestration.py,src/mediapipeline/core/network/rerun_handoff.py
mediapipeline.core.processes.rerun_preview_orchestration,mediapipeline.core.paths.contracts,src/mediapipeline/core/processes/rerun_preview_orchestration.py,src/mediapipeline/core/paths/contracts.py
mediapipeline.core.processes.rerun_preview_orchestration,mediapipeline.core.paths.layout,src/mediapipeline/core/processes/rerun_preview_orchestration.py,src/mediapipeline/core/paths/layout.py
mediapipeline.core.processes.rerun_preview_orchestration,mediapipeline.core.processes.file_io,src/mediapipeline/core/processes/rerun_preview_orchestration.py,src/mediapipeline/core/processes/file_io.py
mediapipeline.core.processes.rerun_preview_orchestration,mediapipeline.core.processes.rerun_policy,src/mediapipeline/core/processes/rerun_preview_orchestration.py,src/mediapipeline/core/processes/rerun_policy.py
mediapipeline.core.processes.rerun_preview_orchestration,mediapipeline.core.processes.rerun_preview_presentation,src/mediapipeline/core/processes/rerun_preview_orchestration.py,src/mediapipeline/core/processes/rerun_preview_presentation.py
mediapipeline.core.processes.rerun_preview_orchestration,mediapipeline.core.processes.rerun_preview_support,src/mediapipeline/core/processes/rerun_preview_orchestration.py,src/mediapipeline/core/processes/rerun_preview_support.py
mediapipeline.core.processes.rerun_preview_orchestration,mediapipeline.core.processes.rerun_rules,src/mediapipeline/core/processes/rerun_preview_orchestration.py,src/mediapipeline/core/processes/rerun_rules.py
mediapipeline.core.processes.rerun_preview_orchestration,mediapipeline.core.processes.rerun_state_correlation,src/mediapipeline/core/processes/rerun_preview_orchestration.py,src/mediapipeline/core/processes/rerun_state_correlation.py
mediapipeline.core.processes.rerun_preview_presentation,mediapipeline.core.audit.rerun_csv,src/mediapipeline/core/processes/rerun_preview_presentation.py,src/mediapipeline/core/audit/rerun_csv.py
mediapipeline.core.processes.rerun_preview_presentation,mediapipeline.core.network.library_roots,src/mediapipeline/core/processes/rerun_preview_presentation.py,src/mediapipeline/core/network/library_roots.py
mediapipeline.core.processes.rerun_preview_presentation,mediapipeline.core.network.rerun_handoff,src/mediapipeline/core/processes/rerun_preview_presentation.py,src/mediapipeline/core/network/rerun_handoff.py
mediapipeline.core.processes.rerun_preview_presentation,mediapipeline.core.paths.contracts,src/mediapipeline/core/processes/rerun_preview_presentation.py,src/mediapipeline/core/paths/contracts.py
mediapipeline.core.processes.rerun_preview_presentation,mediapipeline.core.paths.layout,src/mediapipeline/core/processes/rerun_preview_presentation.py,src/mediapipeline/core/paths/layout.py
mediapipeline.core.processes.rerun_preview_presentation,mediapipeline.core.processes.file_io,src/mediapipeline/core/processes/rerun_preview_presentation.py,src/mediapipeline/core/processes/file_io.py
mediapipeline.core.processes.rerun_preview_presentation,mediapipeline.core.processes.rerun_policy,src/mediapipeline/core/processes/rerun_preview_presentation.py,src/mediapipeline/core/processes/rerun_policy.py
mediapipeline.core.processes.rerun_preview_presentation,mediapipeline.core.processes.rerun_preview_support,src/mediapipeline/core/processes/rerun_preview_presentation.py,src/mediapipeline/core/processes/rerun_preview_support.py
mediapipeline.core.processes.rerun_preview_presentation,mediapipeline.core.processes.rerun_rules,src/mediapipeline/core/processes/rerun_preview_presentation.py,src/mediapipeline/core/processes/rerun_rules.py
mediapipeline.core.processes.rerun_preview_presentation,mediapipeline.core.processes.rerun_state_correlation,src/mediapipeline/core/processes/rerun_preview_presentation.py,src/mediapipeline/core/processes/rerun_state_correlation.py
mediapipeline.core.processes.rerun_preview_support,mediapipeline.core.audit.rerun_csv,src/mediapipeline/core/processes/rerun_preview_support.py,src/mediapipeline/core/audit/rerun_csv.py
mediapipeline.core.processes.rerun_preview_support,mediapipeline.core.network.library_roots,src/mediapipeline/core/processes/rerun_preview_support.py,src/mediapipeline/core/network/library_roots.py
mediapipeline.core.processes.rerun_preview_support,mediapipeline.core.network.rerun_handoff,src/mediapipeline/core/processes/rerun_preview_support.py,src/mediapipeline/core/network/rerun_handoff.py
mediapipeline.core.processes.rerun_preview_support,mediapipeline.core.paths.contracts,src/mediapipeline/core/processes/rerun_preview_support.py,src/mediapipeline/core/paths/contracts.py
mediapipeline.core.processes.rerun_preview_support,mediapipeline.core.paths.layout,src/mediapipeline/core/processes/rerun_preview_support.py,src/mediapipeline/core/paths/layout.py
mediapipeline.core.processes.rerun_preview_support,mediapipeline.core.processes.file_io,src/mediapipeline/core/processes/rerun_preview_support.py,src/mediapipeline/core/processes/file_io.py
mediapipeline.core.processes.rerun_preview_support,mediapipeline.core.processes.rerun_policy,src/mediapipeline/core/processes/rerun_preview_support.py,src/mediapipeline/core/processes/rerun_policy.py
mediapipeline.core.processes.rerun_preview_support,mediapipeline.core.processes.rerun_rules,src/mediapipeline/core/processes/rerun_preview_support.py,src/mediapipeline/core/processes/rerun_rules.py
mediapipeline.core.processes.rerun_preview_support,mediapipeline.core.processes.rerun_source_health,src/mediapipeline/core/processes/rerun_preview_support.py,src/mediapipeline/core/processes/rerun_source_health.py
mediapipeline.core.processes.rerun_preview_support,mediapipeline.core.processes.rerun_state_correlation,src/mediapipeline/core/processes/rerun_preview_support.py,src/mediapipeline/core/processes/rerun_state_correlation.py
mediapipeline.core.processes.rerun_results,mediapipeline.core.processes.rerun_results_destination_policy,src/mediapipeline/core/processes/rerun_results.py,src/mediapipeline/core/processes/rerun_results_destination_policy.py
mediapipeline.core.processes.rerun_results,mediapipeline.core.processes.rerun_results_promotion,src/mediapipeline/core/processes/rerun_results.py,src/mediapipeline/core/processes/rerun_results_promotion.py
mediapipeline.core.processes.rerun_results,mediapipeline.core.processes.rerun_results_queue_projection,src/mediapipeline/core/processes/rerun_results.py,src/mediapipeline/core/processes/rerun_results_queue_projection.py
mediapipeline.core.processes.rerun_results,mediapipeline.core.processes.rerun_results_support,src/mediapipeline/core/processes/rerun_results.py,src/mediapipeline/core/processes/rerun_results_support.py
mediapipeline.core.processes.rerun_results_destination_policy,mediapipeline.core.final_library.promotion_parts.planning,src/mediapipeline/core/processes/rerun_results_destination_policy.py,src/mediapipeline/core/final_library/promotion_parts/planning.py
mediapipeline.core.processes.rerun_results_destination_policy,mediapipeline.core.final_library.promotion_parts.transfer,src/mediapipeline/core/processes/rerun_results_destination_policy.py,src/mediapipeline/core/final_library/promotion_parts/transfer.py
mediapipeline.core.processes.rerun_results_destination_policy,mediapipeline.core.kernel.contracts.pending_publish,src/mediapipeline/core/processes/rerun_results_destination_policy.py,src/mediapipeline/core/kernel/contracts/pending_publish.py
mediapipeline.core.processes.rerun_results_destination_policy,mediapipeline.core.kernel.dto_commands,src/mediapipeline/core/processes/rerun_results_destination_policy.py,src/mediapipeline/core/kernel/dto_commands.py
mediapipeline.core.processes.rerun_results_destination_policy,mediapipeline.core.paths.contracts,src/mediapipeline/core/processes/rerun_results_destination_policy.py,src/mediapipeline/core/paths/contracts.py
mediapipeline.core.processes.rerun_results_destination_policy,mediapipeline.core.processes.file_io,src/mediapipeline/core/processes/rerun_results_destination_policy.py,src/mediapipeline/core/processes/file_io.py
mediapipeline.core.processes.rerun_results_destination_policy,mediapipeline.core.processes.rerun_policy,src/mediapipeline/core/processes/rerun_results_destination_policy.py,src/mediapipeline/core/processes/rerun_policy.py
mediapipeline.core.processes.rerun_results_destination_policy,mediapipeline.core.processes.rerun_preview,src/mediapipeline/core/processes/rerun_results_destination_policy.py,src/mediapipeline/core/processes/rerun_preview.py
mediapipeline.core.processes.rerun_results_destination_policy,mediapipeline.core.processes.rerun_results_queue_projection,src/mediapipeline/core/processes/rerun_results_destination_policy.py,src/mediapipeline/core/processes/rerun_results_queue_projection.py
mediapipeline.core.processes.rerun_results_destination_policy,mediapipeline.core.processes.rerun_results_support,src/mediapipeline/core/processes/rerun_results_destination_policy.py,src/mediapipeline/core/processes/rerun_results_support.py
mediapipeline.core.processes.rerun_results_destination_policy,mediapipeline.core.processes.rerun_rules,src/mediapipeline/core/processes/rerun_results_destination_policy.py,src/mediapipeline/core/processes/rerun_rules.py
mediapipeline.core.processes.rerun_results_destination_policy,mediapipeline.core.processes.source_probe,src/mediapipeline/core/processes/rerun_results_destination_policy.py,src/mediapipeline/core/processes/source_probe.py
mediapipeline.core.processes.rerun_results_network_projection,mediapipeline.core.processes.rerun_results_support,src/mediapipeline/core/processes/rerun_results_network_projection.py,src/mediapipeline/core/processes/rerun_results_support.py
mediapipeline.core.processes.rerun_results_network_projection,mediapipeline.core.processes.source_probe,src/mediapipeline/core/processes/rerun_results_network_projection.py,src/mediapipeline/core/processes/source_probe.py
mediapipeline.core.processes.rerun_results_promotion,mediapipeline.core.final_library.promotion_parts.planning,src/mediapipeline/core/processes/rerun_results_promotion.py,src/mediapipeline/core/final_library/promotion_parts/planning.py
mediapipeline.core.processes.rerun_results_promotion,mediapipeline.core.final_library.promotion_parts.transfer,src/mediapipeline/core/processes/rerun_results_promotion.py,src/mediapipeline/core/final_library/promotion_parts/transfer.py
mediapipeline.core.processes.rerun_results_promotion,mediapipeline.core.kernel.contracts.pending_publish,src/mediapipeline/core/processes/rerun_results_promotion.py,src/mediapipeline/core/kernel/contracts/pending_publish.py
mediapipeline.core.processes.rerun_results_promotion,mediapipeline.core.kernel.dto_commands,src/mediapipeline/core/processes/rerun_results_promotion.py,src/mediapipeline/core/kernel/dto_commands.py
mediapipeline.core.processes.rerun_results_promotion,mediapipeline.core.paths.contracts,src/mediapipeline/core/processes/rerun_results_promotion.py,src/mediapipeline/core/paths/contracts.py
mediapipeline.core.processes.rerun_results_promotion,mediapipeline.core.processes.file_io,src/mediapipeline/core/processes/rerun_results_promotion.py,src/mediapipeline/core/processes/file_io.py
mediapipeline.core.processes.rerun_results_promotion,mediapipeline.core.processes.rerun_policy,src/mediapipeline/core/processes/rerun_results_promotion.py,src/mediapipeline/core/processes/rerun_policy.py
mediapipeline.core.processes.rerun_results_promotion,mediapipeline.core.processes.rerun_preview,src/mediapipeline/core/processes/rerun_results_promotion.py,src/mediapipeline/core/processes/rerun_preview.py
mediapipeline.core.processes.rerun_results_promotion,mediapipeline.core.processes.rerun_results_destination_policy,src/mediapipeline/core/processes/rerun_results_promotion.py,src/mediapipeline/core/processes/rerun_results_destination_policy.py
mediapipeline.core.processes.rerun_results_promotion,mediapipeline.core.processes.rerun_results_support,src/mediapipeline/core/processes/rerun_results_promotion.py,src/mediapipeline/core/processes/rerun_results_support.py
mediapipeline.core.processes.rerun_results_promotion,mediapipeline.core.processes.rerun_rules,src/mediapipeline/core/processes/rerun_results_promotion.py,src/mediapipeline/core/processes/rerun_rules.py
mediapipeline.core.processes.rerun_results_queue_projection,mediapipeline.core.final_library.promotion_parts.planning,src/mediapipeline/core/processes/rerun_results_queue_projection.py,src/mediapipeline/core/final_library/promotion_parts/planning.py
mediapipeline.core.processes.rerun_results_queue_projection,mediapipeline.core.final_library.promotion_parts.transfer,src/mediapipeline/core/processes/rerun_results_queue_projection.py,src/mediapipeline/core/final_library/promotion_parts/transfer.py
mediapipeline.core.processes.rerun_results_queue_projection,mediapipeline.core.kernel.contracts,src/mediapipeline/core/processes/rerun_results_queue_projection.py,src/mediapipeline/core/kernel/contracts/__init__.py
mediapipeline.core.processes.rerun_results_queue_projection,mediapipeline.core.kernel.contracts.pending_publish,src/mediapipeline/core/processes/rerun_results_queue_projection.py,src/mediapipeline/core/kernel/contracts/pending_publish.py
mediapipeline.core.processes.rerun_results_queue_projection,mediapipeline.core.kernel.dto_commands,src/mediapipeline/core/processes/rerun_results_queue_projection.py,src/mediapipeline/core/kernel/dto_commands.py
mediapipeline.core.processes.rerun_results_queue_projection,mediapipeline.core.network.facade_connectivity,src/mediapipeline/core/processes/rerun_results_queue_projection.py,src/mediapipeline/core/network/facade_connectivity.py
mediapipeline.core.processes.rerun_results_queue_projection,mediapipeline.core.network.registry,src/mediapipeline/core/processes/rerun_results_queue_projection.py,src/mediapipeline/core/network/registry.py
mediapipeline.core.processes.rerun_results_queue_projection,mediapipeline.core.paths.contracts,src/mediapipeline/core/processes/rerun_results_queue_projection.py,src/mediapipeline/core/paths/contracts.py
mediapipeline.core.processes.rerun_results_queue_projection,mediapipeline.core.processes.active_jobs,src/mediapipeline/core/processes/rerun_results_queue_projection.py,src/mediapipeline/core/processes/active_jobs.py
mediapipeline.core.processes.rerun_results_queue_projection,mediapipeline.core.processes.file_io,src/mediapipeline/core/processes/rerun_results_queue_projection.py,src/mediapipeline/core/processes/file_io.py
mediapipeline.core.processes.rerun_results_queue_projection,mediapipeline.core.processes.rerun_control,src/mediapipeline/core/processes/rerun_results_queue_projection.py,src/mediapipeline/core/processes/rerun_control.py
mediapipeline.core.processes.rerun_results_queue_projection,mediapipeline.core.processes.rerun_lifecycle,src/mediapipeline/core/processes/rerun_results_queue_projection.py,src/mediapipeline/core/processes/rerun_lifecycle.py
mediapipeline.core.processes.rerun_results_queue_projection,mediapipeline.core.processes.rerun_policy,src/mediapipeline/core/processes/rerun_results_queue_projection.py,src/mediapipeline/core/processes/rerun_policy.py
mediapipeline.core.processes.rerun_results_queue_projection,mediapipeline.core.processes.rerun_preview,src/mediapipeline/core/processes/rerun_results_queue_projection.py,src/mediapipeline/core/processes/rerun_preview.py
mediapipeline.core.processes.rerun_results_queue_projection,mediapipeline.core.processes.rerun_results_network_projection,src/mediapipeline/core/processes/rerun_results_queue_projection.py,src/mediapipeline/core/processes/rerun_results_network_projection.py
mediapipeline.core.processes.rerun_results_queue_projection,mediapipeline.core.processes.rerun_results_support,src/mediapipeline/core/processes/rerun_results_queue_projection.py,src/mediapipeline/core/processes/rerun_results_support.py
mediapipeline.core.processes.rerun_results_queue_projection,mediapipeline.core.processes.rerun_rules,src/mediapipeline/core/processes/rerun_results_queue_projection.py,src/mediapipeline/core/processes/rerun_rules.py
mediapipeline.core.processes.rerun_results_queue_projection,mediapipeline.core.rerun.evidence,src/mediapipeline/core/processes/rerun_results_queue_projection.py,src/mediapipeline/core/rerun/evidence.py
mediapipeline.core.processes.rerun_results_support,mediapipeline.core.final_library.promotion_parts.planning,src/mediapipeline/core/processes/rerun_results_support.py,src/mediapipeline/core/final_library/promotion_parts/planning.py
mediapipeline.core.processes.rerun_results_support,mediapipeline.core.final_library.promotion_parts.transfer,src/mediapipeline/core/processes/rerun_results_support.py,src/mediapipeline/core/final_library/promotion_parts/transfer.py
mediapipeline.core.processes.rerun_results_support,mediapipeline.core.kernel.contracts.pending_publish,src/mediapipeline/core/processes/rerun_results_support.py,src/mediapipeline/core/kernel/contracts/pending_publish.py
mediapipeline.core.processes.rerun_results_support,mediapipeline.core.kernel.dto_commands,src/mediapipeline/core/processes/rerun_results_support.py,src/mediapipeline/core/kernel/dto_commands.py
mediapipeline.core.processes.rerun_results_support,mediapipeline.core.paths.contracts,src/mediapipeline/core/processes/rerun_results_support.py,src/mediapipeline/core/paths/contracts.py
mediapipeline.core.processes.rerun_results_support,mediapipeline.core.processes.file_io,src/mediapipeline/core/processes/rerun_results_support.py,src/mediapipeline/core/processes/file_io.py
mediapipeline.core.processes.rerun_results_support,mediapipeline.core.processes.rerun_policy,src/mediapipeline/core/processes/rerun_results_support.py,src/mediapipeline/core/processes/rerun_policy.py
mediapipeline.core.processes.rerun_results_support,mediapipeline.core.processes.rerun_preview,src/mediapipeline/core/processes/rerun_results_support.py,src/mediapipeline/core/processes/rerun_preview.py
mediapipeline.core.processes.rerun_results_support,mediapipeline.core.processes.rerun_rules,src/mediapipeline/core/processes/rerun_results_support.py,src/mediapipeline/core/processes/rerun_rules.py
mediapipeline.core.processes.rerun_source_health,mediapipeline.core.paths.contracts,src/mediapipeline/core/processes/rerun_source_health.py,src/mediapipeline/core/paths/contracts.py
mediapipeline.core.processes.rerun_source_health,mediapipeline.core.processes.source_probe,src/mediapipeline/core/processes/rerun_source_health.py,src/mediapipeline/core/processes/source_probe.py
mediapipeline.core.processes.rerun_state_correlation,mediapipeline.core.completed.manifest,src/mediapipeline/core/processes/rerun_state_correlation.py,src/mediapipeline/core/completed/manifest.py
mediapipeline.core.processes.rerun_state_correlation,mediapipeline.core.paths.contracts,src/mediapipeline/core/processes/rerun_state_correlation.py,src/mediapipeline/core/paths/contracts.py
mediapipeline.core.processes.runtime_runner,mediapipeline.core.processes.launch_cleanup,src/mediapipeline/core/processes/runtime_runner.py,src/mediapipeline/core/processes/launch_cleanup.py
mediapipeline.core.processes.runtime_runner,mediapipeline.core.processes.runtime_artifacts,src/mediapipeline/core/processes/runtime_runner.py,src/mediapipeline/core/processes/runtime_artifacts.py
mediapipeline.core.processes.schedule_facade,mediapipeline.core.processes.schedule_policy,src/mediapipeline/core/processes/schedule_facade.py,src/mediapipeline/core/processes/schedule_policy.py
mediapipeline.core.processes.source_path_policy,mediapipeline.core.config.library_profiles,src/mediapipeline/core/processes/source_path_policy.py,src/mediapipeline/core/config/library_profiles.py
mediapipeline.core.processes.source_path_policy,mediapipeline.core.files.constants,src/mediapipeline/core/processes/source_path_policy.py,src/mediapipeline/core/files/constants.py
mediapipeline.core.processes.source_path_policy,mediapipeline.core.kernel.config_key_groups,src/mediapipeline/core/processes/source_path_policy.py,src/mediapipeline/core/kernel/config_key_groups.py
mediapipeline.core.processes.spawn_runner,mediapipeline.core.paths.contracts,src/mediapipeline/core/processes/spawn_runner.py,src/mediapipeline/core/paths/contracts.py
mediapipeline.core.processes.spawn_runner,mediapipeline.core.processes.constants,src/mediapipeline/core/processes/spawn_runner.py,src/mediapipeline/core/processes/constants.py
mediapipeline.core.processes.spawn_runner,mediapipeline.core.processes.kill,src/mediapipeline/core/processes/spawn_runner.py,src/mediapipeline/core/processes/kill.py
mediapipeline.core.processes.spawn_runner,mediapipeline.core.processes.rerun_lifecycle,src/mediapipeline/core/processes/spawn_runner.py,src/mediapipeline/core/processes/rerun_lifecycle.py
mediapipeline.core.processes.spawn_runner,mediapipeline.core.processes.spawn,src/mediapipeline/core/processes/spawn_runner.py,src/mediapipeline/core/processes/spawn.py
mediapipeline.core.publish.content_proof,mediapipeline.core.kernel.contracts.pending_publish,src/mediapipeline/core/publish/content_proof.py,src/mediapipeline/core/kernel/contracts/pending_publish.py
mediapipeline.core.publish.pending_contracts,mediapipeline.core.kernel.dto_base,src/mediapipeline/core/publish/pending_contracts.py,src/mediapipeline/core/kernel/dto_base.py
mediapipeline.core.publish.pending_contracts,mediapipeline.core.kernel.dto_commands,src/mediapipeline/core/publish/pending_contracts.py,src/mediapipeline/core/kernel/dto_commands.py
mediapipeline.core.publish.pending_contracts,mediapipeline.core.kernel.dto_inventory,src/mediapipeline/core/publish/pending_contracts.py,src/mediapipeline/core/kernel/dto_inventory.py
mediapipeline.core.publish.pending_drain_confidence,mediapipeline.core.publish.pending_contracts,src/mediapipeline/core/publish/pending_drain_confidence.py,src/mediapipeline/core/publish/pending_contracts.py
mediapipeline.core.publish.pending_facade,mediapipeline.core.kernel.dto_commands,src/mediapipeline/core/publish/pending_facade.py,src/mediapipeline/core/kernel/dto_commands.py
mediapipeline.core.publish.pending_facade,mediapipeline.core.kernel.dto_inventory,src/mediapipeline/core/publish/pending_facade.py,src/mediapipeline/core/kernel/dto_inventory.py
mediapipeline.core.publish.pending_facade,mediapipeline.core.paths.contracts,src/mediapipeline/core/publish/pending_facade.py,src/mediapipeline/core/paths/contracts.py
mediapipeline.core.publish.pending_facade,mediapipeline.core.publish.pending_policy,src/mediapipeline/core/publish/pending_facade.py,src/mediapipeline/core/publish/pending_policy.py
mediapipeline.core.publish.pending_manifest,mediapipeline.core.kernel.contracts,src/mediapipeline/core/publish/pending_manifest.py,src/mediapipeline/core/kernel/contracts/__init__.py
mediapipeline.core.publish.pending_manifest,mediapipeline.core.kernel.contracts.pending_publish,src/mediapipeline/core/publish/pending_manifest.py,src/mediapipeline/core/kernel/contracts/pending_publish.py
mediapipeline.core.publish.pending_manifest,mediapipeline.core.publish.file_io,src/mediapipeline/core/publish/pending_manifest.py,src/mediapipeline/core/publish/file_io.py
mediapipeline.core.publish.pending_manifest,mediapipeline.core.publish.pending_format,src/mediapipeline/core/publish/pending_manifest.py,src/mediapipeline/core/publish/pending_format.py
mediapipeline.core.publish.pending_manifest,mediapipeline.core.publish.pending_manifest_rows,src/mediapipeline/core/publish/pending_manifest.py,src/mediapipeline/core/publish/pending_manifest_rows.py
mediapipeline.core.publish.pending_manifest,mediapipeline.core.publish.pending_paths,src/mediapipeline/core/publish/pending_manifest.py,src/mediapipeline/core/publish/pending_paths.py
mediapipeline.core.publish.pending_manifest_rows,mediapipeline.core.kernel.contracts.pending_publish,src/mediapipeline/core/publish/pending_manifest_rows.py,src/mediapipeline/core/kernel/contracts/pending_publish.py
mediapipeline.core.publish.pending_manifest_rows,mediapipeline.core.publish.pending_format,src/mediapipeline/core/publish/pending_manifest_rows.py,src/mediapipeline/core/publish/pending_format.py
mediapipeline.core.publish.pending_manifest_rows,mediapipeline.core.publish.pending_paths,src/mediapipeline/core/publish/pending_manifest_rows.py,src/mediapipeline/core/publish/pending_paths.py
mediapipeline.core.publish.pending_open_policy,mediapipeline.core.files.constants,src/mediapipeline/core/publish/pending_open_policy.py,src/mediapipeline/core/files/constants.py
mediapipeline.core.publish.pending_open_policy,mediapipeline.core.kernel.dto_commands,src/mediapipeline/core/publish/pending_open_policy.py,src/mediapipeline/core/kernel/dto_commands.py
mediapipeline.core.publish.pending_open_policy,mediapipeline.core.publish.pending_results,src/mediapipeline/core/publish/pending_open_policy.py,src/mediapipeline/core/publish/pending_results.py
mediapipeline.core.publish.pending_paths,mediapipeline.core.publish.pending_format,src/mediapipeline/core/publish/pending_paths.py,src/mediapipeline/core/publish/pending_format.py
mediapipeline.core.publish.pending_policy,mediapipeline.core.publish.pending_contracts,src/mediapipeline/core/publish/pending_policy.py,src/mediapipeline/core/publish/pending_contracts.py
mediapipeline.core.publish.pending_policy,mediapipeline.core.publish.pending_drain_confidence,src/mediapipeline/core/publish/pending_policy.py,src/mediapipeline/core/publish/pending_drain_confidence.py
mediapipeline.core.publish.pending_policy,mediapipeline.core.publish.pending_open_policy,src/mediapipeline/core/publish/pending_policy.py,src/mediapipeline/core/publish/pending_open_policy.py
mediapipeline.core.publish.pending_policy,mediapipeline.core.publish.pending_recovery,src/mediapipeline/core/publish/pending_policy.py,src/mediapipeline/core/publish/pending_recovery.py
mediapipeline.core.publish.pending_policy,mediapipeline.core.publish.pending_results,src/mediapipeline/core/publish/pending_policy.py,src/mediapipeline/core/publish/pending_results.py
mediapipeline.core.publish.pending_policy,mediapipeline.core.publish.pending_rows,src/mediapipeline/core/publish/pending_policy.py,src/mediapipeline/core/publish/pending_rows.py
mediapipeline.core.publish.pending_recovery,mediapipeline.core.kernel.dto_commands,src/mediapipeline/core/publish/pending_recovery.py,src/mediapipeline/core/kernel/dto_commands.py
mediapipeline.core.publish.pending_recovery,mediapipeline.core.publish.pending_contracts,src/mediapipeline/core/publish/pending_recovery.py,src/mediapipeline/core/publish/pending_contracts.py
mediapipeline.core.publish.pending_recovery,mediapipeline.core.publish.pending_open_policy,src/mediapipeline/core/publish/pending_recovery.py,src/mediapipeline/core/publish/pending_open_policy.py
mediapipeline.core.publish.pending_recovery,mediapipeline.core.publish.pending_policy_parts.status_rules,src/mediapipeline/core/publish/pending_recovery.py,src/mediapipeline/core/publish/pending_policy_parts/status_rules.py
mediapipeline.core.publish.pending_recovery,mediapipeline.core.publish.pending_rows,src/mediapipeline/core/publish/pending_recovery.py,src/mediapipeline/core/publish/pending_rows.py
mediapipeline.core.publish.pending_results,mediapipeline.core.kernel.dto_inventory,src/mediapipeline/core/publish/pending_results.py,src/mediapipeline/core/kernel/dto_inventory.py
mediapipeline.core.publish.pending_results,mediapipeline.core.publish.pending_contracts,src/mediapipeline/core/publish/pending_results.py,src/mediapipeline/core/publish/pending_contracts.py
mediapipeline.core.publish.pending_results,mediapipeline.core.publish.pending_rows,src/mediapipeline/core/publish/pending_results.py,src/mediapipeline/core/publish/pending_rows.py
mediapipeline.core.publish.pending_rows,mediapipeline.core.files.constants,src/mediapipeline/core/publish/pending_rows.py,src/mediapipeline/core/files/constants.py
mediapipeline.core.publish.pending_rows,mediapipeline.core.kernel.contracts.pending_publish,src/mediapipeline/core/publish/pending_rows.py,src/mediapipeline/core/kernel/contracts/pending_publish.py
mediapipeline.core.publish.pending_rows,mediapipeline.core.kernel.dto_inventory,src/mediapipeline/core/publish/pending_rows.py,src/mediapipeline/core/kernel/dto_inventory.py
mediapipeline.core.publish.pending_rows,mediapipeline.core.publish.pending_contracts,src/mediapipeline/core/publish/pending_rows.py,src/mediapipeline/core/publish/pending_contracts.py
mediapipeline.core.publish.pending_rows,mediapipeline.core.publish.pending_drain_confidence,src/mediapipeline/core/publish/pending_rows.py,src/mediapipeline/core/publish/pending_drain_confidence.py
mediapipeline.core.publish.pending_rows,mediapipeline.core.publish.pending_policy_parts.status_rules,src/mediapipeline/core/publish/pending_rows.py,src/mediapipeline/core/publish/pending_policy_parts/status_rules.py
mediapipeline.core.publish.pending_rows,mediapipeline.core.publish.pending_policy_parts.trust_fields,src/mediapipeline/core/publish/pending_rows.py,src/mediapipeline/core/publish/pending_policy_parts/trust_fields.py
mediapipeline.core.publish.pending_service,mediapipeline.core.paths.contracts,src/mediapipeline/core/publish/pending_service.py,src/mediapipeline/core/paths/contracts.py
mediapipeline.core.publish.pending_service,mediapipeline.core.publish.file_io,src/mediapipeline/core/publish/pending_service.py,src/mediapipeline/core/publish/file_io.py
mediapipeline.core.publish.pending_service,mediapipeline.core.publish.pending_format,src/mediapipeline/core/publish/pending_service.py,src/mediapipeline/core/publish/pending_format.py
mediapipeline.core.publish.pending_service,mediapipeline.core.publish.pending_manifest,src/mediapipeline/core/publish/pending_service.py,src/mediapipeline/core/publish/pending_manifest.py
mediapipeline.core.publish.pending_service,mediapipeline.core.publish.pending_paths,src/mediapipeline/core/publish/pending_service.py,src/mediapipeline/core/publish/pending_paths.py
mediapipeline.core.publish.reconciliation_facade,mediapipeline.core.kernel.dto_inventory,src/mediapipeline/core/publish/reconciliation_facade.py,src/mediapipeline/core/kernel/dto_inventory.py
mediapipeline.core.publish.reconciliation_facade,mediapipeline.core.paths.contracts,src/mediapipeline/core/publish/reconciliation_facade.py,src/mediapipeline/core/paths/contracts.py
mediapipeline.core.publish.reconciliation_facade,mediapipeline.core.publish.reconciliation_policy,src/mediapipeline/core/publish/reconciliation_facade.py,src/mediapipeline/core/publish/reconciliation_policy.py
mediapipeline.core.publish.reconciliation_policy,mediapipeline.core.completed.policy,src/mediapipeline/core/publish/reconciliation_policy.py,src/mediapipeline/core/completed/policy.py
mediapipeline.core.publish.reconciliation_policy,mediapipeline.core.kernel.dto_base,src/mediapipeline/core/publish/reconciliation_policy.py,src/mediapipeline/core/kernel/dto_base.py
mediapipeline.core.publish.reconciliation_policy,mediapipeline.core.kernel.dto_inventory,src/mediapipeline/core/publish/reconciliation_policy.py,src/mediapipeline/core/kernel/dto_inventory.py
mediapipeline.core.queue.contracts,mediapipeline.core.paths.contracts,src/mediapipeline/core/queue/contracts.py,src/mediapipeline/core/paths/contracts.py
mediapipeline.core.queue.dry_run,mediapipeline.core.paths.contracts,src/mediapipeline/core/queue/dry_run.py,src/mediapipeline/core/paths/contracts.py
mediapipeline.core.queue.dry_run_runner,mediapipeline.core.kernel.runtime.subprocess_runner,src/mediapipeline/core/queue/dry_run_runner.py,src/mediapipeline/core/kernel/runtime/subprocess_runner.py
mediapipeline.core.queue.dry_run_runner,mediapipeline.core.paths.contracts,src/mediapipeline/core/queue/dry_run_runner.py,src/mediapipeline/core/paths/contracts.py
mediapipeline.core.queue.dry_run_runner,mediapipeline.core.paths.queue_input_fingerprint,src/mediapipeline/core/queue/dry_run_runner.py,src/mediapipeline/core/paths/queue_input_fingerprint.py
mediapipeline.core.queue.dry_run_runner,mediapipeline.core.queue.contracts,src/mediapipeline/core/queue/dry_run_runner.py,src/mediapipeline/core/queue/contracts.py
mediapipeline.core.queue.dry_run_runner,mediapipeline.core.queue.dry_run,src/mediapipeline/core/queue/dry_run_runner.py,src/mediapipeline/core/queue/dry_run.py
mediapipeline.core.queue.dry_run_runner,mediapipeline.core.queue.file_io,src/mediapipeline/core/queue/dry_run_runner.py,src/mediapipeline/core/queue/file_io.py
mediapipeline.core.queue.dry_run_runner,mediapipeline.core.queue.snapshot,src/mediapipeline/core/queue/dry_run_runner.py,src/mediapipeline/core/queue/snapshot.py
mediapipeline.core.queue.dry_run_runner,mediapipeline.core.storage.db,src/mediapipeline/core/queue/dry_run_runner.py,src/mediapipeline/core/storage/db.py
mediapipeline.core.queue.facade,mediapipeline.core.kernel.dto_commands,src/mediapipeline/core/queue/facade.py,src/mediapipeline/core/kernel/dto_commands.py
mediapipeline.core.queue.facade,mediapipeline.core.kernel.dto_inventory,src/mediapipeline/core/queue/facade.py,src/mediapipeline/core/kernel/dto_inventory.py
mediapipeline.core.queue.facade,mediapipeline.core.paths.contracts,src/mediapipeline/core/queue/facade.py,src/mediapipeline/core/paths/contracts.py
mediapipeline.core.queue.facade,mediapipeline.core.paths.queue_input_fingerprint,src/mediapipeline/core/queue/facade.py,src/mediapipeline/core/paths/queue_input_fingerprint.py
mediapipeline.core.queue.facade,mediapipeline.core.queue.contracts,src/mediapipeline/core/queue/facade.py,src/mediapipeline/core/queue/contracts.py
mediapipeline.core.queue.facade,mediapipeline.core.queue.file_overrides,src/mediapipeline/core/queue/facade.py,src/mediapipeline/core/queue/file_overrides.py
mediapipeline.core.queue.facade,mediapipeline.core.queue.policy,src/mediapipeline/core/queue/facade.py,src/mediapipeline/core/queue/policy.py
mediapipeline.core.queue.facade,mediapipeline.core.queue.priority_export,src/mediapipeline/core/queue/facade.py,src/mediapipeline/core/queue/priority_export.py
mediapipeline.core.queue.facade,mediapipeline.core.queue.priority_manifest,src/mediapipeline/core/queue/facade.py,src/mediapipeline/core/queue/priority_manifest.py
mediapipeline.core.queue.file_overrides,mediapipeline.contracts.config,src/mediapipeline/core/queue/file_overrides.py,src/mediapipeline/contracts/config.py
mediapipeline.core.queue.file_overrides,mediapipeline.core.config.constants,src/mediapipeline/core/queue/file_overrides.py,src/mediapipeline/core/config/constants.py
mediapipeline.core.queue.policy,mediapipeline.core.queue.policy_parts.metrics,src/mediapipeline/core/queue/policy.py,src/mediapipeline/core/queue/policy_parts/metrics.py
mediapipeline.core.queue.policy,mediapipeline.core.queue.policy_parts.open_policy,src/mediapipeline/core/queue/policy.py,src/mediapipeline/core/queue/policy_parts/open_policy.py
mediapipeline.core.queue.policy,mediapipeline.core.queue.policy_parts.preview,src/mediapipeline/core/queue/policy.py,src/mediapipeline/core/queue/policy_parts/preview.py
mediapipeline.core.queue.policy,mediapipeline.core.queue.policy_parts.rows,src/mediapipeline/core/queue/policy.py,src/mediapipeline/core/queue/policy_parts/rows.py
mediapipeline.core.queue.policy,mediapipeline.core.queue.policy_parts.rules,src/mediapipeline/core/queue/policy.py,src/mediapipeline/core/queue/policy_parts/rules.py
mediapipeline.core.queue.policy_parts.file_override_rows,mediapipeline.core.queue.file_overrides,src/mediapipeline/core/queue/policy_parts/file_override_rows.py,src/mediapipeline/core/queue/file_overrides.py
mediapipeline.core.queue.policy_parts.file_override_rows,mediapipeline.core.queue.policy_parts.row_identity,src/mediapipeline/core/queue/policy_parts/file_override_rows.py,src/mediapipeline/core/queue/policy_parts/row_identity.py
mediapipeline.core.queue.policy_parts.open_policy,mediapipeline.core.kernel.dto_commands,src/mediapipeline/core/queue/policy_parts/open_policy.py,src/mediapipeline/core/kernel/dto_commands.py
mediapipeline.core.queue.policy_parts.open_policy,mediapipeline.core.queue.policy_parts.rules,src/mediapipeline/core/queue/policy_parts/open_policy.py,src/mediapipeline/core/queue/policy_parts/rules.py
mediapipeline.core.queue.policy_parts.operator_guidance,mediapipeline.core.queue.policy_parts.route_evidence,src/mediapipeline/core/queue/policy_parts/operator_guidance.py,src/mediapipeline/core/queue/policy_parts/route_evidence.py
mediapipeline.core.queue.policy_parts.preview,mediapipeline.core.observability.artifact_freshness,src/mediapipeline/core/queue/policy_parts/preview.py,src/mediapipeline/core/observability/artifact_freshness.py
mediapipeline.core.queue.policy_parts.preview,mediapipeline.core.observability.status_policy,src/mediapipeline/core/queue/policy_parts/preview.py,src/mediapipeline/core/observability/status_policy.py
mediapipeline.core.queue.policy_parts.preview,mediapipeline.core.queue.policy_parts.metrics,src/mediapipeline/core/queue/policy_parts/preview.py,src/mediapipeline/core/queue/policy_parts/metrics.py
mediapipeline.core.queue.policy_parts.preview,mediapipeline.core.queue.policy_parts.rows,src/mediapipeline/core/queue/policy_parts/preview.py,src/mediapipeline/core/queue/policy_parts/rows.py
mediapipeline.core.queue.policy_parts.preview,mediapipeline.core.queue.policy_parts.rules,src/mediapipeline/core/queue/policy_parts/preview.py,src/mediapipeline/core/queue/policy_parts/rules.py
mediapipeline.core.queue.policy_parts.route_evidence,mediapipeline.core.queue.policy_parts.row_identity,src/mediapipeline/core/queue/policy_parts/route_evidence.py,src/mediapipeline/core/queue/policy_parts/row_identity.py
mediapipeline.core.queue.policy_parts.rows,mediapipeline.core.queue.contracts,src/mediapipeline/core/queue/policy_parts/rows.py,src/mediapipeline/core/queue/contracts.py
mediapipeline.core.queue.policy_parts.rows,mediapipeline.core.queue.policy_parts.file_override_rows,src/mediapipeline/core/queue/policy_parts/rows.py,src/mediapipeline/core/queue/policy_parts/file_override_rows.py
mediapipeline.core.queue.policy_parts.rows,mediapipeline.core.queue.policy_parts.operator_guidance,src/mediapipeline/core/queue/policy_parts/rows.py,src/mediapipeline/core/queue/policy_parts/operator_guidance.py
mediapipeline.core.queue.policy_parts.rows,mediapipeline.core.queue.policy_parts.route_evidence,src/mediapipeline/core/queue/policy_parts/rows.py,src/mediapipeline/core/queue/policy_parts/route_evidence.py
mediapipeline.core.queue.policy_parts.rows,mediapipeline.core.queue.policy_parts.row_identity,src/mediapipeline/core/queue/policy_parts/rows.py,src/mediapipeline/core/queue/policy_parts/row_identity.py
mediapipeline.core.queue.policy_parts.rows,mediapipeline.core.queue.policy_parts.rules,src/mediapipeline/core/queue/policy_parts/rows.py,src/mediapipeline/core/queue/policy_parts/rules.py
mediapipeline.core.queue.policy_parts.rows,mediapipeline.core.queue.policy_parts.runtime_outcomes,src/mediapipeline/core/queue/policy_parts/rows.py,src/mediapipeline/core/queue/policy_parts/runtime_outcomes.py
mediapipeline.core.queue.policy_parts.rows,mediapipeline.core.queue.policy_parts.track_metadata,src/mediapipeline/core/queue/policy_parts/rows.py,src/mediapipeline/core/queue/policy_parts/track_metadata.py
mediapipeline.core.queue.policy_parts.rows,mediapipeline.core.subtitles.qa,src/mediapipeline/core/queue/policy_parts/rows.py,src/mediapipeline/core/subtitles/qa.py
mediapipeline.core.queue.policy_parts.rules,mediapipeline.core.observability.runtime_outcomes,src/mediapipeline/core/queue/policy_parts/rules.py,src/mediapipeline/core/observability/runtime_outcomes.py
mediapipeline.core.queue.policy_parts.runtime_outcomes,mediapipeline.core.observability.runtime_outcomes,src/mediapipeline/core/queue/policy_parts/runtime_outcomes.py,src/mediapipeline/core/observability/runtime_outcomes.py
mediapipeline.core.queue.policy_parts.runtime_outcomes,mediapipeline.core.queue.policy_parts.operator_guidance,src/mediapipeline/core/queue/policy_parts/runtime_outcomes.py,src/mediapipeline/core/queue/policy_parts/operator_guidance.py
mediapipeline.core.queue.policy_parts.track_metadata,mediapipeline.core.queue.policy_parts.row_identity,src/mediapipeline/core/queue/policy_parts/track_metadata.py,src/mediapipeline/core/queue/policy_parts/row_identity.py
mediapipeline.core.queue.preview_builder,mediapipeline.core.paths.contracts,src/mediapipeline/core/queue/preview_builder.py,src/mediapipeline/core/paths/contracts.py
mediapipeline.core.queue.preview_builder,mediapipeline.core.queue.contracts,src/mediapipeline/core/queue/preview_builder.py,src/mediapipeline/core/queue/contracts.py
mediapipeline.core.queue.preview_builder,mediapipeline.core.queue.dry_run,src/mediapipeline/core/queue/preview_builder.py,src/mediapipeline/core/queue/dry_run.py
mediapipeline.core.queue.priority_export,mediapipeline.core.kernel.contracts,src/mediapipeline/core/queue/priority_export.py,src/mediapipeline/core/kernel/contracts/__init__.py
mediapipeline.core.queue.priority_export,mediapipeline.core.queue.file_io,src/mediapipeline/core/queue/priority_export.py,src/mediapipeline/core/queue/file_io.py
mediapipeline.core.queue.service,mediapipeline.core.paths.contracts,src/mediapipeline/core/queue/service.py,src/mediapipeline/core/paths/contracts.py
mediapipeline.core.queue.service,mediapipeline.core.queue.contracts,src/mediapipeline/core/queue/service.py,src/mediapipeline/core/queue/contracts.py
mediapipeline.core.queue.service,mediapipeline.core.queue.dry_run_runner,src/mediapipeline/core/queue/service.py,src/mediapipeline/core/queue/dry_run_runner.py
mediapipeline.core.queue.service,mediapipeline.core.queue.freshness,src/mediapipeline/core/queue/service.py,src/mediapipeline/core/queue/freshness.py
mediapipeline.core.queue.service,mediapipeline.core.queue.preview_builder,src/mediapipeline/core/queue/service.py,src/mediapipeline/core/queue/preview_builder.py
mediapipeline.core.queue.service,mediapipeline.core.queue.priority_export,src/mediapipeline/core/queue/service.py,src/mediapipeline/core/queue/priority_export.py
mediapipeline.core.queue.service,mediapipeline.core.queue.priority_markers,src/mediapipeline/core/queue/service.py,src/mediapipeline/core/queue/priority_markers.py
mediapipeline.core.queue.service,mediapipeline.core.queue.snapshot,src/mediapipeline/core/queue/service.py,src/mediapipeline/core/queue/snapshot.py
mediapipeline.core.queue.service,mediapipeline.core.queue.source_inventory,src/mediapipeline/core/queue/service.py,src/mediapipeline/core/queue/source_inventory.py
mediapipeline.core.queue.snapshot,mediapipeline.core.kernel.contracts,src/mediapipeline/core/queue/snapshot.py,src/mediapipeline/core/kernel/contracts/__init__.py
mediapipeline.core.queue.snapshot,mediapipeline.core.paths.contracts,src/mediapipeline/core/queue/snapshot.py,src/mediapipeline/core/paths/contracts.py
mediapipeline.core.queue.snapshot,mediapipeline.core.queue.contracts,src/mediapipeline/core/queue/snapshot.py,src/mediapipeline/core/queue/contracts.py
mediapipeline.core.queue.source_inventory,mediapipeline.core.config.library_profiles,src/mediapipeline/core/queue/source_inventory.py,src/mediapipeline/core/config/library_profiles.py
mediapipeline.core.queue.source_inventory,mediapipeline.core.files.constants,src/mediapipeline/core/queue/source_inventory.py,src/mediapipeline/core/files/constants.py
mediapipeline.core.queue.source_inventory,mediapipeline.core.paths.contracts,src/mediapipeline/core/queue/source_inventory.py,src/mediapipeline/core/paths/contracts.py
mediapipeline.core.queue.source_inventory,mediapipeline.core.queue.file_io,src/mediapipeline/core/queue/source_inventory.py,src/mediapipeline/core/queue/file_io.py
mediapipeline.core.rename.apply,mediapipeline.core.paths.layout,src/mediapipeline/core/rename/apply.py,src/mediapipeline/core/paths/layout.py
mediapipeline.core.rename.apply,mediapipeline.core.rename.constants,src/mediapipeline/core/rename/apply.py,src/mediapipeline/core/rename/constants.py
mediapipeline.core.rename.apply,mediapipeline.core.rename.file_io,src/mediapipeline/core/rename/apply.py,src/mediapipeline/core/rename/file_io.py
mediapipeline.core.rename.apply_results,mediapipeline.core.kernel.dto_base,src/mediapipeline/core/rename/apply_results.py,src/mediapipeline/core/kernel/dto_base.py
mediapipeline.core.rename.apply_results,mediapipeline.core.kernel.dto_commands,src/mediapipeline/core/rename/apply_results.py,src/mediapipeline/core/kernel/dto_commands.py
mediapipeline.core.rename.apply_results,mediapipeline.core.rename.path_authority,src/mediapipeline/core/rename/apply_results.py,src/mediapipeline/core/rename/path_authority.py
mediapipeline.core.rename.apply_results,mediapipeline.core.rename.preview_policy,src/mediapipeline/core/rename/apply_results.py,src/mediapipeline/core/rename/preview_policy.py
mediapipeline.core.rename.apply_runner,mediapipeline.core.rename.contracts,src/mediapipeline/core/rename/apply_runner.py,src/mediapipeline/core/rename/contracts.py
mediapipeline.core.rename.apply_runner,mediapipeline.core.rename.file_io,src/mediapipeline/core/rename/apply_runner.py,src/mediapipeline/core/rename/file_io.py
mediapipeline.core.rename.bad_case_corpus,mediapipeline.core.files.constants,src/mediapipeline/core/rename/bad_case_corpus.py,src/mediapipeline/core/files/constants.py
mediapipeline.core.rename.bad_case_corpus,mediapipeline.core.rename.movie,src/mediapipeline/core/rename/bad_case_corpus.py,src/mediapipeline/core/rename/movie.py
mediapipeline.core.rename.bad_case_corpus,mediapipeline.core.rename.plan_policy,src/mediapipeline/core/rename/bad_case_corpus.py,src/mediapipeline/core/rename/plan_policy.py
mediapipeline.core.rename.bad_case_corpus,mediapipeline.core.rename.tv,src/mediapipeline/core/rename/bad_case_corpus.py,src/mediapipeline/core/rename/tv.py
mediapipeline.core.rename.cleaning_policy,mediapipeline.core.kernel.config_keys,src/mediapipeline/core/rename/cleaning_policy.py,src/mediapipeline/core/kernel/config_keys.py
mediapipeline.core.rename.cleaning_policy,mediapipeline.core.rename.constants,src/mediapipeline/core/rename/cleaning_policy.py,src/mediapipeline/core/rename/constants.py
mediapipeline.core.rename.cleaning_policy,mediapipeline.core.rename.movie,src/mediapipeline/core/rename/cleaning_policy.py,src/mediapipeline/core/rename/movie.py
mediapipeline.core.rename.cleaning_policy,mediapipeline.core.rename.tv,src/mediapipeline/core/rename/cleaning_policy.py,src/mediapipeline/core/rename/tv.py
mediapipeline.core.rename.contracts,mediapipeline.core.kernel.runtime.subprocess_runner,src/mediapipeline/core/rename/contracts.py,src/mediapipeline/core/kernel/runtime/subprocess_runner.py
mediapipeline.core.rename.discovery,mediapipeline.core.files.constants,src/mediapipeline/core/rename/discovery.py,src/mediapipeline/core/files/constants.py
mediapipeline.core.rename.discovery,mediapipeline.core.rename.utils,src/mediapipeline/core/rename/discovery.py,src/mediapipeline/core/rename/utils.py
mediapipeline.core.rename.facade,mediapipeline.core.kernel.dto_base,src/mediapipeline/core/rename/facade.py,src/mediapipeline/core/kernel/dto_base.py
mediapipeline.core.rename.facade,mediapipeline.core.kernel.dto_commands,src/mediapipeline/core/rename/facade.py,src/mediapipeline/core/kernel/dto_commands.py
mediapipeline.core.rename.facade,mediapipeline.core.kernel.dto_workspaces,src/mediapipeline/core/rename/facade.py,src/mediapipeline/core/kernel/dto_workspaces.py
mediapipeline.core.rename.facade,mediapipeline.core.rename.input_classification,src/mediapipeline/core/rename/facade.py,src/mediapipeline/core/rename/input_classification.py
mediapipeline.core.rename.facade,mediapipeline.core.rename.policy,src/mediapipeline/core/rename/facade.py,src/mediapipeline/core/rename/policy.py
mediapipeline.core.rename.filename_preview,mediapipeline.core.files.constants,src/mediapipeline/core/rename/filename_preview.py,src/mediapipeline/core/files/constants.py
mediapipeline.core.rename.filename_preview,mediapipeline.core.rename.cleaning_policy,src/mediapipeline/core/rename/filename_preview.py,src/mediapipeline/core/rename/cleaning_policy.py
mediapipeline.core.rename.filename_preview,mediapipeline.core.rename.movie,src/mediapipeline/core/rename/filename_preview.py,src/mediapipeline/core/rename/movie.py
mediapipeline.core.rename.filename_preview,mediapipeline.core.rename.plan_policy,src/mediapipeline/core/rename/filename_preview.py,src/mediapipeline/core/rename/plan_policy.py
mediapipeline.core.rename.filename_preview,mediapipeline.core.rename.tv,src/mediapipeline/core/rename/filename_preview.py,src/mediapipeline/core/rename/tv.py
mediapipeline.core.rename.input_classification,mediapipeline.core.files.constants,src/mediapipeline/core/rename/input_classification.py,src/mediapipeline/core/files/constants.py
mediapipeline.core.rename.movie,mediapipeline.core.rename.constants,src/mediapipeline/core/rename/movie.py,src/mediapipeline/core/rename/constants.py
mediapipeline.core.rename.movie,mediapipeline.core.rename.utils,src/mediapipeline/core/rename/movie.py,src/mediapipeline/core/rename/utils.py
mediapipeline.core.rename.path_authority,mediapipeline.core.kernel.config_keys,src/mediapipeline/core/rename/path_authority.py,src/mediapipeline/core/kernel/config_keys.py
mediapipeline.core.rename.path_authority,mediapipeline.core.paths.layout,src/mediapipeline/core/rename/path_authority.py,src/mediapipeline/core/paths/layout.py
mediapipeline.core.rename.path_authority,mediapipeline.core.rename.input_classification,src/mediapipeline/core/rename/path_authority.py,src/mediapipeline/core/rename/input_classification.py
mediapipeline.core.rename.path_authority,mediapipeline.core.validation.strict_json,src/mediapipeline/core/rename/path_authority.py,src/mediapipeline/core/validation/strict_json.py
mediapipeline.core.rename.path_selection,mediapipeline.core.rename.input_classification,src/mediapipeline/core/rename/path_selection.py,src/mediapipeline/core/rename/input_classification.py
mediapipeline.core.rename.planner,mediapipeline.core.files.constants,src/mediapipeline/core/rename/planner.py,src/mediapipeline/core/files/constants.py
mediapipeline.core.rename.planner,mediapipeline.core.rename.cleaning_policy,src/mediapipeline/core/rename/planner.py,src/mediapipeline/core/rename/cleaning_policy.py
mediapipeline.core.rename.planner,mediapipeline.core.rename.contracts,src/mediapipeline/core/rename/planner.py,src/mediapipeline/core/rename/contracts.py
mediapipeline.core.rename.planner,mediapipeline.core.rename.input_classification,src/mediapipeline/core/rename/planner.py,src/mediapipeline/core/rename/input_classification.py
mediapipeline.core.rename.planner,mediapipeline.core.rename.plan_policy,src/mediapipeline/core/rename/planner.py,src/mediapipeline/core/rename/plan_policy.py
mediapipeline.core.rename.planner,mediapipeline.core.rename.tv,src/mediapipeline/core/rename/planner.py,src/mediapipeline/core/rename/tv.py
mediapipeline.core.rename.policy,mediapipeline.core.rename.apply_results,src/mediapipeline/core/rename/policy.py,src/mediapipeline/core/rename/apply_results.py
mediapipeline.core.rename.policy,mediapipeline.core.rename.cleaning_policy,src/mediapipeline/core/rename/policy.py,src/mediapipeline/core/rename/cleaning_policy.py
mediapipeline.core.rename.policy,mediapipeline.core.rename.filename_preview,src/mediapipeline/core/rename/policy.py,src/mediapipeline/core/rename/filename_preview.py
mediapipeline.core.rename.policy,mediapipeline.core.rename.path_authority,src/mediapipeline/core/rename/policy.py,src/mediapipeline/core/rename/path_authority.py
mediapipeline.core.rename.policy,mediapipeline.core.rename.plan_policy,src/mediapipeline/core/rename/policy.py,src/mediapipeline/core/rename/plan_policy.py
mediapipeline.core.rename.policy,mediapipeline.core.rename.preview_policy,src/mediapipeline/core/rename/policy.py,src/mediapipeline/core/rename/preview_policy.py
mediapipeline.core.rename.preview,mediapipeline.core.files.constants,src/mediapipeline/core/rename/preview.py,src/mediapipeline/core/files/constants.py
mediapipeline.core.rename.preview,mediapipeline.core.kernel.runtime.subprocess_runner,src/mediapipeline/core/rename/preview.py,src/mediapipeline/core/kernel/runtime/subprocess_runner.py
mediapipeline.core.rename.preview,mediapipeline.core.rename.cleaning_policy,src/mediapipeline/core/rename/preview.py,src/mediapipeline/core/rename/cleaning_policy.py
mediapipeline.core.rename.preview,mediapipeline.core.rename.file_io,src/mediapipeline/core/rename/preview.py,src/mediapipeline/core/rename/file_io.py
mediapipeline.core.rename.preview_runner,mediapipeline.core.kernel.runtime.subprocess_runner,src/mediapipeline/core/rename/preview_runner.py,src/mediapipeline/core/kernel/runtime/subprocess_runner.py
mediapipeline.core.rename.preview_runner,mediapipeline.core.rename.contracts,src/mediapipeline/core/rename/preview_runner.py,src/mediapipeline/core/rename/contracts.py
mediapipeline.core.rename.preview_runner,mediapipeline.core.rename.preview,src/mediapipeline/core/rename/preview_runner.py,src/mediapipeline/core/rename/preview.py
mediapipeline.core.rename.service,mediapipeline.core.kernel.runtime.subprocess_runner,src/mediapipeline/core/rename/service.py,src/mediapipeline/core/kernel/runtime/subprocess_runner.py
mediapipeline.core.rename.service,mediapipeline.core.queue.contracts,src/mediapipeline/core/rename/service.py,src/mediapipeline/core/queue/contracts.py
mediapipeline.core.rename.service,mediapipeline.core.rename.apply,src/mediapipeline/core/rename/service.py,src/mediapipeline/core/rename/apply.py
mediapipeline.core.rename.service,mediapipeline.core.rename.apply_runner,src/mediapipeline/core/rename/service.py,src/mediapipeline/core/rename/apply_runner.py
mediapipeline.core.rename.service,mediapipeline.core.rename.constants,src/mediapipeline/core/rename/service.py,src/mediapipeline/core/rename/constants.py
mediapipeline.core.rename.service,mediapipeline.core.rename.discovery,src/mediapipeline/core/rename/service.py,src/mediapipeline/core/rename/discovery.py
mediapipeline.core.rename.service,mediapipeline.core.rename.movie,src/mediapipeline/core/rename/service.py,src/mediapipeline/core/rename/movie.py
mediapipeline.core.rename.service,mediapipeline.core.rename.plan_policy,src/mediapipeline/core/rename/service.py,src/mediapipeline/core/rename/plan_policy.py
mediapipeline.core.rename.service,mediapipeline.core.rename.planner,src/mediapipeline/core/rename/service.py,src/mediapipeline/core/rename/planner.py
mediapipeline.core.rename.service,mediapipeline.core.rename.preview_runner,src/mediapipeline/core/rename/service.py,src/mediapipeline/core/rename/preview_runner.py
mediapipeline.core.rename.service,mediapipeline.core.rename.tv,src/mediapipeline/core/rename/service.py,src/mediapipeline/core/rename/tv.py
mediapipeline.core.rename.service,mediapipeline.core.rename.undo_runner,src/mediapipeline/core/rename/service.py,src/mediapipeline/core/rename/undo_runner.py
mediapipeline.core.rename.service,mediapipeline.core.rename.utils,src/mediapipeline/core/rename/service.py,src/mediapipeline/core/rename/utils.py
mediapipeline.core.rename.stage,mediapipeline.contracts.stage_mutation,src/mediapipeline/core/rename/stage.py,src/mediapipeline/contracts/stage_mutation.py
mediapipeline.core.rename.stage,mediapipeline.core.paths.layout,src/mediapipeline/core/rename/stage.py,src/mediapipeline/core/paths/layout.py
mediapipeline.core.rename.stage,mediapipeline.core.rename.apply,src/mediapipeline/core/rename/stage.py,src/mediapipeline/core/rename/apply.py
mediapipeline.core.rename.stage,mediapipeline.core.rename.file_io,src/mediapipeline/core/rename/stage.py,src/mediapipeline/core/rename/file_io.py
mediapipeline.core.rename.tv,mediapipeline.core.rename.constants,src/mediapipeline/core/rename/tv.py,src/mediapipeline/core/rename/constants.py
mediapipeline.core.rename.tv,mediapipeline.core.rename.movie,src/mediapipeline/core/rename/tv.py,src/mediapipeline/core/rename/movie.py
mediapipeline.core.rename.tv,mediapipeline.core.rename.tv_folder,src/mediapipeline/core/rename/tv.py,src/mediapipeline/core/rename/tv_folder.py
mediapipeline.core.rename.tv,mediapipeline.core.rename.utils,src/mediapipeline/core/rename/tv.py,src/mediapipeline/core/rename/utils.py
mediapipeline.core.rename.tv_folder,mediapipeline.core.rename.utils,src/mediapipeline/core/rename/tv_folder.py,src/mediapipeline/core/rename/utils.py
mediapipeline.core.rename.undo_runner,mediapipeline.core.paths.layout,src/mediapipeline/core/rename/undo_runner.py,src/mediapipeline/core/paths/layout.py
mediapipeline.core.rename.undo_runner,mediapipeline.core.rename.file_io,src/mediapipeline/core/rename/undo_runner.py,src/mediapipeline/core/rename/file_io.py
mediapipeline.core.rename.utils,mediapipeline.core.files.constants,src/mediapipeline/core/rename/utils.py,src/mediapipeline/core/files/constants.py
mediapipeline.core.repair_reconcile,mediapipeline.core.repair_reconcile.dry_run,src/mediapipeline/core/repair_reconcile/__init__.py,src/mediapipeline/core/repair_reconcile/dry_run.py
mediapipeline.core.repair_reconcile,mediapipeline.core.repair_reconcile.facade,src/mediapipeline/core/repair_reconcile/__init__.py,src/mediapipeline/core/repair_reconcile/facade.py
mediapipeline.core.repair_reconcile.apply,mediapipeline.core.completed.contracts,src/mediapipeline/core/repair_reconcile/apply.py,src/mediapipeline/core/completed/contracts.py
mediapipeline.core.repair_reconcile.apply,mediapipeline.core.completed.manifest,src/mediapipeline/core/repair_reconcile/apply.py,src/mediapipeline/core/completed/manifest.py
mediapipeline.core.repair_reconcile.apply,mediapipeline.core.completed.policy,src/mediapipeline/core/repair_reconcile/apply.py,src/mediapipeline/core/completed/policy.py
mediapipeline.core.repair_reconcile.apply,mediapipeline.core.kernel.contracts.pending_publish,src/mediapipeline/core/repair_reconcile/apply.py,src/mediapipeline/core/kernel/contracts/pending_publish.py
mediapipeline.core.repair_reconcile.apply,mediapipeline.core.kernel.dto_commands,src/mediapipeline/core/repair_reconcile/apply.py,src/mediapipeline/core/kernel/dto_commands.py
mediapipeline.core.repair_reconcile.apply,mediapipeline.core.publish.content_proof,src/mediapipeline/core/repair_reconcile/apply.py,src/mediapipeline/core/publish/content_proof.py
mediapipeline.core.repair_reconcile.apply,mediapipeline.core.repair_reconcile.dry_run,src/mediapipeline/core/repair_reconcile/apply.py,src/mediapipeline/core/repair_reconcile/dry_run.py
mediapipeline.core.repair_reconcile.dry_run,mediapipeline.core.kernel.contracts.base,src/mediapipeline/core/repair_reconcile/dry_run.py,src/mediapipeline/core/kernel/contracts/base.py
mediapipeline.core.repair_reconcile.dry_run,mediapipeline.core.kernel.contracts.pending_publish,src/mediapipeline/core/repair_reconcile/dry_run.py,src/mediapipeline/core/kernel/contracts/pending_publish.py
mediapipeline.core.repair_reconcile.dry_run,mediapipeline.core.repair_reconcile.dry_run_completed,src/mediapipeline/core/repair_reconcile/dry_run.py,src/mediapipeline/core/repair_reconcile/dry_run_completed.py
mediapipeline.core.repair_reconcile.dry_run,mediapipeline.core.repair_reconcile.dry_run_contract,src/mediapipeline/core/repair_reconcile/dry_run.py,src/mediapipeline/core/repair_reconcile/dry_run_contract.py
mediapipeline.core.repair_reconcile.dry_run,mediapipeline.core.repair_reconcile.dry_run_pending,src/mediapipeline/core/repair_reconcile/dry_run.py,src/mediapipeline/core/repair_reconcile/dry_run_pending.py
mediapipeline.core.repair_reconcile.dry_run,mediapipeline.core.repair_reconcile.dry_run_support,src/mediapipeline/core/repair_reconcile/dry_run.py,src/mediapipeline/core/repair_reconcile/dry_run_support.py
mediapipeline.core.repair_reconcile.dry_run,mediapipeline.core.storage.db,src/mediapipeline/core/repair_reconcile/dry_run.py,src/mediapipeline/core/storage/db.py
mediapipeline.core.repair_reconcile.dry_run_completed,mediapipeline.core.kernel.contracts.base,src/mediapipeline/core/repair_reconcile/dry_run_completed.py,src/mediapipeline/core/kernel/contracts/base.py
mediapipeline.core.repair_reconcile.dry_run_completed,mediapipeline.core.kernel.contracts.pending_publish,src/mediapipeline/core/repair_reconcile/dry_run_completed.py,src/mediapipeline/core/kernel/contracts/pending_publish.py
mediapipeline.core.repair_reconcile.dry_run_completed,mediapipeline.core.repair_reconcile.dry_run_contract,src/mediapipeline/core/repair_reconcile/dry_run_completed.py,src/mediapipeline/core/repair_reconcile/dry_run_contract.py
mediapipeline.core.repair_reconcile.dry_run_completed,mediapipeline.core.repair_reconcile.dry_run_support,src/mediapipeline/core/repair_reconcile/dry_run_completed.py,src/mediapipeline/core/repair_reconcile/dry_run_support.py
mediapipeline.core.repair_reconcile.dry_run_pending,mediapipeline.core.kernel.contracts.base,src/mediapipeline/core/repair_reconcile/dry_run_pending.py,src/mediapipeline/core/kernel/contracts/base.py
mediapipeline.core.repair_reconcile.dry_run_pending,mediapipeline.core.kernel.contracts.pending_publish,src/mediapipeline/core/repair_reconcile/dry_run_pending.py,src/mediapipeline/core/kernel/contracts/pending_publish.py
mediapipeline.core.repair_reconcile.dry_run_pending,mediapipeline.core.publish.content_proof,src/mediapipeline/core/repair_reconcile/dry_run_pending.py,src/mediapipeline/core/publish/content_proof.py
mediapipeline.core.repair_reconcile.dry_run_pending,mediapipeline.core.repair_reconcile.dry_run_contract,src/mediapipeline/core/repair_reconcile/dry_run_pending.py,src/mediapipeline/core/repair_reconcile/dry_run_contract.py
mediapipeline.core.repair_reconcile.dry_run_pending,mediapipeline.core.repair_reconcile.dry_run_support,src/mediapipeline/core/repair_reconcile/dry_run_pending.py,src/mediapipeline/core/repair_reconcile/dry_run_support.py
mediapipeline.core.repair_reconcile.dry_run_support,mediapipeline.core.kernel.contracts.base,src/mediapipeline/core/repair_reconcile/dry_run_support.py,src/mediapipeline/core/kernel/contracts/base.py
mediapipeline.core.repair_reconcile.dry_run_support,mediapipeline.core.kernel.contracts.pending_publish,src/mediapipeline/core/repair_reconcile/dry_run_support.py,src/mediapipeline/core/kernel/contracts/pending_publish.py
mediapipeline.core.repair_reconcile.dry_run_support,mediapipeline.core.repair_reconcile.dry_run_contract,src/mediapipeline/core/repair_reconcile/dry_run_support.py,src/mediapipeline/core/repair_reconcile/dry_run_contract.py
mediapipeline.core.repair_reconcile.facade,mediapipeline.core.kernel.dto_commands,src/mediapipeline/core/repair_reconcile/facade.py,src/mediapipeline/core/kernel/dto_commands.py
mediapipeline.core.repair_reconcile.facade,mediapipeline.core.repair_reconcile.apply,src/mediapipeline/core/repair_reconcile/facade.py,src/mediapipeline/core/repair_reconcile/apply.py
mediapipeline.core.repair_reconcile.facade,mediapipeline.core.repair_reconcile.dry_run,src/mediapipeline/core/repair_reconcile/facade.py,src/mediapipeline/core/repair_reconcile/dry_run.py
mediapipeline.core.rerun.evidence,mediapipeline.core.paths.contracts,src/mediapipeline/core/rerun/evidence.py,src/mediapipeline/core/paths/contracts.py
mediapipeline.core.sample_validation.evidence,mediapipeline.core.sample_validation.readiness,src/mediapipeline/core/sample_validation/evidence.py,src/mediapipeline/core/sample_validation/readiness.py
mediapipeline.core.sample_validation.facade,mediapipeline.core.kernel.dto_commands,src/mediapipeline/core/sample_validation/facade.py,src/mediapipeline/core/kernel/dto_commands.py
mediapipeline.core.sample_validation.facade,mediapipeline.core.paths.contracts,src/mediapipeline/core/sample_validation/facade.py,src/mediapipeline/core/paths/contracts.py
mediapipeline.core.sample_validation.facade,mediapipeline.core.sample_validation.policy,src/mediapipeline/core/sample_validation/facade.py,src/mediapipeline/core/sample_validation/policy.py
mediapipeline.core.sample_validation.log_payload,mediapipeline.core.paths.contracts,src/mediapipeline/core/sample_validation/log_payload.py,src/mediapipeline/core/paths/contracts.py
mediapipeline.core.sample_validation.log_payload,mediapipeline.core.sample_validation.pilot_plan,src/mediapipeline/core/sample_validation/log_payload.py,src/mediapipeline/core/sample_validation/pilot_plan.py
mediapipeline.core.sample_validation.log_payload,mediapipeline.core.sample_validation.policy_alignment,src/mediapipeline/core/sample_validation/log_payload.py,src/mediapipeline/core/sample_validation/policy_alignment.py
mediapipeline.core.sample_validation.log_payload,mediapipeline.core.sample_validation.readiness,src/mediapipeline/core/sample_validation/log_payload.py,src/mediapipeline/core/sample_validation/readiness.py
mediapipeline.core.sample_validation.log_payload,mediapipeline.core.sample_validation.reconciliation,src/mediapipeline/core/sample_validation/log_payload.py,src/mediapipeline/core/sample_validation/reconciliation.py
mediapipeline.core.sample_validation.log_payload,mediapipeline.core.sample_validation.record,src/mediapipeline/core/sample_validation/log_payload.py,src/mediapipeline/core/sample_validation/record.py
mediapipeline.core.sample_validation.log_payload,mediapipeline.core.sample_validation.summary,src/mediapipeline/core/sample_validation/log_payload.py,src/mediapipeline/core/sample_validation/summary.py
mediapipeline.core.sample_validation.log_payload,mediapipeline.core.sample_validation.worksheet,src/mediapipeline/core/sample_validation/log_payload.py,src/mediapipeline/core/sample_validation/worksheet.py
mediapipeline.core.sample_validation.pilot_plan,mediapipeline.core.sample_validation.pilot_plan_projection,src/mediapipeline/core/sample_validation/pilot_plan.py,src/mediapipeline/core/sample_validation/pilot_plan_projection.py
mediapipeline.core.sample_validation.pilot_plan,mediapipeline.core.sample_validation.readiness,src/mediapipeline/core/sample_validation/pilot_plan.py,src/mediapipeline/core/sample_validation/readiness.py
mediapipeline.core.sample_validation.pilot_plan,mediapipeline.core.sample_validation.worksheet,src/mediapipeline/core/sample_validation/pilot_plan.py,src/mediapipeline/core/sample_validation/worksheet.py
mediapipeline.core.sample_validation.pilot_plan_projection,mediapipeline.core.sample_validation.readiness,src/mediapipeline/core/sample_validation/pilot_plan_projection.py,src/mediapipeline/core/sample_validation/readiness.py
mediapipeline.core.sample_validation.pilot_plan_projection,mediapipeline.core.sample_validation.worksheet,src/mediapipeline/core/sample_validation/pilot_plan_projection.py,src/mediapipeline/core/sample_validation/worksheet.py
mediapipeline.core.sample_validation.policy,mediapipeline.core.kernel.dto_commands,src/mediapipeline/core/sample_validation/policy.py,src/mediapipeline/core/kernel/dto_commands.py
mediapipeline.core.sample_validation.policy,mediapipeline.core.paths.contracts,src/mediapipeline/core/sample_validation/policy.py,src/mediapipeline/core/paths/contracts.py
mediapipeline.core.sample_validation.policy,mediapipeline.core.sample_validation.evidence,src/mediapipeline/core/sample_validation/policy.py,src/mediapipeline/core/sample_validation/evidence.py
mediapipeline.core.sample_validation.policy,mediapipeline.core.sample_validation.log_payload,src/mediapipeline/core/sample_validation/policy.py,src/mediapipeline/core/sample_validation/log_payload.py
mediapipeline.core.sample_validation.policy,mediapipeline.core.sample_validation.pilot_plan,src/mediapipeline/core/sample_validation/policy.py,src/mediapipeline/core/sample_validation/pilot_plan.py
mediapipeline.core.sample_validation.policy,mediapipeline.core.sample_validation.policy_alignment,src/mediapipeline/core/sample_validation/policy.py,src/mediapipeline/core/sample_validation/policy_alignment.py
mediapipeline.core.sample_validation.policy,mediapipeline.core.sample_validation.readiness,src/mediapipeline/core/sample_validation/policy.py,src/mediapipeline/core/sample_validation/readiness.py
mediapipeline.core.sample_validation.policy,mediapipeline.core.sample_validation.reconciliation,src/mediapipeline/core/sample_validation/policy.py,src/mediapipeline/core/sample_validation/reconciliation.py
mediapipeline.core.sample_validation.policy,mediapipeline.core.sample_validation.record,src/mediapipeline/core/sample_validation/policy.py,src/mediapipeline/core/sample_validation/record.py
mediapipeline.core.sample_validation.policy,mediapipeline.core.sample_validation.summary,src/mediapipeline/core/sample_validation/policy.py,src/mediapipeline/core/sample_validation/summary.py
mediapipeline.core.sample_validation.policy,mediapipeline.core.sample_validation.worksheet,src/mediapipeline/core/sample_validation/policy.py,src/mediapipeline/core/sample_validation/worksheet.py
mediapipeline.core.sample_validation.policy_alignment,mediapipeline.core.config.settings_facade,src/mediapipeline/core/sample_validation/policy_alignment.py,src/mediapipeline/core/config/settings_facade.py
mediapipeline.core.sample_validation.policy_alignment,mediapipeline.core.kernel.config_keys,src/mediapipeline/core/sample_validation/policy_alignment.py,src/mediapipeline/core/kernel/config_keys.py
mediapipeline.core.sample_validation.policy_alignment,mediapipeline.core.paths.contracts,src/mediapipeline/core/sample_validation/policy_alignment.py,src/mediapipeline/core/paths/contracts.py
mediapipeline.core.sample_validation.policy_alignment,mediapipeline.core.sample_validation.pilot_plan,src/mediapipeline/core/sample_validation/policy_alignment.py,src/mediapipeline/core/sample_validation/pilot_plan.py
mediapipeline.core.sample_validation.readiness,mediapipeline.core.kernel.config_keys,src/mediapipeline/core/sample_validation/readiness.py,src/mediapipeline/core/kernel/config_keys.py
mediapipeline.core.sample_validation.readiness,mediapipeline.core.paths.contracts,src/mediapipeline/core/sample_validation/readiness.py,src/mediapipeline/core/paths/contracts.py
mediapipeline.core.sample_validation.reconciliation,mediapipeline.core.paths.contracts,src/mediapipeline/core/sample_validation/reconciliation.py,src/mediapipeline/core/paths/contracts.py
mediapipeline.core.sample_validation.record,mediapipeline.core.kernel.config_keys,src/mediapipeline/core/sample_validation/record.py,src/mediapipeline/core/kernel/config_keys.py
mediapipeline.core.sample_validation.record,mediapipeline.core.paths.contracts,src/mediapipeline/core/sample_validation/record.py,src/mediapipeline/core/paths/contracts.py
mediapipeline.core.sample_validation.record,mediapipeline.core.sample_validation.evidence,src/mediapipeline/core/sample_validation/record.py,src/mediapipeline/core/sample_validation/evidence.py
mediapipeline.core.sample_validation.record,mediapipeline.core.sample_validation.pilot_plan,src/mediapipeline/core/sample_validation/record.py,src/mediapipeline/core/sample_validation/pilot_plan.py
mediapipeline.core.sample_validation.record,mediapipeline.core.sample_validation.summary,src/mediapipeline/core/sample_validation/record.py,src/mediapipeline/core/sample_validation/summary.py
mediapipeline.core.sample_validation.summary,mediapipeline.core.sample_validation.evidence,src/mediapipeline/core/sample_validation/summary.py,src/mediapipeline/core/sample_validation/evidence.py
mediapipeline.core.sample_validation.worksheet,mediapipeline.core.paths.contracts,src/mediapipeline/core/sample_validation/worksheet.py,src/mediapipeline/core/paths/contracts.py
mediapipeline.core.schedule.app_state,mediapipeline.core.schedule.file_io,src/mediapipeline/core/schedule/app_state.py,src/mediapipeline/core/schedule/file_io.py
mediapipeline.core.schedule.app_state,mediapipeline.core.schedule.grid,src/mediapipeline/core/schedule/app_state.py,src/mediapipeline/core/schedule/grid.py
mediapipeline.core.schedule.facade,mediapipeline.core.kernel.dto_base,src/mediapipeline/core/schedule/facade.py,src/mediapipeline/core/kernel/dto_base.py
mediapipeline.core.schedule.facade,mediapipeline.core.kernel.dto_commands,src/mediapipeline/core/schedule/facade.py,src/mediapipeline/core/kernel/dto_commands.py
mediapipeline.core.schedule.facade,mediapipeline.core.kernel.dto_workspaces,src/mediapipeline/core/schedule/facade.py,src/mediapipeline/core/kernel/dto_workspaces.py
mediapipeline.core.schedule.facade,mediapipeline.core.schedule.policy,src/mediapipeline/core/schedule/facade.py,src/mediapipeline/core/schedule/policy.py
mediapipeline.core.schedule.facade,mediapipeline.core.schedule.stop_watcher,src/mediapipeline/core/schedule/facade.py,src/mediapipeline/core/schedule/stop_watcher.py
mediapipeline.core.schedule.grid,mediapipeline.core.schedule.constants,src/mediapipeline/core/schedule/grid.py,src/mediapipeline/core/schedule/constants.py
mediapipeline.core.schedule.policy,mediapipeline.core.kernel.dto_commands,src/mediapipeline/core/schedule/policy.py,src/mediapipeline/core/kernel/dto_commands.py
mediapipeline.core.schedule.policy,mediapipeline.core.schedule.constants,src/mediapipeline/core/schedule/policy.py,src/mediapipeline/core/schedule/constants.py
mediapipeline.core.schedule.stop_watcher,mediapipeline.core.paths.contracts,src/mediapipeline/core/schedule/stop_watcher.py,src/mediapipeline/core/paths/contracts.py
mediapipeline.core.status.active_jobs,mediapipeline.core.kernel.contracts,src/mediapipeline/core/status/active_jobs.py,src/mediapipeline/core/kernel/contracts/__init__.py
mediapipeline.core.status.active_jobs,mediapipeline.core.status.file_io,src/mediapipeline/core/status/active_jobs.py,src/mediapipeline/core/status/file_io.py
mediapipeline.core.status.active_jobs,mediapipeline.core.status.progress,src/mediapipeline/core/status/active_jobs.py,src/mediapipeline/core/status/progress.py
mediapipeline.core.status.contracts,mediapipeline.core.paths.contracts,src/mediapipeline/core/status/contracts.py,src/mediapipeline/core/paths/contracts.py
mediapipeline.core.status.errors,mediapipeline.core.status.file_io,src/mediapipeline/core/status/errors.py,src/mediapipeline/core/status/file_io.py
mediapipeline.core.status.errors,mediapipeline.core.status.presentation,src/mediapipeline/core/status/errors.py,src/mediapipeline/core/status/presentation.py
mediapipeline.core.status.facade,mediapipeline.core.kernel.dto_status,src/mediapipeline/core/status/facade.py,src/mediapipeline/core/kernel/dto_status.py
mediapipeline.core.status.facade,mediapipeline.core.observability.status_policy,src/mediapipeline/core/status/facade.py,src/mediapipeline/core/observability/status_policy.py
mediapipeline.core.status.facade,mediapipeline.core.paths.contracts,src/mediapipeline/core/status/facade.py,src/mediapipeline/core/paths/contracts.py
mediapipeline.core.status.facade,mediapipeline.core.processes.path_evidence,src/mediapipeline/core/status/facade.py,src/mediapipeline/core/processes/path_evidence.py
mediapipeline.core.status.facade,mediapipeline.core.rename.policy,src/mediapipeline/core/status/facade.py,src/mediapipeline/core/rename/policy.py
mediapipeline.core.status.facade,mediapipeline.core.status.active_jobs,src/mediapipeline/core/status/facade.py,src/mediapipeline/core/status/active_jobs.py
mediapipeline.core.status.facade,mediapipeline.core.status.contracts,src/mediapipeline/core/status/facade.py,src/mediapipeline/core/status/contracts.py
mediapipeline.core.status.facade,mediapipeline.core.status.eta,src/mediapipeline/core/status/facade.py,src/mediapipeline/core/status/eta.py
mediapipeline.core.status.facade,mediapipeline.core.status.ffmpeg_progress,src/mediapipeline/core/status/facade.py,src/mediapipeline/core/status/ffmpeg_progress.py
mediapipeline.core.status.facade,mediapipeline.core.status.presentation,src/mediapipeline/core/status/facade.py,src/mediapipeline/core/status/presentation.py
mediapipeline.core.status.facade,mediapipeline.core.status.progress,src/mediapipeline/core/status/facade.py,src/mediapipeline/core/status/progress.py
mediapipeline.core.status.facade,mediapipeline.core.status.rerun_completion,src/mediapipeline/core/status/facade.py,src/mediapipeline/core/status/rerun_completion.py
mediapipeline.core.status.facade,mediapipeline.core.status.run_monitor,src/mediapipeline/core/status/facade.py,src/mediapipeline/core/status/run_monitor.py
mediapipeline.core.status.facade,mediapipeline.core.status.runtime_health,src/mediapipeline/core/status/facade.py,src/mediapipeline/core/status/runtime_health.py
mediapipeline.core.status.facade,mediapipeline.core.telemetry.contracts,src/mediapipeline/core/status/facade.py,src/mediapipeline/core/telemetry/contracts.py
mediapipeline.core.status.presentation,mediapipeline.core.status.events,src/mediapipeline/core/status/presentation.py,src/mediapipeline/core/status/events.py
mediapipeline.core.status.presentation,mediapipeline.core.status.presentation_labels,src/mediapipeline/core/status/presentation.py,src/mediapipeline/core/status/presentation_labels.py
mediapipeline.core.status.presentation,mediapipeline.core.status.presentation_lifecycle,src/mediapipeline/core/status/presentation.py,src/mediapipeline/core/status/presentation_lifecycle.py
mediapipeline.core.status.presentation,mediapipeline.core.status.presentation_progress,src/mediapipeline/core/status/presentation.py,src/mediapipeline/core/status/presentation_progress.py
mediapipeline.core.status.presentation_labels,mediapipeline.core.rename.movie,src/mediapipeline/core/status/presentation_labels.py,src/mediapipeline/core/rename/movie.py
mediapipeline.core.status.presentation_labels,mediapipeline.core.rename.tv,src/mediapipeline/core/status/presentation_labels.py,src/mediapipeline/core/rename/tv.py
mediapipeline.core.status.presentation_lifecycle,mediapipeline.core.status.events,src/mediapipeline/core/status/presentation_lifecycle.py,src/mediapipeline/core/status/events.py
mediapipeline.core.status.presentation_lifecycle,mediapipeline.core.status.presentation_labels,src/mediapipeline/core/status/presentation_lifecycle.py,src/mediapipeline/core/status/presentation_labels.py
mediapipeline.core.status.presentation_lifecycle,mediapipeline.core.status.presentation_progress,src/mediapipeline/core/status/presentation_lifecycle.py,src/mediapipeline/core/status/presentation_progress.py
mediapipeline.core.status.presentation_progress,mediapipeline.core.status.events,src/mediapipeline/core/status/presentation_progress.py,src/mediapipeline/core/status/events.py
mediapipeline.core.status.presentation_progress,mediapipeline.core.status.presentation_labels,src/mediapipeline/core/status/presentation_progress.py,src/mediapipeline/core/status/presentation_labels.py
mediapipeline.core.status.readers,mediapipeline.core.kernel.contracts,src/mediapipeline/core/status/readers.py,src/mediapipeline/core/kernel/contracts/__init__.py
mediapipeline.core.status.readers,mediapipeline.core.status.contracts,src/mediapipeline/core/status/readers.py,src/mediapipeline/core/status/contracts.py
mediapipeline.core.status.readers,mediapipeline.core.status.file_io,src/mediapipeline/core/status/readers.py,src/mediapipeline/core/status/file_io.py
mediapipeline.core.status.rerun_completion,mediapipeline.core.paths.contracts,src/mediapipeline/core/status/rerun_completion.py,src/mediapipeline/core/paths/contracts.py
mediapipeline.core.status.rerun_completion,mediapipeline.core.processes.rerun_results,src/mediapipeline/core/status/rerun_completion.py,src/mediapipeline/core/processes/rerun_results.py
mediapipeline.core.status.rerun_progress,mediapipeline.core.paths.contracts,src/mediapipeline/core/status/rerun_progress.py,src/mediapipeline/core/paths/contracts.py
mediapipeline.core.status.rerun_progress,mediapipeline.core.status.active_jobs,src/mediapipeline/core/status/rerun_progress.py,src/mediapipeline/core/status/active_jobs.py
mediapipeline.core.status.rerun_progress,mediapipeline.core.status.file_io,src/mediapipeline/core/status/rerun_progress.py,src/mediapipeline/core/status/file_io.py
mediapipeline.core.status.rerun_progress,mediapipeline.core.status.progress,src/mediapipeline/core/status/rerun_progress.py,src/mediapipeline/core/status/progress.py
mediapipeline.core.status.rerun_progress,mediapipeline.core.status.readers,src/mediapipeline/core/status/rerun_progress.py,src/mediapipeline/core/status/readers.py
mediapipeline.core.status.run_monitor,mediapipeline.contracts.run_monitor,src/mediapipeline/core/status/run_monitor.py,src/mediapipeline/contracts/run_monitor.py
mediapipeline.core.status.run_monitor,mediapipeline.core.kernel.contracts,src/mediapipeline/core/status/run_monitor.py,src/mediapipeline/core/kernel/contracts/__init__.py
mediapipeline.core.status.run_monitor,mediapipeline.core.status.active_jobs,src/mediapipeline/core/status/run_monitor.py,src/mediapipeline/core/status/active_jobs.py
mediapipeline.core.status.run_monitor,mediapipeline.core.status.run_monitor_storage,src/mediapipeline/core/status/run_monitor.py,src/mediapipeline/core/status/run_monitor_storage.py
mediapipeline.core.status.run_monitor_storage,mediapipeline.contracts.run_monitor,src/mediapipeline/core/status/run_monitor_storage.py,src/mediapipeline/contracts/run_monitor.py
mediapipeline.core.status.runtime_health,mediapipeline.core.status.active_jobs,src/mediapipeline/core/status/runtime_health.py,src/mediapipeline/core/status/active_jobs.py
mediapipeline.core.status.runtime_health,mediapipeline.core.status.progress,src/mediapipeline/core/status/runtime_health.py,src/mediapipeline/core/status/progress.py
mediapipeline.core.status.runtime_health,mediapipeline.core.storage.db,src/mediapipeline/core/status/runtime_health.py,src/mediapipeline/core/storage/db.py
mediapipeline.core.status.service,mediapipeline.core.observability.status_files,src/mediapipeline/core/status/service.py,src/mediapipeline/core/observability/status_files.py
mediapipeline.core.status.service,mediapipeline.core.paths.contracts,src/mediapipeline/core/status/service.py,src/mediapipeline/core/paths/contracts.py
mediapipeline.core.status.service,mediapipeline.core.rename.policy,src/mediapipeline/core/status/service.py,src/mediapipeline/core/rename/policy.py
mediapipeline.core.status.service,mediapipeline.core.status.active_jobs,src/mediapipeline/core/status/service.py,src/mediapipeline/core/status/active_jobs.py
mediapipeline.core.status.service,mediapipeline.core.status.contracts,src/mediapipeline/core/status/service.py,src/mediapipeline/core/status/contracts.py
mediapipeline.core.status.service,mediapipeline.core.status.errors,src/mediapipeline/core/status/service.py,src/mediapipeline/core/status/errors.py
mediapipeline.core.status.service,mediapipeline.core.status.presentation,src/mediapipeline/core/status/service.py,src/mediapipeline/core/status/presentation.py
mediapipeline.core.status.service,mediapipeline.core.status.progress,src/mediapipeline/core/status/service.py,src/mediapipeline/core/status/progress.py
mediapipeline.core.status.service,mediapipeline.core.status.readers,src/mediapipeline/core/status/service.py,src/mediapipeline/core/status/readers.py
mediapipeline.core.status.service,mediapipeline.core.status.snapshot_runner,src/mediapipeline/core/status/service.py,src/mediapipeline/core/status/snapshot_runner.py
mediapipeline.core.status.service,mediapipeline.core.status.summary,src/mediapipeline/core/status/service.py,src/mediapipeline/core/status/summary.py
mediapipeline.core.status.snapshot_runner,mediapipeline.core.paths.contracts,src/mediapipeline/core/status/snapshot_runner.py,src/mediapipeline/core/paths/contracts.py
mediapipeline.core.status.snapshot_runner,mediapipeline.core.status.contracts,src/mediapipeline/core/status/snapshot_runner.py,src/mediapipeline/core/status/contracts.py
mediapipeline.core.status.snapshot_runner,mediapipeline.core.status.rerun_progress,src/mediapipeline/core/status/snapshot_runner.py,src/mediapipeline/core/status/rerun_progress.py
mediapipeline.core.status.summary,mediapipeline.core.paths.contracts,src/mediapipeline/core/status/summary.py,src/mediapipeline/core/paths/contracts.py
mediapipeline.core.status.summary,mediapipeline.core.status.summary_sections,src/mediapipeline/core/status/summary.py,src/mediapipeline/core/status/summary_sections.py
mediapipeline.core.status.summary_sections,mediapipeline.core.paths.contracts,src/mediapipeline/core/status/summary_sections.py,src/mediapipeline/core/paths/contracts.py
mediapipeline.core.storage.state_migration,mediapipeline.core.storage.constants,src/mediapipeline/core/storage/state_migration.py,src/mediapipeline/core/storage/constants.py
mediapipeline.core.storage.state_migration,mediapipeline.core.storage.contracts,src/mediapipeline/core/storage/state_migration.py,src/mediapipeline/core/storage/contracts.py
mediapipeline.core.subtitles,mediapipeline.core.subtitles.qa,src/mediapipeline/core/subtitles/__init__.py,src/mediapipeline/core/subtitles/qa.py
mediapipeline.core.subtitles.facade,mediapipeline.core.completed.manifest,src/mediapipeline/core/subtitles/facade.py,src/mediapipeline/core/completed/manifest.py
mediapipeline.core.subtitles.facade,mediapipeline.core.paths.contracts,src/mediapipeline/core/subtitles/facade.py,src/mediapipeline/core/paths/contracts.py
mediapipeline.core.subtitles.facade,mediapipeline.core.subtitles.qa,src/mediapipeline/core/subtitles/facade.py,src/mediapipeline/core/subtitles/qa.py
mediapipeline.core.subtitles.qa,mediapipeline.contracts.subtitles,src/mediapipeline/core/subtitles/qa.py,src/mediapipeline/contracts/subtitles.py
mediapipeline.core.subtitles.stage,mediapipeline.contracts.stage_mutation,src/mediapipeline/core/subtitles/stage.py,src/mediapipeline/contracts/stage_mutation.py
mediapipeline.core.subtitles.stage,mediapipeline.core.paths.layout,src/mediapipeline/core/subtitles/stage.py,src/mediapipeline/core/paths/layout.py
mediapipeline.core.subtitles.stage,mediapipeline.pipeline.ass_to_srt.ass_events,src/mediapipeline/core/subtitles/stage.py,src/mediapipeline/pipeline/ass_to_srt/ass_events.py
mediapipeline.core.subtitles.stage,mediapipeline.pipeline.ass_to_srt.srt,src/mediapipeline/core/subtitles/stage.py,src/mediapipeline/pipeline/ass_to_srt/srt.py
mediapipeline.core.subtitles.stage,mediapipeline.pipeline.ass_to_srt.styles,src/mediapipeline/core/subtitles/stage.py,src/mediapipeline/pipeline/ass_to_srt/styles.py
mediapipeline.core.telemetry.gpu_usage,mediapipeline.core.telemetry.contracts,src/mediapipeline/core/telemetry/gpu_usage.py,src/mediapipeline/core/telemetry/contracts.py
mediapipeline.core.telemetry.health,mediapipeline.contracts.api_routes,src/mediapipeline/core/telemetry/health.py,src/mediapipeline/contracts/api_routes.py
mediapipeline.core.telemetry.health,mediapipeline.contracts.config,src/mediapipeline/core/telemetry/health.py,src/mediapipeline/contracts/config.py
mediapipeline.core.telemetry.health,mediapipeline.core.config.library_profiles,src/mediapipeline/core/telemetry/health.py,src/mediapipeline/core/config/library_profiles.py
mediapipeline.core.telemetry.health,mediapipeline.core.kernel.config_keys,src/mediapipeline/core/telemetry/health.py,src/mediapipeline/core/kernel/config_keys.py
mediapipeline.core.telemetry.health,mediapipeline.core.storage.db,src/mediapipeline/core/telemetry/health.py,src/mediapipeline/core/storage/db.py
mediapipeline.core.telemetry.nvidia,mediapipeline.core.telemetry.contracts,src/mediapipeline/core/telemetry/nvidia.py,src/mediapipeline/core/telemetry/contracts.py
mediapipeline.core.telemetry.service,mediapipeline.core.kernel.runtime.subprocess_runner,src/mediapipeline/core/telemetry/service.py,src/mediapipeline/core/kernel/runtime/subprocess_runner.py
mediapipeline.core.telemetry.service,mediapipeline.core.paths.contracts,src/mediapipeline/core/telemetry/service.py,src/mediapipeline/core/paths/contracts.py
mediapipeline.core.telemetry.service,mediapipeline.core.telemetry.contracts,src/mediapipeline/core/telemetry/service.py,src/mediapipeline/core/telemetry/contracts.py
mediapipeline.core.telemetry.service,mediapipeline.core.telemetry.health,src/mediapipeline/core/telemetry/service.py,src/mediapipeline/core/telemetry/health.py
mediapipeline.core.telemetry.service,mediapipeline.core.telemetry.nvidia,src/mediapipeline/core/telemetry/service.py,src/mediapipeline/core/telemetry/nvidia.py
mediapipeline.core.telemetry.service,mediapipeline.core.telemetry.system_metrics,src/mediapipeline/core/telemetry/service.py,src/mediapipeline/core/telemetry/system_metrics.py
mediapipeline.core.telemetry.system_metrics,mediapipeline.core.telemetry.contracts,src/mediapipeline/core/telemetry/system_metrics.py,src/mediapipeline/core/telemetry/contracts.py
mediapipeline.core.ui.preferences,mediapipeline.core.ui_preferences,src/mediapipeline/core/ui/preferences.py,src/mediapipeline/core/ui_preferences.py
mediapipeline.core.validation.boundary,mediapipeline.contracts.api_commands,src/mediapipeline/core/validation/boundary.py,src/mediapipeline/contracts/api_commands.py
mediapipeline.core.validation.boundary,mediapipeline.contracts.stages,src/mediapipeline/core/validation/boundary.py,src/mediapipeline/contracts/stages.py
mediapipeline.core.validation.state_json,mediapipeline.core.validation.strict_json,src/mediapipeline/core/validation/state_json.py,src/mediapipeline/core/validation/strict_json.py
mediapipeline.desktop,mediapipeline.tools.paths,src/mediapipeline/desktop/__init__.py,src/mediapipeline/tools/paths.py
mediapipeline.desktop,mediapipeline.tools.release_identity,src/mediapipeline/desktop/__init__.py,src/mediapipeline/tools/release_identity.py
mediapipeline.desktop.__main__,mediapipeline.desktop.local_api_main,src/mediapipeline/desktop/__main__.py,src/mediapipeline/desktop/local_api_main.py
mediapipeline.desktop.api,mediapipeline.desktop.api.contract,src/mediapipeline/desktop/api/__init__.py,src/mediapipeline/desktop/api/contract.py
mediapipeline.desktop.api,mediapipeline.desktop.api.server,src/mediapipeline/desktop/api/__init__.py,src/mediapipeline/desktop/api/server.py
mediapipeline.desktop.api.command_journal,mediapipeline.core.storage.db,src/mediapipeline/desktop/api/command_journal.py,src/mediapipeline/core/storage/db.py
mediapipeline.desktop.api.command_journal,mediapipeline.desktop.api.command_journal_policy,src/mediapipeline/desktop/api/command_journal.py,src/mediapipeline/desktop/api/command_journal_policy.py
mediapipeline.desktop.api.command_journal_policy,mediapipeline.core.network.url_policy,src/mediapipeline/desktop/api/command_journal_policy.py,src/mediapipeline/core/network/url_policy.py
mediapipeline.desktop.api.contract,mediapipeline.contracts.api_routes,src/mediapipeline/desktop/api/contract.py,src/mediapipeline/contracts/api_routes.py
mediapipeline.desktop.api.contract_command,mediapipeline.desktop.api.contract_command_file,src/mediapipeline/desktop/api/contract_command.py,src/mediapipeline/desktop/api/contract_command_file.py
mediapipeline.desktop.api.contract_command,mediapipeline.desktop.api.contract_command_network,src/mediapipeline/desktop/api/contract_command.py,src/mediapipeline/desktop/api/contract_command_network.py
mediapipeline.desktop.api.contract_command,mediapipeline.desktop.api.contract_command_operations,src/mediapipeline/desktop/api/contract_command.py,src/mediapipeline/desktop/api/contract_command_operations.py
mediapipeline.desktop.api.contract_command,mediapipeline.desktop.api.contract_command_process,src/mediapipeline/desktop/api/contract_command.py,src/mediapipeline/desktop/api/contract_command_process.py
mediapipeline.desktop.api.contract_command,mediapipeline.desktop.api.contract_command_settings_ui,src/mediapipeline/desktop/api/contract_command.py,src/mediapipeline/desktop/api/contract_command_settings_ui.py
mediapipeline.desktop.api.contract_command_operations,mediapipeline.contracts.api_commands,src/mediapipeline/desktop/api/contract_command_operations.py,src/mediapipeline/contracts/api_commands.py
mediapipeline.desktop.api.contract_payload,mediapipeline.desktop.api.contract,src/mediapipeline/desktop/api/contract_payload.py,src/mediapipeline/desktop/api/contract.py
mediapipeline.desktop.api.contract_payload,mediapipeline.desktop.api.contract_shared,src/mediapipeline/desktop/api/contract_payload.py,src/mediapipeline/desktop/api/contract_shared.py
mediapipeline.desktop.api.contract_read,mediapipeline.desktop.api.contract_shared,src/mediapipeline/desktop/api/contract_read.py,src/mediapipeline/desktop/api/contract_shared.py
mediapipeline.desktop.api.handler,mediapipeline.desktop.api.handler_policy,src/mediapipeline/desktop/api/handler.py,src/mediapipeline/desktop/api/handler_policy.py
mediapipeline.desktop.api.handler,mediapipeline.desktop.api.http_helpers,src/mediapipeline/desktop/api/handler.py,src/mediapipeline/desktop/api/http_helpers.py
mediapipeline.desktop.api.handler,mediapipeline.desktop.api.routes,src/mediapipeline/desktop/api/handler.py,src/mediapipeline/desktop/api/routes.py
mediapipeline.desktop.api.handler_policy,mediapipeline.desktop.api.command_journal_policy,src/mediapipeline/desktop/api/handler_policy.py,src/mediapipeline/desktop/api/command_journal_policy.py
mediapipeline.desktop.api.handler_policy,mediapipeline.desktop.api.contract_command,src/mediapipeline/desktop/api/handler_policy.py,src/mediapipeline/desktop/api/contract_command.py
mediapipeline.desktop.api.handler_policy,mediapipeline.desktop.api.http_helpers,src/mediapipeline/desktop/api/handler_policy.py,src/mediapipeline/desktop/api/http_helpers.py
mediapipeline.desktop.api.http_helpers,mediapipeline.core.validation.strict_json,src/mediapipeline/desktop/api/http_helpers.py,src/mediapipeline/core/validation/strict_json.py
mediapipeline.desktop.api.path_dialogs,mediapipeline.core.rename.input_classification,src/mediapipeline/desktop/api/path_dialogs.py,src/mediapipeline/core/rename/input_classification.py
mediapipeline.desktop.api.path_dialogs,mediapipeline.tools.paths,src/mediapipeline/desktop/api/path_dialogs.py,src/mediapipeline/tools/paths.py
mediapipeline.desktop.api.queue_source_path_policy,mediapipeline.core.processes.source_path_policy,src/mediapipeline/desktop/api/queue_source_path_policy.py,src/mediapipeline/core/processes/source_path_policy.py
mediapipeline.desktop.api.read_payloads,mediapipeline.desktop.api.read_payloads_inventory,src/mediapipeline/desktop/api/read_payloads.py,src/mediapipeline/desktop/api/read_payloads_inventory.py
mediapipeline.desktop.api.read_payloads,mediapipeline.desktop.api.read_payloads_libraries,src/mediapipeline/desktop/api/read_payloads.py,src/mediapipeline/desktop/api/read_payloads_libraries.py
mediapipeline.desktop.api.read_payloads,mediapipeline.desktop.api.read_payloads_rerun,src/mediapipeline/desktop/api/read_payloads.py,src/mediapipeline/desktop/api/read_payloads_rerun.py
mediapipeline.desktop.api.read_payloads,mediapipeline.desktop.api.read_payloads_status,src/mediapipeline/desktop/api/read_payloads.py,src/mediapipeline/desktop/api/read_payloads_status.py
mediapipeline.desktop.api.read_payloads,mediapipeline.desktop.api.read_payloads_workspace,src/mediapipeline/desktop/api/read_payloads.py,src/mediapipeline/desktop/api/read_payloads_workspace.py
mediapipeline.desktop.api.read_payloads_inventory,mediapipeline.core.failures.artifacts,src/mediapipeline/desktop/api/read_payloads_inventory.py,src/mediapipeline/core/failures/artifacts.py
mediapipeline.desktop.api.read_payloads_inventory,mediapipeline.core.metrics.policy,src/mediapipeline/desktop/api/read_payloads_inventory.py,src/mediapipeline/core/metrics/policy.py
mediapipeline.desktop.api.read_payloads_inventory,mediapipeline.core.publish.reconciliation_policy,src/mediapipeline/desktop/api/read_payloads_inventory.py,src/mediapipeline/core/publish/reconciliation_policy.py
mediapipeline.desktop.api.read_payloads_inventory,mediapipeline.desktop.api.http_helpers,src/mediapipeline/desktop/api/read_payloads_inventory.py,src/mediapipeline/desktop/api/http_helpers.py
mediapipeline.desktop.api.read_payloads_inventory,mediapipeline.desktop.api.read_payloads_policy,src/mediapipeline/desktop/api/read_payloads_inventory.py,src/mediapipeline/desktop/api/read_payloads_policy.py
mediapipeline.desktop.api.read_payloads_libraries,mediapipeline.desktop.api.http_helpers,src/mediapipeline/desktop/api/read_payloads_libraries.py,src/mediapipeline/desktop/api/http_helpers.py
mediapipeline.desktop.api.read_payloads_libraries,mediapipeline.desktop.api.read_payloads_policy,src/mediapipeline/desktop/api/read_payloads_libraries.py,src/mediapipeline/desktop/api/read_payloads_policy.py
mediapipeline.desktop.api.read_payloads_rerun,mediapipeline.core.api.command_results,src/mediapipeline/desktop/api/read_payloads_rerun.py,src/mediapipeline/core/api/command_results.py
mediapipeline.desktop.api.read_payloads_rerun,mediapipeline.core.processes.rerun_results,src/mediapipeline/desktop/api/read_payloads_rerun.py,src/mediapipeline/core/processes/rerun_results.py
mediapipeline.desktop.api.read_payloads_status,mediapipeline.core.status.run_monitor,src/mediapipeline/desktop/api/read_payloads_status.py,src/mediapipeline/core/status/run_monitor.py
mediapipeline.desktop.api.read_payloads_status,mediapipeline.core.status.run_monitor_storage,src/mediapipeline/desktop/api/read_payloads_status.py,src/mediapipeline/core/status/run_monitor_storage.py
mediapipeline.desktop.api.read_payloads_status,mediapipeline.desktop.api.contract_payload,src/mediapipeline/desktop/api/read_payloads_status.py,src/mediapipeline/desktop/api/contract_payload.py
mediapipeline.desktop.api.read_payloads_status,mediapipeline.desktop.api.http_helpers,src/mediapipeline/desktop/api/read_payloads_status.py,src/mediapipeline/desktop/api/http_helpers.py
mediapipeline.desktop.api.read_payloads_status,mediapipeline.desktop.api.read_payloads_policy,src/mediapipeline/desktop/api/read_payloads_status.py,src/mediapipeline/desktop/api/read_payloads_policy.py
mediapipeline.desktop.api.read_payloads_status,mediapipeline.desktop.watch,src/mediapipeline/desktop/api/read_payloads_status.py,src/mediapipeline/desktop/watch/__init__.py
mediapipeline.desktop.api.read_payloads_workspace,mediapipeline.core.maintenance.change_ledger,src/mediapipeline/desktop/api/read_payloads_workspace.py,src/mediapipeline/core/maintenance/change_ledger.py
mediapipeline.desktop.api.read_payloads_workspace,mediapipeline.core.rename.policy,src/mediapipeline/desktop/api/read_payloads_workspace.py,src/mediapipeline/core/rename/policy.py
mediapipeline.desktop.api.read_payloads_workspace,mediapipeline.desktop.api.http_helpers,src/mediapipeline/desktop/api/read_payloads_workspace.py,src/mediapipeline/desktop/api/http_helpers.py
mediapipeline.desktop.api.read_payloads_workspace,mediapipeline.desktop.api.read_payloads_policy,src/mediapipeline/desktop/api/read_payloads_workspace.py,src/mediapipeline/desktop/api/read_payloads_policy.py
mediapipeline.desktop.api.routes,mediapipeline.desktop.api.routes_command,src/mediapipeline/desktop/api/routes.py,src/mediapipeline/desktop/api/routes_command.py
mediapipeline.desktop.api.routes,mediapipeline.desktop.api.routes_read,src/mediapipeline/desktop/api/routes.py,src/mediapipeline/desktop/api/routes_read.py
mediapipeline.desktop.api.routes,mediapipeline.desktop.api.routes_shared,src/mediapipeline/desktop/api/routes.py,src/mediapipeline/desktop/api/routes_shared.py
mediapipeline.desktop.api.routes_command,mediapipeline.core.api.commands,src/mediapipeline/desktop/api/routes_command.py,src/mediapipeline/core/api/commands.py
mediapipeline.desktop.api.routes_command,mediapipeline.desktop.api.routes_shared,src/mediapipeline/desktop/api/routes_command.py,src/mediapipeline/desktop/api/routes_shared.py
mediapipeline.desktop.api.routes_read,mediapipeline.desktop.api.routes_shared,src/mediapipeline/desktop/api/routes_read.py,src/mediapipeline/desktop/api/routes_shared.py
mediapipeline.desktop.api.server,mediapipeline.core.api.command_handlers,src/mediapipeline/desktop/api/server.py,src/mediapipeline/core/api/command_handlers.py
mediapipeline.desktop.api.server,mediapipeline.core.processes.lifecycle_lease,src/mediapipeline/desktop/api/server.py,src/mediapipeline/core/processes/lifecycle_lease.py
mediapipeline.desktop.api.server,mediapipeline.core.validation.boundary,src/mediapipeline/desktop/api/server.py,src/mediapipeline/core/validation/boundary.py
mediapipeline.desktop.api.server,mediapipeline.desktop.api.command_journal,src/mediapipeline/desktop/api/server.py,src/mediapipeline/desktop/api/command_journal.py
mediapipeline.desktop.api.server,mediapipeline.desktop.api.handler,src/mediapipeline/desktop/api/server.py,src/mediapipeline/desktop/api/handler.py
mediapipeline.desktop.api.server,mediapipeline.desktop.api.http_helpers,src/mediapipeline/desktop/api/server.py,src/mediapipeline/desktop/api/http_helpers.py
mediapipeline.desktop.api.server,mediapipeline.desktop.api.path_dialogs,src/mediapipeline/desktop/api/server.py,src/mediapipeline/desktop/api/path_dialogs.py
mediapipeline.desktop.api.server,mediapipeline.desktop.api.read_payloads,src/mediapipeline/desktop/api/server.py,src/mediapipeline/desktop/api/read_payloads.py
mediapipeline.desktop.api.server,mediapipeline.desktop.api.static_files,src/mediapipeline/desktop/api/server.py,src/mediapipeline/desktop/api/static_files.py
mediapipeline.desktop.api.server,mediapipeline.desktop.application,src/mediapipeline/desktop/api/server.py,src/mediapipeline/desktop/application/__init__.py
mediapipeline.desktop.api.server,mediapipeline.desktop.models,src/mediapipeline/desktop/api/server.py,src/mediapipeline/desktop/models.py
mediapipeline.desktop.api.static_files,mediapipeline.desktop.api.http_helpers,src/mediapipeline/desktop/api/static_files.py,src/mediapipeline/desktop/api/http_helpers.py
mediapipeline.desktop.api.static_files,mediapipeline.desktop.api.static_files_policy,src/mediapipeline/desktop/api/static_files.py,src/mediapipeline/desktop/api/static_files_policy.py
mediapipeline.desktop.api.static_files,mediapipeline.tools.paths,src/mediapipeline/desktop/api/static_files.py,src/mediapipeline/tools/paths.py
mediapipeline.desktop.api.static_files_policy,mediapipeline.desktop.api.handler_policy,src/mediapipeline/desktop/api/static_files_policy.py,src/mediapipeline/desktop/api/handler_policy.py
mediapipeline.desktop.application,mediapipeline.desktop.application.dto,src/mediapipeline/desktop/application/__init__.py,src/mediapipeline/desktop/application/dto.py
mediapipeline.desktop.application,mediapipeline.desktop.application.facade,src/mediapipeline/desktop/application/__init__.py,src/mediapipeline/desktop/application/facade.py
mediapipeline.desktop.application.dto,mediapipeline.core.kernel.dto,src/mediapipeline/desktop/application/dto.py,src/mediapipeline/core/kernel/dto.py
mediapipeline.desktop.application.dto_base,mediapipeline.core.kernel.dto_base,src/mediapipeline/desktop/application/dto_base.py,src/mediapipeline/core/kernel/dto_base.py
mediapipeline.desktop.application.dto_commands,mediapipeline.core.kernel.dto_commands,src/mediapipeline/desktop/application/dto_commands.py,src/mediapipeline/core/kernel/dto_commands.py
mediapipeline.desktop.application.dto_inventory,mediapipeline.core.kernel.dto_inventory,src/mediapipeline/desktop/application/dto_inventory.py,src/mediapipeline/core/kernel/dto_inventory.py
mediapipeline.desktop.application.dto_status,mediapipeline.core.kernel.dto_status,src/mediapipeline/desktop/application/dto_status.py,src/mediapipeline/core/kernel/dto_status.py
mediapipeline.desktop.application.dto_workspaces,mediapipeline.core.kernel.dto_workspaces,src/mediapipeline/desktop/application/dto_workspaces.py,src/mediapipeline/core/kernel/dto_workspaces.py
mediapipeline.desktop.application.facade,mediapipeline.core.application.utilities,src/mediapipeline/desktop/application/facade.py,src/mediapipeline/core/application/utilities.py
mediapipeline.desktop.application.facade,mediapipeline.core.audit.facade,src/mediapipeline/desktop/application/facade.py,src/mediapipeline/core/audit/facade.py
mediapipeline.desktop.application.facade,mediapipeline.core.completed.facade,src/mediapipeline/desktop/application/facade.py,src/mediapipeline/core/completed/facade.py
mediapipeline.desktop.application.facade,mediapipeline.core.completed.open_facade,src/mediapipeline/desktop/application/facade.py,src/mediapipeline/core/completed/open_facade.py
mediapipeline.desktop.application.facade,mediapipeline.core.config.preset_library,src/mediapipeline/desktop/application/facade.py,src/mediapipeline/core/config/preset_library.py
mediapipeline.desktop.application.facade,mediapipeline.core.config.settings_facade,src/mediapipeline/desktop/application/facade.py,src/mediapipeline/core/config/settings_facade.py
mediapipeline.desktop.application.facade,mediapipeline.core.config.settings_helpers_facade,src/mediapipeline/desktop/application/facade.py,src/mediapipeline/core/config/settings_helpers_facade.py
mediapipeline.desktop.application.facade,mediapipeline.core.config.settings_patch_candidate_facade,src/mediapipeline/desktop/application/facade.py,src/mediapipeline/core/config/settings_patch_candidate_facade.py
mediapipeline.desktop.application.facade,mediapipeline.core.config.settings_risk_facade,src/mediapipeline/desktop/application/facade.py,src/mediapipeline/core/config/settings_risk_facade.py
mediapipeline.desktop.application.facade,mediapipeline.core.config.settings_wizard_facade,src/mediapipeline/desktop/application/facade.py,src/mediapipeline/core/config/settings_wizard_facade.py
mediapipeline.desktop.application.facade,mediapipeline.core.diagnostics.facade,src/mediapipeline/desktop/application/facade.py,src/mediapipeline/core/diagnostics/facade.py
mediapipeline.desktop.application.facade,mediapipeline.core.diagnostics.tdarr_matrix_audit_facade,src/mediapipeline/desktop/application/facade.py,src/mediapipeline/core/diagnostics/tdarr_matrix_audit_facade.py
mediapipeline.desktop.application.facade,mediapipeline.core.failures.facade,src/mediapipeline/desktop/application/facade.py,src/mediapipeline/core/failures/facade.py
mediapipeline.desktop.application.facade,mediapipeline.core.final_library.facade,src/mediapipeline/desktop/application/facade.py,src/mediapipeline/core/final_library/facade.py
mediapipeline.desktop.application.facade,mediapipeline.core.library.facade,src/mediapipeline/desktop/application/facade.py,src/mediapipeline/core/library/facade.py
mediapipeline.desktop.application.facade,mediapipeline.core.maintenance.backfill_facade,src/mediapipeline/desktop/application/facade.py,src/mediapipeline/core/maintenance/backfill_facade.py
mediapipeline.desktop.application.facade,mediapipeline.core.maintenance.commands_facade,src/mediapipeline/desktop/application/facade.py,src/mediapipeline/core/maintenance/commands_facade.py
mediapipeline.desktop.application.facade,mediapipeline.core.maintenance.dependency_atlas_facade,src/mediapipeline/desktop/application/facade.py,src/mediapipeline/core/maintenance/dependency_atlas_facade.py
mediapipeline.desktop.application.facade,mediapipeline.core.maintenance.facade,src/mediapipeline/desktop/application/facade.py,src/mediapipeline/core/maintenance/facade.py
mediapipeline.desktop.application.facade,mediapipeline.core.maintenance.release_facade,src/mediapipeline/desktop/application/facade.py,src/mediapipeline/core/maintenance/release_facade.py
mediapipeline.desktop.application.facade,mediapipeline.core.maintenance.retention_facade,src/mediapipeline/desktop/application/facade.py,src/mediapipeline/core/maintenance/retention_facade.py
mediapipeline.desktop.application.facade,mediapipeline.core.maintenance.state_journal_archive_facade,src/mediapipeline/desktop/application/facade.py,src/mediapipeline/core/maintenance/state_journal_archive_facade.py
mediapipeline.desktop.application.facade,mediapipeline.core.metrics.facade,src/mediapipeline/desktop/application/facade.py,src/mediapipeline/core/metrics/facade.py
mediapipeline.desktop.application.facade,mediapipeline.core.network.facade,src/mediapipeline/desktop/application/facade.py,src/mediapipeline/core/network/facade.py
mediapipeline.desktop.application.facade,mediapipeline.core.network.lifecycle_facade,src/mediapipeline/desktop/application/facade.py,src/mediapipeline/core/network/lifecycle_facade.py
mediapipeline.desktop.application.facade,mediapipeline.core.orchestration.settings_patch_facade,src/mediapipeline/desktop/application/facade.py,src/mediapipeline/core/orchestration/settings_patch_facade.py
mediapipeline.desktop.application.facade,mediapipeline.core.processes.audit_facade,src/mediapipeline/desktop/application/facade.py,src/mediapipeline/core/processes/audit_facade.py
mediapipeline.desktop.application.facade,mediapipeline.core.processes.control_facade,src/mediapipeline/desktop/application/facade.py,src/mediapipeline/core/processes/control_facade.py
mediapipeline.desktop.application.facade,mediapipeline.core.processes.guard_facade,src/mediapipeline/desktop/application/facade.py,src/mediapipeline/core/processes/guard_facade.py
mediapipeline.desktop.application.facade,mediapipeline.core.processes.lifecycle_reconciliation_facade,src/mediapipeline/desktop/application/facade.py,src/mediapipeline/core/processes/lifecycle_reconciliation_facade.py
mediapipeline.desktop.application.facade,mediapipeline.core.processes.pipeline_facade,src/mediapipeline/desktop/application/facade.py,src/mediapipeline/core/processes/pipeline_facade.py
mediapipeline.desktop.application.facade,mediapipeline.core.processes.preflight_facade,src/mediapipeline/desktop/application/facade.py,src/mediapipeline/core/processes/preflight_facade.py
mediapipeline.desktop.application.facade,mediapipeline.core.processes.recovery,src/mediapipeline/desktop/application/facade.py,src/mediapipeline/core/processes/recovery.py
mediapipeline.desktop.application.facade,mediapipeline.core.processes.rerun_facade,src/mediapipeline/desktop/application/facade.py,src/mediapipeline/core/processes/rerun_facade.py
mediapipeline.desktop.application.facade,mediapipeline.core.processes.schedule_facade,src/mediapipeline/desktop/application/facade.py,src/mediapipeline/core/processes/schedule_facade.py
mediapipeline.desktop.application.facade,mediapipeline.core.publish.pending_facade,src/mediapipeline/desktop/application/facade.py,src/mediapipeline/core/publish/pending_facade.py
mediapipeline.desktop.application.facade,mediapipeline.core.publish.reconciliation_facade,src/mediapipeline/desktop/application/facade.py,src/mediapipeline/core/publish/reconciliation_facade.py
mediapipeline.desktop.application.facade,mediapipeline.core.queue.facade,src/mediapipeline/desktop/application/facade.py,src/mediapipeline/core/queue/facade.py
mediapipeline.desktop.application.facade,mediapipeline.core.queue.source_inventory,src/mediapipeline/desktop/application/facade.py,src/mediapipeline/core/queue/source_inventory.py
mediapipeline.desktop.application.facade,mediapipeline.core.rename.facade,src/mediapipeline/desktop/application/facade.py,src/mediapipeline/core/rename/facade.py
mediapipeline.desktop.application.facade,mediapipeline.core.repair_reconcile.facade,src/mediapipeline/desktop/application/facade.py,src/mediapipeline/core/repair_reconcile/facade.py
mediapipeline.desktop.application.facade,mediapipeline.core.sample_validation.facade,src/mediapipeline/desktop/application/facade.py,src/mediapipeline/core/sample_validation/facade.py
mediapipeline.desktop.application.facade,mediapipeline.core.schedule.facade,src/mediapipeline/desktop/application/facade.py,src/mediapipeline/core/schedule/facade.py
mediapipeline.desktop.application.facade,mediapipeline.core.status.facade,src/mediapipeline/desktop/application/facade.py,src/mediapipeline/core/status/facade.py
mediapipeline.desktop.application.facade,mediapipeline.core.subtitles.facade,src/mediapipeline/desktop/application/facade.py,src/mediapipeline/core/subtitles/facade.py
mediapipeline.desktop.application.facade,mediapipeline.desktop,src/mediapipeline/desktop/application/facade.py,src/mediapipeline/desktop/__init__.py
mediapipeline.desktop.application.facade,mediapipeline.desktop.application.network_lifecycle_provider,src/mediapipeline/desktop/application/facade.py,src/mediapipeline/desktop/application/network_lifecycle_provider.py
mediapipeline.desktop.application.facade,mediapipeline.desktop.application.schedule_stop_watcher,src/mediapipeline/desktop/application/facade.py,src/mediapipeline/desktop/application/schedule_stop_watcher.py
mediapipeline.desktop.application.facade,mediapipeline.desktop.network.mdns,src/mediapipeline/desktop/application/facade.py,src/mediapipeline/desktop/network/mdns.py
mediapipeline.desktop.application.facade,mediapipeline.desktop.network.probe,src/mediapipeline/desktop/application/facade.py,src/mediapipeline/desktop/network/probe.py
mediapipeline.desktop.application.facade,mediapipeline.desktop.network.rerun_claims,src/mediapipeline/desktop/application/facade.py,src/mediapipeline/desktop/network/rerun_claims.py
mediapipeline.desktop.application.facade,mediapipeline.desktop.watch,src/mediapipeline/desktop/application/facade.py,src/mediapipeline/desktop/watch/__init__.py
mediapipeline.desktop.application.network_lifecycle_provider,mediapipeline.core.kernel.config_keys,src/mediapipeline/desktop/application/network_lifecycle_provider.py,src/mediapipeline/core/kernel/config_keys.py
mediapipeline.desktop.application.network_lifecycle_provider,mediapipeline.core.kernel.models,src/mediapipeline/desktop/application/network_lifecycle_provider.py,src/mediapipeline/core/kernel/models.py
mediapipeline.desktop.application.network_lifecycle_provider,mediapipeline.core.network.url_policy,src/mediapipeline/desktop/application/network_lifecycle_provider.py,src/mediapipeline/core/network/url_policy.py
mediapipeline.desktop.application.network_lifecycle_provider,mediapipeline.core.processes.pipeline_policy,src/mediapipeline/desktop/application/network_lifecycle_provider.py,src/mediapipeline/core/processes/pipeline_policy.py
mediapipeline.desktop.application.network_lifecycle_provider,mediapipeline.desktop.network.coordinator,src/mediapipeline/desktop/application/network_lifecycle_provider.py,src/mediapipeline/desktop/network/coordinator.py
mediapipeline.desktop.application.network_lifecycle_provider,mediapipeline.desktop.network.failure_reasons,src/mediapipeline/desktop/application/network_lifecycle_provider.py,src/mediapipeline/desktop/network/failure_reasons.py
mediapipeline.desktop.application.network_lifecycle_provider,mediapipeline.desktop.network.processing_policy,src/mediapipeline/desktop/application/network_lifecycle_provider.py,src/mediapipeline/desktop/network/processing_policy.py
mediapipeline.desktop.application.network_lifecycle_provider,mediapipeline.desktop.network.registry,src/mediapipeline/desktop/application/network_lifecycle_provider.py,src/mediapipeline/desktop/network/registry.py
mediapipeline.desktop.application.network_lifecycle_provider,mediapipeline.desktop.network.worker,src/mediapipeline/desktop/application/network_lifecycle_provider.py,src/mediapipeline/desktop/network/worker.py
mediapipeline.desktop.application.runtime_outcomes,mediapipeline.core.observability.runtime_outcomes,src/mediapipeline/desktop/application/runtime_outcomes.py,src/mediapipeline/core/observability/runtime_outcomes.py
mediapipeline.desktop.application.sample_validation,mediapipeline.desktop.application.sample_validation.evidence,src/mediapipeline/desktop/application/sample_validation/__init__.py,src/mediapipeline/desktop/application/sample_validation/evidence.py
mediapipeline.desktop.application.sample_validation,mediapipeline.desktop.application.sample_validation.log_payload,src/mediapipeline/desktop/application/sample_validation/__init__.py,src/mediapipeline/desktop/application/sample_validation/log_payload.py
mediapipeline.desktop.application.sample_validation,mediapipeline.desktop.application.sample_validation.pilot_plan,src/mediapipeline/desktop/application/sample_validation/__init__.py,src/mediapipeline/desktop/application/sample_validation/pilot_plan.py
mediapipeline.desktop.application.sample_validation,mediapipeline.desktop.application.sample_validation.policy_alignment,src/mediapipeline/desktop/application/sample_validation/__init__.py,src/mediapipeline/desktop/application/sample_validation/policy_alignment.py
mediapipeline.desktop.application.sample_validation,mediapipeline.desktop.application.sample_validation.readiness,src/mediapipeline/desktop/application/sample_validation/__init__.py,src/mediapipeline/desktop/application/sample_validation/readiness.py
mediapipeline.desktop.application.sample_validation,mediapipeline.desktop.application.sample_validation.reconciliation,src/mediapipeline/desktop/application/sample_validation/__init__.py,src/mediapipeline/desktop/application/sample_validation/reconciliation.py
mediapipeline.desktop.application.sample_validation,mediapipeline.desktop.application.sample_validation.summary,src/mediapipeline/desktop/application/sample_validation/__init__.py,src/mediapipeline/desktop/application/sample_validation/summary.py
mediapipeline.desktop.application.sample_validation,mediapipeline.desktop.application.sample_validation.worksheet,src/mediapipeline/desktop/application/sample_validation/__init__.py,src/mediapipeline/desktop/application/sample_validation/worksheet.py
mediapipeline.desktop.application.sample_validation.evidence,mediapipeline.core.sample_validation.evidence,src/mediapipeline/desktop/application/sample_validation/evidence.py,src/mediapipeline/core/sample_validation/evidence.py
mediapipeline.desktop.application.sample_validation.log_payload,mediapipeline.core.sample_validation.log_payload,src/mediapipeline/desktop/application/sample_validation/log_payload.py,src/mediapipeline/core/sample_validation/log_payload.py
mediapipeline.desktop.application.sample_validation.pilot_plan,mediapipeline.core.sample_validation.pilot_plan,src/mediapipeline/desktop/application/sample_validation/pilot_plan.py,src/mediapipeline/core/sample_validation/pilot_plan.py
mediapipeline.desktop.application.sample_validation.policy_alignment,mediapipeline.core.sample_validation.policy_alignment,src/mediapipeline/desktop/application/sample_validation/policy_alignment.py,src/mediapipeline/core/sample_validation/policy_alignment.py
mediapipeline.desktop.application.sample_validation.readiness,mediapipeline.core.sample_validation.readiness,src/mediapipeline/desktop/application/sample_validation/readiness.py,src/mediapipeline/core/sample_validation/readiness.py
mediapipeline.desktop.application.sample_validation.reconciliation,mediapipeline.core.paths.contracts,src/mediapipeline/desktop/application/sample_validation/reconciliation.py,src/mediapipeline/core/paths/contracts.py
mediapipeline.desktop.application.sample_validation.reconciliation,mediapipeline.core.sample_validation.reconciliation,src/mediapipeline/desktop/application/sample_validation/reconciliation.py,src/mediapipeline/core/sample_validation/reconciliation.py
mediapipeline.desktop.application.sample_validation.record,mediapipeline.core.sample_validation.record,src/mediapipeline/desktop/application/sample_validation/record.py,src/mediapipeline/core/sample_validation/record.py
mediapipeline.desktop.application.sample_validation.summary,mediapipeline.core.sample_validation.summary,src/mediapipeline/desktop/application/sample_validation/summary.py,src/mediapipeline/core/sample_validation/summary.py
mediapipeline.desktop.application.sample_validation.worksheet,mediapipeline.core.sample_validation.worksheet,src/mediapipeline/desktop/application/sample_validation/worksheet.py,src/mediapipeline/core/sample_validation/worksheet.py
mediapipeline.desktop.application.schedule_stop_watcher,mediapipeline.core.schedule.stop_watcher,src/mediapipeline/desktop/application/schedule_stop_watcher.py,src/mediapipeline/core/schedule/stop_watcher.py
mediapipeline.desktop.application.settings_risk_policy,mediapipeline.core.config.settings_risk_policy,src/mediapipeline/desktop/application/settings_risk_policy.py,src/mediapipeline/core/config/settings_risk_policy.py
mediapipeline.desktop.application.settings_risk_policy_rules,mediapipeline.core.config.settings_risk_policy_rules,src/mediapipeline/desktop/application/settings_risk_policy_rules.py,src/mediapipeline/core/config/settings_risk_policy_rules.py
mediapipeline.desktop.config_keys,mediapipeline.core.kernel.config_keys,src/mediapipeline/desktop/config_keys.py,src/mediapipeline/core/kernel/config_keys.py
mediapipeline.desktop.contracts,mediapipeline.core.kernel.contracts,src/mediapipeline/desktop/contracts/__init__.py,src/mediapipeline/core/kernel/contracts/__init__.py
mediapipeline.desktop.contracts.active_job,mediapipeline.core.kernel.contracts.active_job,src/mediapipeline/desktop/contracts/active_job.py,src/mediapipeline/core/kernel/contracts/active_job.py
mediapipeline.desktop.contracts.base,mediapipeline.core.kernel.contracts.base,src/mediapipeline/desktop/contracts/base.py,src/mediapipeline/core/kernel/contracts/base.py
mediapipeline.desktop.contracts.completed_job,mediapipeline.core.kernel.contracts.completed_job,src/mediapipeline/desktop/contracts/completed_job.py,src/mediapipeline/core/kernel/contracts/completed_job.py
mediapipeline.desktop.contracts.control_flag,mediapipeline.core.kernel.contracts.control_flag,src/mediapipeline/desktop/contracts/control_flag.py,src/mediapipeline/core/kernel/contracts/control_flag.py
mediapipeline.desktop.contracts.pending_publish,mediapipeline.core.kernel.contracts.pending_publish,src/mediapipeline/desktop/contracts/pending_publish.py,src/mediapipeline/core/kernel/contracts/pending_publish.py
mediapipeline.desktop.contracts.pipeline_events,mediapipeline.core.kernel.contracts.pipeline_events,src/mediapipeline/desktop/contracts/pipeline_events.py,src/mediapipeline/core/kernel/contracts/pipeline_events.py
mediapipeline.desktop.contracts.process_result,mediapipeline.core.kernel.contracts.process_result,src/mediapipeline/desktop/contracts/process_result.py,src/mediapipeline/core/kernel/contracts/process_result.py
mediapipeline.desktop.contracts.progress,mediapipeline.core.kernel.contracts.progress,src/mediapipeline/desktop/contracts/progress.py,src/mediapipeline/core/kernel/contracts/progress.py
mediapipeline.desktop.contracts.queue_snapshot,mediapipeline.core.kernel.contracts.queue_snapshot,src/mediapipeline/desktop/contracts/queue_snapshot.py,src/mediapipeline/core/kernel/contracts/queue_snapshot.py
mediapipeline.desktop.local_api_main,mediapipeline.core.api.file_overrides.remux_pilot,src/mediapipeline/desktop/local_api_main.py,src/mediapipeline/core/api/file_overrides/remux_pilot.py
mediapipeline.desktop.local_api_main,mediapipeline.core.config.identity,src/mediapipeline/desktop/local_api_main.py,src/mediapipeline/core/config/identity.py
mediapipeline.desktop.local_api_main,mediapipeline.core.config.recovery,src/mediapipeline/desktop/local_api_main.py,src/mediapipeline/core/config/recovery.py
mediapipeline.desktop.local_api_main,mediapipeline.core.processes.recovery,src/mediapipeline/desktop/local_api_main.py,src/mediapipeline/core/processes/recovery.py
mediapipeline.desktop.local_api_main,mediapipeline.core.processes.rerun_lifecycle,src/mediapipeline/desktop/local_api_main.py,src/mediapipeline/core/processes/rerun_lifecycle.py
mediapipeline.desktop.local_api_main,mediapipeline.desktop.api,src/mediapipeline/desktop/local_api_main.py,src/mediapipeline/desktop/api/__init__.py
mediapipeline.desktop.local_api_main,mediapipeline.desktop.api.http_helpers,src/mediapipeline/desktop/local_api_main.py,src/mediapipeline/desktop/api/http_helpers.py
mediapipeline.desktop.local_api_main,mediapipeline.desktop.application,src/mediapipeline/desktop/local_api_main.py,src/mediapipeline/desktop/application/__init__.py
mediapipeline.desktop.local_api_main,mediapipeline.desktop.backend_bootstrap,src/mediapipeline/desktop/local_api_main.py,src/mediapipeline/desktop/backend_bootstrap.py
mediapipeline.desktop.local_api_main,mediapipeline.desktop.backend_instance,src/mediapipeline/desktop/local_api_main.py,src/mediapipeline/desktop/backend_instance.py
mediapipeline.desktop.local_api_main,mediapipeline.desktop.models,src/mediapipeline/desktop/local_api_main.py,src/mediapipeline/desktop/models.py
mediapipeline.desktop.local_api_main,mediapipeline.desktop.services,src/mediapipeline/desktop/local_api_main.py,src/mediapipeline/desktop/services.py
mediapipeline.desktop.local_api_main,mediapipeline.tools.paths,src/mediapipeline/desktop/local_api_main.py,src/mediapipeline/tools/paths.py
mediapipeline.desktop.models,mediapipeline.core.audit.contracts,src/mediapipeline/desktop/models.py,src/mediapipeline/core/audit/contracts.py
mediapipeline.desktop.models,mediapipeline.core.completed.contracts,src/mediapipeline/desktop/models.py,src/mediapipeline/core/completed/contracts.py
mediapipeline.desktop.models,mediapipeline.core.config.contracts,src/mediapipeline/desktop/models.py,src/mediapipeline/core/config/contracts.py
mediapipeline.desktop.models,mediapipeline.core.failures.contracts,src/mediapipeline/desktop/models.py,src/mediapipeline/core/failures/contracts.py
mediapipeline.desktop.models,mediapipeline.core.kernel.models,src/mediapipeline/desktop/models.py,src/mediapipeline/core/kernel/models.py
mediapipeline.desktop.models,mediapipeline.core.paths.contracts,src/mediapipeline/desktop/models.py,src/mediapipeline/core/paths/contracts.py
mediapipeline.desktop.models,mediapipeline.core.queue.contracts,src/mediapipeline/desktop/models.py,src/mediapipeline/core/queue/contracts.py
mediapipeline.desktop.models,mediapipeline.core.status.contracts,src/mediapipeline/desktop/models.py,src/mediapipeline/core/status/contracts.py
mediapipeline.desktop.models,mediapipeline.core.telemetry.contracts,src/mediapipeline/desktop/models.py,src/mediapipeline/core/telemetry/contracts.py
mediapipeline.desktop.models_core,mediapipeline.core.config.contracts,src/mediapipeline/desktop/models_core.py,src/mediapipeline/core/config/contracts.py
mediapipeline.desktop.models_core,mediapipeline.core.kernel.models_core,src/mediapipeline/desktop/models_core.py,src/mediapipeline/core/kernel/models_core.py
mediapipeline.desktop.models_core,mediapipeline.core.paths.contracts,src/mediapipeline/desktop/models_core.py,src/mediapipeline/core/paths/contracts.py
mediapipeline.desktop.models_core,mediapipeline.core.status.contracts,src/mediapipeline/desktop/models_core.py,src/mediapipeline/core/status/contracts.py
mediapipeline.desktop.models_core,mediapipeline.core.telemetry.contracts,src/mediapipeline/desktop/models_core.py,src/mediapipeline/core/telemetry/contracts.py
mediapipeline.desktop.models_media_paths,mediapipeline.core.kernel.models_media_paths,src/mediapipeline/desktop/models_media_paths.py,src/mediapipeline/core/kernel/models_media_paths.py
mediapipeline.desktop.network,mediapipeline.core.processes.pipeline_policy,src/mediapipeline/desktop/network/__init__.py,src/mediapipeline/core/processes/pipeline_policy.py
mediapipeline.desktop.network,mediapipeline.desktop,src/mediapipeline/desktop/network/__init__.py,src/mediapipeline/desktop/__init__.py
mediapipeline.desktop.network,mediapipeline.desktop.network.coordinator,src/mediapipeline/desktop/network/__init__.py,src/mediapipeline/desktop/network/coordinator.py
mediapipeline.desktop.network,mediapipeline.desktop.network.dispatcher,src/mediapipeline/desktop/network/__init__.py,src/mediapipeline/desktop/network/dispatcher.py
mediapipeline.desktop.network,mediapipeline.desktop.network.standalone,src/mediapipeline/desktop/network/__init__.py,src/mediapipeline/desktop/network/standalone.py
mediapipeline.desktop.network,mediapipeline.desktop.network.worker,src/mediapipeline/desktop/network/__init__.py,src/mediapipeline/desktop/network/worker.py
mediapipeline.desktop.network.cluster_log,mediapipeline.core.network.url_policy,src/mediapipeline/desktop/network/cluster_log.py,src/mediapipeline/core/network/url_policy.py
mediapipeline.desktop.network.cluster_log,mediapipeline.desktop.network.identity,src/mediapipeline/desktop/network/cluster_log.py,src/mediapipeline/desktop/network/identity.py
mediapipeline.desktop.network.cluster_log,mediapipeline.desktop.network.protocol,src/mediapipeline/desktop/network/cluster_log.py,src/mediapipeline/desktop/network/protocol.py
mediapipeline.desktop.network.coordinator,mediapipeline.desktop,src/mediapipeline/desktop/network/coordinator.py,src/mediapipeline/desktop/__init__.py
mediapipeline.desktop.network.coordinator,mediapipeline.desktop.network.coordinator_auth,src/mediapipeline/desktop/network/coordinator.py,src/mediapipeline/desktop/network/coordinator_auth.py
mediapipeline.desktop.network.coordinator,mediapipeline.desktop.network.coordinator_http_handlers,src/mediapipeline/desktop/network/coordinator.py,src/mediapipeline/desktop/network/coordinator_http_handlers.py
mediapipeline.desktop.network.coordinator,mediapipeline.desktop.network.coordinator_lifecycle,src/mediapipeline/desktop/network/coordinator.py,src/mediapipeline/desktop/network/coordinator_lifecycle.py
mediapipeline.desktop.network.coordinator,mediapipeline.desktop.network.coordinator_parts.http_server,src/mediapipeline/desktop/network/coordinator.py,src/mediapipeline/desktop/network/coordinator_parts/http_server.py
mediapipeline.desktop.network.coordinator,mediapipeline.desktop.network.coordinator_policy,src/mediapipeline/desktop/network/coordinator.py,src/mediapipeline/desktop/network/coordinator_policy.py
mediapipeline.desktop.network.coordinator,mediapipeline.desktop.network.coordinator_queue,src/mediapipeline/desktop/network/coordinator.py,src/mediapipeline/desktop/network/coordinator_queue.py
mediapipeline.desktop.network.coordinator,mediapipeline.desktop.network.coordinator_state,src/mediapipeline/desktop/network/coordinator.py,src/mediapipeline/desktop/network/coordinator_state.py
mediapipeline.desktop.network.coordinator,mediapipeline.desktop.network.dispatcher,src/mediapipeline/desktop/network/coordinator.py,src/mediapipeline/desktop/network/dispatcher.py
mediapipeline.desktop.network.coordinator,mediapipeline.desktop.network.identity,src/mediapipeline/desktop/network/coordinator.py,src/mediapipeline/desktop/network/identity.py
mediapipeline.desktop.network.coordinator,mediapipeline.desktop.network.registry,src/mediapipeline/desktop/network/coordinator.py,src/mediapipeline/desktop/network/registry.py
mediapipeline.desktop.network.coordinator,mediapipeline.desktop.network.rerun_claims,src/mediapipeline/desktop/network/coordinator.py,src/mediapipeline/desktop/network/rerun_claims.py
mediapipeline.desktop.network.coordinator_auth,mediapipeline.desktop.config_keys,src/mediapipeline/desktop/network/coordinator_auth.py,src/mediapipeline/desktop/config_keys.py
mediapipeline.desktop.network.coordinator_auth,mediapipeline.desktop.network.auth,src/mediapipeline/desktop/network/coordinator_auth.py,src/mediapipeline/desktop/network/auth.py
mediapipeline.desktop.network.coordinator_http_handlers,mediapipeline.core.network.url_policy,src/mediapipeline/desktop/network/coordinator_http_handlers.py,src/mediapipeline/core/network/url_policy.py
mediapipeline.desktop.network.coordinator_http_handlers,mediapipeline.desktop.network.cluster_log,src/mediapipeline/desktop/network/coordinator_http_handlers.py,src/mediapipeline/desktop/network/cluster_log.py
mediapipeline.desktop.network.coordinator_http_handlers,mediapipeline.desktop.network.coordinator_parts.http_server,src/mediapipeline/desktop/network/coordinator_http_handlers.py,src/mediapipeline/desktop/network/coordinator_parts/http_server.py
mediapipeline.desktop.network.coordinator_http_handlers,mediapipeline.desktop.network.coordinator_policy,src/mediapipeline/desktop/network/coordinator_http_handlers.py,src/mediapipeline/desktop/network/coordinator_policy.py
mediapipeline.desktop.network.coordinator_http_handlers,mediapipeline.desktop.network.coordinator_queue,src/mediapipeline/desktop/network/coordinator_http_handlers.py,src/mediapipeline/desktop/network/coordinator_queue.py
mediapipeline.desktop.network.coordinator_http_handlers,mediapipeline.desktop.network.failure_reasons,src/mediapipeline/desktop/network/coordinator_http_handlers.py,src/mediapipeline/desktop/network/failure_reasons.py
mediapipeline.desktop.network.coordinator_http_handlers,mediapipeline.desktop.network.identity,src/mediapipeline/desktop/network/coordinator_http_handlers.py,src/mediapipeline/desktop/network/identity.py
mediapipeline.desktop.network.coordinator_http_handlers,mediapipeline.desktop.network.json_policy,src/mediapipeline/desktop/network/coordinator_http_handlers.py,src/mediapipeline/desktop/network/json_policy.py
mediapipeline.desktop.network.coordinator_http_handlers,mediapipeline.desktop.network.library_roots,src/mediapipeline/desktop/network/coordinator_http_handlers.py,src/mediapipeline/desktop/network/library_roots.py
mediapipeline.desktop.network.coordinator_http_handlers,mediapipeline.desktop.network.protocol,src/mediapipeline/desktop/network/coordinator_http_handlers.py,src/mediapipeline/desktop/network/protocol.py
mediapipeline.desktop.network.coordinator_http_handlers,mediapipeline.desktop.network.rerun_claims,src/mediapipeline/desktop/network/coordinator_http_handlers.py,src/mediapipeline/desktop/network/rerun_claims.py
mediapipeline.desktop.network.coordinator_lifecycle,mediapipeline.core.network.url_policy,src/mediapipeline/desktop/network/coordinator_lifecycle.py,src/mediapipeline/core/network/url_policy.py
mediapipeline.desktop.network.coordinator_lifecycle,mediapipeline.desktop.network.coordinator_parts.http_server,src/mediapipeline/desktop/network/coordinator_lifecycle.py,src/mediapipeline/desktop/network/coordinator_parts/http_server.py
mediapipeline.desktop.network.coordinator_lifecycle,mediapipeline.desktop.network.mdns,src/mediapipeline/desktop/network/coordinator_lifecycle.py,src/mediapipeline/desktop/network/mdns.py
mediapipeline.desktop.network.coordinator_lifecycle,mediapipeline.desktop.network.protocol,src/mediapipeline/desktop/network/coordinator_lifecycle.py,src/mediapipeline/desktop/network/protocol.py
mediapipeline.desktop.network.coordinator_lifecycle,mediapipeline.desktop.network.rerun_claims,src/mediapipeline/desktop/network/coordinator_lifecycle.py,src/mediapipeline/desktop/network/rerun_claims.py
mediapipeline.desktop.network.coordinator_parts.http_server,mediapipeline.desktop.network.auth,src/mediapipeline/desktop/network/coordinator_parts/http_server.py,src/mediapipeline/desktop/network/auth.py
mediapipeline.desktop.network.coordinator_parts.http_server,mediapipeline.desktop.network.coordinator_http,src/mediapipeline/desktop/network/coordinator_parts/http_server.py,src/mediapipeline/desktop/network/coordinator_http.py
mediapipeline.desktop.network.coordinator_policy,mediapipeline.desktop.config_keys,src/mediapipeline/desktop/network/coordinator_policy.py,src/mediapipeline/desktop/config_keys.py
mediapipeline.desktop.network.coordinator_queue,mediapipeline.core.kernel.config_keys,src/mediapipeline/desktop/network/coordinator_queue.py,src/mediapipeline/core/kernel/config_keys.py
mediapipeline.desktop.network.coordinator_queue,mediapipeline.core.network.url_policy,src/mediapipeline/desktop/network/coordinator_queue.py,src/mediapipeline/core/network/url_policy.py
mediapipeline.desktop.network.coordinator_queue,mediapipeline.core.processes.pipeline_policy,src/mediapipeline/desktop/network/coordinator_queue.py,src/mediapipeline/core/processes/pipeline_policy.py
mediapipeline.desktop.network.coordinator_queue,mediapipeline.desktop.network.coordinator_policy,src/mediapipeline/desktop/network/coordinator_queue.py,src/mediapipeline/desktop/network/coordinator_policy.py
mediapipeline.desktop.network.coordinator_queue,mediapipeline.desktop.network.dispatcher,src/mediapipeline/desktop/network/coordinator_queue.py,src/mediapipeline/desktop/network/dispatcher.py
mediapipeline.desktop.network.coordinator_queue,mediapipeline.desktop.network.encode_config_snapshot,src/mediapipeline/desktop/network/coordinator_queue.py,src/mediapipeline/desktop/network/encode_config_snapshot.py
mediapipeline.desktop.network.coordinator_queue,mediapipeline.desktop.network.failure_policy,src/mediapipeline/desktop/network/coordinator_queue.py,src/mediapipeline/desktop/network/failure_policy.py
mediapipeline.desktop.network.coordinator_queue,mediapipeline.desktop.network.failure_reasons,src/mediapipeline/desktop/network/coordinator_queue.py,src/mediapipeline/desktop/network/failure_reasons.py
mediapipeline.desktop.network.coordinator_queue,mediapipeline.desktop.network.protocol,src/mediapipeline/desktop/network/coordinator_queue.py,src/mediapipeline/desktop/network/protocol.py
mediapipeline.desktop.network.coordinator_queue,mediapipeline.desktop.network.registry,src/mediapipeline/desktop/network/coordinator_queue.py,src/mediapipeline/desktop/network/registry.py
mediapipeline.desktop.network.coordinator_queue,mediapipeline.desktop.network.rerun_claims,src/mediapipeline/desktop/network/coordinator_queue.py,src/mediapipeline/desktop/network/rerun_claims.py
mediapipeline.desktop.network.coordinator_queue,mediapipeline.desktop.network.use_cases.done_outcome,src/mediapipeline/desktop/network/coordinator_queue.py,src/mediapipeline/desktop/network/use_cases/done_outcome.py
mediapipeline.desktop.network.coordinator_queue,mediapipeline.desktop.network.worker_parts.tasks,src/mediapipeline/desktop/network/coordinator_queue.py,src/mediapipeline/desktop/network/worker_parts/tasks.py
mediapipeline.desktop.network.coordinator_queue,mediapipeline.desktop.network.worker_record,src/mediapipeline/desktop/network/coordinator_queue.py,src/mediapipeline/desktop/network/worker_record.py
mediapipeline.desktop.network.coordinator_state,mediapipeline.desktop.network.cluster_log,src/mediapipeline/desktop/network/coordinator_state.py,src/mediapipeline/desktop/network/cluster_log.py
mediapipeline.desktop.network.coordinator_state,mediapipeline.desktop.network.protocol,src/mediapipeline/desktop/network/coordinator_state.py,src/mediapipeline/desktop/network/protocol.py
mediapipeline.desktop.network.coordinator_url,mediapipeline.core.network.url_policy,src/mediapipeline/desktop/network/coordinator_url.py,src/mediapipeline/core/network/url_policy.py
mediapipeline.desktop.network.dispatcher,mediapipeline.desktop.models,src/mediapipeline/desktop/network/dispatcher.py,src/mediapipeline/desktop/models.py
mediapipeline.desktop.network.encode_config_snapshot,mediapipeline.desktop.config_keys,src/mediapipeline/desktop/network/encode_config_snapshot.py,src/mediapipeline/desktop/config_keys.py
mediapipeline.desktop.network.encode_config_snapshot,mediapipeline.desktop.network.processing_policy,src/mediapipeline/desktop/network/encode_config_snapshot.py,src/mediapipeline/desktop/network/processing_policy.py
mediapipeline.desktop.network.failure_policy,mediapipeline.desktop.network.registry,src/mediapipeline/desktop/network/failure_policy.py,src/mediapipeline/desktop/network/registry.py
mediapipeline.desktop.network.http_json,mediapipeline.core.network.url_policy,src/mediapipeline/desktop/network/http_json.py,src/mediapipeline/core/network/url_policy.py
mediapipeline.desktop.network.http_json,mediapipeline.desktop.network.json_policy,src/mediapipeline/desktop/network/http_json.py,src/mediapipeline/desktop/network/json_policy.py
mediapipeline.desktop.network.library_roots,mediapipeline.core.config.library_profiles,src/mediapipeline/desktop/network/library_roots.py,src/mediapipeline/core/config/library_profiles.py
mediapipeline.desktop.network.mdns,mediapipeline.desktop.network.local_ip,src/mediapipeline/desktop/network/mdns.py,src/mediapipeline/desktop/network/local_ip.py
mediapipeline.desktop.network.path_map,mediapipeline.desktop.network.json_policy,src/mediapipeline/desktop/network/path_map.py,src/mediapipeline/desktop/network/json_policy.py
mediapipeline.desktop.network.probe,mediapipeline.desktop.network.auth,src/mediapipeline/desktop/network/probe.py,src/mediapipeline/desktop/network/auth.py
mediapipeline.desktop.network.processing_policy,mediapipeline.core.config.file_io,src/mediapipeline/desktop/network/processing_policy.py,src/mediapipeline/core/config/file_io.py
mediapipeline.desktop.network.processing_policy,mediapipeline.core.config.library_profile_defaults,src/mediapipeline/desktop/network/processing_policy.py,src/mediapipeline/core/config/library_profile_defaults.py
mediapipeline.desktop.network.processing_policy,mediapipeline.core.config.library_profile_state,src/mediapipeline/desktop/network/processing_policy.py,src/mediapipeline/core/config/library_profile_state.py
mediapipeline.desktop.network.processing_policy,mediapipeline.core.config.load,src/mediapipeline/desktop/network/processing_policy.py,src/mediapipeline/core/config/load.py
mediapipeline.desktop.network.processing_policy,mediapipeline.core.kernel.models,src/mediapipeline/desktop/network/processing_policy.py,src/mediapipeline/core/kernel/models.py
mediapipeline.desktop.network.processing_policy,mediapipeline.desktop.config_keys,src/mediapipeline/desktop/network/processing_policy.py,src/mediapipeline/desktop/config_keys.py
mediapipeline.desktop.network.processing_policy,mediapipeline.desktop.network.json_policy,src/mediapipeline/desktop/network/processing_policy.py,src/mediapipeline/desktop/network/json_policy.py
mediapipeline.desktop.network.protocol,mediapipeline.desktop.network.failure_reasons,src/mediapipeline/desktop/network/protocol.py,src/mediapipeline/desktop/network/failure_reasons.py
mediapipeline.desktop.network.registry,mediapipeline.core.network.url_policy,src/mediapipeline/desktop/network/registry.py,src/mediapipeline/core/network/url_policy.py
mediapipeline.desktop.network.registry,mediapipeline.desktop.network.failure_reasons,src/mediapipeline/desktop/network/registry.py,src/mediapipeline/desktop/network/failure_reasons.py
mediapipeline.desktop.network.registry,mediapipeline.desktop.network.json_policy,src/mediapipeline/desktop/network/registry.py,src/mediapipeline/desktop/network/json_policy.py
mediapipeline.desktop.network.registry,mediapipeline.desktop.network.protocol,src/mediapipeline/desktop/network/registry.py,src/mediapipeline/desktop/network/protocol.py
mediapipeline.desktop.network.registry,mediapipeline.desktop.network.registry_lifecycle,src/mediapipeline/desktop/network/registry.py,src/mediapipeline/desktop/network/registry_lifecycle.py
mediapipeline.desktop.network.registry,mediapipeline.desktop.network.registry_persistence,src/mediapipeline/desktop/network/registry.py,src/mediapipeline/desktop/network/registry_persistence.py
mediapipeline.desktop.network.registry,mediapipeline.desktop.network.registry_recovery,src/mediapipeline/desktop/network/registry.py,src/mediapipeline/desktop/network/registry_recovery.py
mediapipeline.desktop.network.registry,mediapipeline.desktop.network.registry_snapshots,src/mediapipeline/desktop/network/registry.py,src/mediapipeline/desktop/network/registry_snapshots.py
mediapipeline.desktop.network.registry,mediapipeline.desktop.network.registry_support,src/mediapipeline/desktop/network/registry.py,src/mediapipeline/desktop/network/registry_support.py
mediapipeline.desktop.network.registry_lifecycle,mediapipeline.core.network.url_policy,src/mediapipeline/desktop/network/registry_lifecycle.py,src/mediapipeline/core/network/url_policy.py
mediapipeline.desktop.network.registry_lifecycle,mediapipeline.desktop.network.failure_reasons,src/mediapipeline/desktop/network/registry_lifecycle.py,src/mediapipeline/desktop/network/failure_reasons.py
mediapipeline.desktop.network.registry_lifecycle,mediapipeline.desktop.network.json_policy,src/mediapipeline/desktop/network/registry_lifecycle.py,src/mediapipeline/desktop/network/json_policy.py
mediapipeline.desktop.network.registry_lifecycle,mediapipeline.desktop.network.protocol,src/mediapipeline/desktop/network/registry_lifecycle.py,src/mediapipeline/desktop/network/protocol.py
mediapipeline.desktop.network.registry_lifecycle,mediapipeline.desktop.network.registry_support,src/mediapipeline/desktop/network/registry_lifecycle.py,src/mediapipeline/desktop/network/registry_support.py
mediapipeline.desktop.network.registry_persistence,mediapipeline.core.network.url_policy,src/mediapipeline/desktop/network/registry_persistence.py,src/mediapipeline/core/network/url_policy.py
mediapipeline.desktop.network.registry_persistence,mediapipeline.desktop.network.failure_reasons,src/mediapipeline/desktop/network/registry_persistence.py,src/mediapipeline/desktop/network/failure_reasons.py
mediapipeline.desktop.network.registry_persistence,mediapipeline.desktop.network.json_policy,src/mediapipeline/desktop/network/registry_persistence.py,src/mediapipeline/desktop/network/json_policy.py
mediapipeline.desktop.network.registry_persistence,mediapipeline.desktop.network.protocol,src/mediapipeline/desktop/network/registry_persistence.py,src/mediapipeline/desktop/network/protocol.py
mediapipeline.desktop.network.registry_persistence,mediapipeline.desktop.network.registry_support,src/mediapipeline/desktop/network/registry_persistence.py,src/mediapipeline/desktop/network/registry_support.py
mediapipeline.desktop.network.registry_recovery,mediapipeline.core.network.url_policy,src/mediapipeline/desktop/network/registry_recovery.py,src/mediapipeline/core/network/url_policy.py
mediapipeline.desktop.network.registry_recovery,mediapipeline.desktop.network.failure_reasons,src/mediapipeline/desktop/network/registry_recovery.py,src/mediapipeline/desktop/network/failure_reasons.py
mediapipeline.desktop.network.registry_recovery,mediapipeline.desktop.network.json_policy,src/mediapipeline/desktop/network/registry_recovery.py,src/mediapipeline/desktop/network/json_policy.py
mediapipeline.desktop.network.registry_recovery,mediapipeline.desktop.network.protocol,src/mediapipeline/desktop/network/registry_recovery.py,src/mediapipeline/desktop/network/protocol.py
mediapipeline.desktop.network.registry_recovery,mediapipeline.desktop.network.registry_support,src/mediapipeline/desktop/network/registry_recovery.py,src/mediapipeline/desktop/network/registry_support.py
mediapipeline.desktop.network.registry_snapshots,mediapipeline.core.network.url_policy,src/mediapipeline/desktop/network/registry_snapshots.py,src/mediapipeline/core/network/url_policy.py
mediapipeline.desktop.network.registry_snapshots,mediapipeline.desktop.network.failure_reasons,src/mediapipeline/desktop/network/registry_snapshots.py,src/mediapipeline/desktop/network/failure_reasons.py
mediapipeline.desktop.network.registry_snapshots,mediapipeline.desktop.network.json_policy,src/mediapipeline/desktop/network/registry_snapshots.py,src/mediapipeline/desktop/network/json_policy.py
mediapipeline.desktop.network.registry_snapshots,mediapipeline.desktop.network.protocol,src/mediapipeline/desktop/network/registry_snapshots.py,src/mediapipeline/desktop/network/protocol.py
mediapipeline.desktop.network.registry_snapshots,mediapipeline.desktop.network.registry_support,src/mediapipeline/desktop/network/registry_snapshots.py,src/mediapipeline/desktop/network/registry_support.py
mediapipeline.desktop.network.registry_support,mediapipeline.core.network.url_policy,src/mediapipeline/desktop/network/registry_support.py,src/mediapipeline/core/network/url_policy.py
mediapipeline.desktop.network.registry_support,mediapipeline.desktop.network.failure_reasons,src/mediapipeline/desktop/network/registry_support.py,src/mediapipeline/desktop/network/failure_reasons.py
mediapipeline.desktop.network.registry_support,mediapipeline.desktop.network.json_policy,src/mediapipeline/desktop/network/registry_support.py,src/mediapipeline/desktop/network/json_policy.py
mediapipeline.desktop.network.registry_support,mediapipeline.desktop.network.protocol,src/mediapipeline/desktop/network/registry_support.py,src/mediapipeline/desktop/network/protocol.py
mediapipeline.desktop.network.rerun_claims,mediapipeline.core.kernel.config_key_groups,src/mediapipeline/desktop/network/rerun_claims.py,src/mediapipeline/core/kernel/config_key_groups.py
mediapipeline.desktop.network.rerun_claims,mediapipeline.core.kernel.dto_commands,src/mediapipeline/desktop/network/rerun_claims.py,src/mediapipeline/core/kernel/dto_commands.py
mediapipeline.desktop.network.rerun_claims,mediapipeline.core.network.url_policy,src/mediapipeline/desktop/network/rerun_claims.py,src/mediapipeline/core/network/url_policy.py
mediapipeline.desktop.network.rerun_claims,mediapipeline.core.processes.rerun_results,src/mediapipeline/desktop/network/rerun_claims.py,src/mediapipeline/core/processes/rerun_results.py
mediapipeline.desktop.network.rerun_claims,mediapipeline.core.processes.source_probe,src/mediapipeline/desktop/network/rerun_claims.py,src/mediapipeline/core/processes/source_probe.py
mediapipeline.desktop.network.rerun_claims,mediapipeline.desktop.network.protocol,src/mediapipeline/desktop/network/rerun_claims.py,src/mediapipeline/desktop/network/protocol.py
mediapipeline.desktop.network.rerun_claims,mediapipeline.desktop.network.registry,src/mediapipeline/desktop/network/rerun_claims.py,src/mediapipeline/desktop/network/registry.py
mediapipeline.desktop.network.share_block,mediapipeline.desktop.network.coordinator_policy,src/mediapipeline/desktop/network/share_block.py,src/mediapipeline/desktop/network/coordinator_policy.py
mediapipeline.desktop.network.standalone,mediapipeline.desktop,src/mediapipeline/desktop/network/standalone.py,src/mediapipeline/desktop/__init__.py
mediapipeline.desktop.network.standalone,mediapipeline.desktop.network.dispatcher,src/mediapipeline/desktop/network/standalone.py,src/mediapipeline/desktop/network/dispatcher.py
mediapipeline.desktop.network.use_cases.done_outcome,mediapipeline.core.network.url_policy,src/mediapipeline/desktop/network/use_cases/done_outcome.py,src/mediapipeline/core/network/url_policy.py
mediapipeline.desktop.network.use_cases.done_outcome,mediapipeline.desktop.network.failure_reasons,src/mediapipeline/desktop/network/use_cases/done_outcome.py,src/mediapipeline/desktop/network/failure_reasons.py
mediapipeline.desktop.network.worker,mediapipeline.core.network.url_policy,src/mediapipeline/desktop/network/worker.py,src/mediapipeline/core/network/url_policy.py
mediapipeline.desktop.network.worker,mediapipeline.desktop,src/mediapipeline/desktop/network/worker.py,src/mediapipeline/desktop/__init__.py
mediapipeline.desktop.network.worker,mediapipeline.desktop.config_keys,src/mediapipeline/desktop/network/worker.py,src/mediapipeline/desktop/config_keys.py
mediapipeline.desktop.network.worker,mediapipeline.desktop.network.coordinator_url,src/mediapipeline/desktop/network/worker.py,src/mediapipeline/desktop/network/coordinator_url.py
mediapipeline.desktop.network.worker,mediapipeline.desktop.network.diagnostics,src/mediapipeline/desktop/network/worker.py,src/mediapipeline/desktop/network/diagnostics.py
mediapipeline.desktop.network.worker,mediapipeline.desktop.network.dispatcher,src/mediapipeline/desktop/network/worker.py,src/mediapipeline/desktop/network/dispatcher.py
mediapipeline.desktop.network.worker,mediapipeline.desktop.network.http_json,src/mediapipeline/desktop/network/worker.py,src/mediapipeline/desktop/network/http_json.py
mediapipeline.desktop.network.worker,mediapipeline.desktop.network.library_roots,src/mediapipeline/desktop/network/worker.py,src/mediapipeline/desktop/network/library_roots.py
mediapipeline.desktop.network.worker,mediapipeline.desktop.network.path_map,src/mediapipeline/desktop/network/worker.py,src/mediapipeline/desktop/network/path_map.py
mediapipeline.desktop.network.worker,mediapipeline.desktop.network.poll_policy,src/mediapipeline/desktop/network/worker.py,src/mediapipeline/desktop/network/poll_policy.py
mediapipeline.desktop.network.worker,mediapipeline.desktop.network.processing_policy,src/mediapipeline/desktop/network/worker.py,src/mediapipeline/desktop/network/processing_policy.py
mediapipeline.desktop.network.worker,mediapipeline.desktop.network.protocol,src/mediapipeline/desktop/network/worker.py,src/mediapipeline/desktop/network/protocol.py
mediapipeline.desktop.network.worker,mediapipeline.desktop.network.worker_claims,src/mediapipeline/desktop/network/worker.py,src/mediapipeline/desktop/network/worker_claims.py
mediapipeline.desktop.network.worker,mediapipeline.desktop.network.worker_http,src/mediapipeline/desktop/network/worker.py,src/mediapipeline/desktop/network/worker_http.py
mediapipeline.desktop.network.worker,mediapipeline.desktop.network.worker_loops,src/mediapipeline/desktop/network/worker.py,src/mediapipeline/desktop/network/worker_loops.py
mediapipeline.desktop.network.worker,mediapipeline.desktop.network.worker_parts.reporting,src/mediapipeline/desktop/network/worker.py,src/mediapipeline/desktop/network/worker_parts/reporting.py
mediapipeline.desktop.network.worker,mediapipeline.desktop.network.worker_record,src/mediapipeline/desktop/network/worker.py,src/mediapipeline/desktop/network/worker_record.py
mediapipeline.desktop.network.worker,mediapipeline.desktop.network.worker_state,src/mediapipeline/desktop/network/worker.py,src/mediapipeline/desktop/network/worker_state.py
mediapipeline.desktop.network.worker_claims,mediapipeline.desktop.network.diagnostics,src/mediapipeline/desktop/network/worker_claims.py,src/mediapipeline/desktop/network/diagnostics.py
mediapipeline.desktop.network.worker_claims,mediapipeline.desktop.network.dispatcher,src/mediapipeline/desktop/network/worker_claims.py,src/mediapipeline/desktop/network/dispatcher.py
mediapipeline.desktop.network.worker_claims,mediapipeline.desktop.network.protocol,src/mediapipeline/desktop/network/worker_claims.py,src/mediapipeline/desktop/network/protocol.py
mediapipeline.desktop.network.worker_claims,mediapipeline.desktop.network.worker_done,src/mediapipeline/desktop/network/worker_claims.py,src/mediapipeline/desktop/network/worker_done.py
mediapipeline.desktop.network.worker_claims,mediapipeline.desktop.network.worker_parts.reporting,src/mediapipeline/desktop/network/worker_claims.py,src/mediapipeline/desktop/network/worker_parts/reporting.py
mediapipeline.desktop.network.worker_claims,mediapipeline.desktop.network.worker_parts.results,src/mediapipeline/desktop/network/worker_claims.py,src/mediapipeline/desktop/network/worker_parts/results.py
mediapipeline.desktop.network.worker_claims,mediapipeline.desktop.network.worker_parts.tasks,src/mediapipeline/desktop/network/worker_claims.py,src/mediapipeline/desktop/network/worker_parts/tasks.py
mediapipeline.desktop.network.worker_claims,mediapipeline.desktop.network.worker_state,src/mediapipeline/desktop/network/worker_claims.py,src/mediapipeline/desktop/network/worker_state.py
mediapipeline.desktop.network.worker_done,mediapipeline.desktop.network.failure_reasons,src/mediapipeline/desktop/network/worker_done.py,src/mediapipeline/desktop/network/failure_reasons.py
mediapipeline.desktop.network.worker_done,mediapipeline.desktop.network.protocol,src/mediapipeline/desktop/network/worker_done.py,src/mediapipeline/desktop/network/protocol.py
mediapipeline.desktop.network.worker_http,mediapipeline.desktop.network.auth,src/mediapipeline/desktop/network/worker_http.py,src/mediapipeline/desktop/network/auth.py
mediapipeline.desktop.network.worker_http,mediapipeline.desktop.network.http_json,src/mediapipeline/desktop/network/worker_http.py,src/mediapipeline/desktop/network/http_json.py
mediapipeline.desktop.network.worker_loops,mediapipeline.desktop.network.coordinator_policy,src/mediapipeline/desktop/network/worker_loops.py,src/mediapipeline/desktop/network/coordinator_policy.py
mediapipeline.desktop.network.worker_loops,mediapipeline.desktop.network.diagnostics,src/mediapipeline/desktop/network/worker_loops.py,src/mediapipeline/desktop/network/diagnostics.py
mediapipeline.desktop.network.worker_loops,mediapipeline.desktop.network.dispatcher,src/mediapipeline/desktop/network/worker_loops.py,src/mediapipeline/desktop/network/dispatcher.py
mediapipeline.desktop.network.worker_loops,mediapipeline.desktop.network.library_roots,src/mediapipeline/desktop/network/worker_loops.py,src/mediapipeline/desktop/network/library_roots.py
mediapipeline.desktop.network.worker_loops,mediapipeline.desktop.network.poll_policy,src/mediapipeline/desktop/network/worker_loops.py,src/mediapipeline/desktop/network/poll_policy.py
mediapipeline.desktop.network.worker_loops,mediapipeline.desktop.network.protocol,src/mediapipeline/desktop/network/worker_loops.py,src/mediapipeline/desktop/network/protocol.py
mediapipeline.desktop.network.worker_loops,mediapipeline.desktop.network.worker_parts.reporting,src/mediapipeline/desktop/network/worker_loops.py,src/mediapipeline/desktop/network/worker_parts/reporting.py
mediapipeline.desktop.network.worker_loops,mediapipeline.desktop.network.worker_parts.tasks,src/mediapipeline/desktop/network/worker_loops.py,src/mediapipeline/desktop/network/worker_parts/tasks.py
mediapipeline.desktop.network.worker_loops,mediapipeline.desktop.network.worker_record,src/mediapipeline/desktop/network/worker_loops.py,src/mediapipeline/desktop/network/worker_record.py
mediapipeline.desktop.network.worker_parts.tasks,mediapipeline.desktop.network.dispatcher,src/mediapipeline/desktop/network/worker_parts/tasks.py,src/mediapipeline/desktop/network/dispatcher.py
mediapipeline.desktop.network.worker_parts.tasks,mediapipeline.desktop.network.protocol,src/mediapipeline/desktop/network/worker_parts/tasks.py,src/mediapipeline/desktop/network/protocol.py
mediapipeline.desktop.network.worker_record,mediapipeline.desktop.models,src/mediapipeline/desktop/network/worker_record.py,src/mediapipeline/desktop/models.py
mediapipeline.desktop.network.worker_record,mediapipeline.desktop.network.protocol,src/mediapipeline/desktop/network/worker_record.py,src/mediapipeline/desktop/network/protocol.py
mediapipeline.desktop.network.worker_state,mediapipeline.desktop.network.diagnostics,src/mediapipeline/desktop/network/worker_state.py,src/mediapipeline/desktop/network/diagnostics.py
mediapipeline.desktop.network.worker_state,mediapipeline.desktop.network.dispatcher,src/mediapipeline/desktop/network/worker_state.py,src/mediapipeline/desktop/network/dispatcher.py
mediapipeline.desktop.network.worker_state,mediapipeline.desktop.network.json_policy,src/mediapipeline/desktop/network/worker_state.py,src/mediapipeline/desktop/network/json_policy.py
mediapipeline.desktop.network.worker_state,mediapipeline.desktop.network.worker_done,src/mediapipeline/desktop/network/worker_state.py,src/mediapipeline/desktop/network/worker_done.py
mediapipeline.desktop.network.worker_state,mediapipeline.desktop.network.worker_parts.state_reports,src/mediapipeline/desktop/network/worker_state.py,src/mediapipeline/desktop/network/worker_parts/state_reports.py
mediapipeline.desktop.priority_markers,mediapipeline.core.queue.priority_markers,src/mediapipeline/desktop/priority_markers.py,src/mediapipeline/core/queue/priority_markers.py
mediapipeline.desktop.services,mediapipeline.core.audit.rerun_service,src/mediapipeline/desktop/services.py,src/mediapipeline/core/audit/rerun_service.py
mediapipeline.desktop.services,mediapipeline.core.audit.sources,src/mediapipeline/desktop/services.py,src/mediapipeline/core/audit/sources.py
mediapipeline.desktop.services,mediapipeline.core.completed.service,src/mediapipeline/desktop/services.py,src/mediapipeline/core/completed/service.py
mediapipeline.desktop.services,mediapipeline.core.config.service,src/mediapipeline/desktop/services.py,src/mediapipeline/core/config/service.py
mediapipeline.desktop.services,mediapipeline.core.diagnostics.tdarr_matrix_audit,src/mediapipeline/desktop/services.py,src/mediapipeline/core/diagnostics/tdarr_matrix_audit.py
mediapipeline.desktop.services,mediapipeline.core.failures.cleanup_service,src/mediapipeline/desktop/services.py,src/mediapipeline/core/failures/cleanup_service.py
mediapipeline.desktop.services,mediapipeline.core.files.opening,src/mediapipeline/desktop/services.py,src/mediapipeline/core/files/opening.py
mediapipeline.desktop.services,mediapipeline.core.final_library.service,src/mediapipeline/desktop/services.py,src/mediapipeline/core/final_library/service.py
mediapipeline.desktop.services,mediapipeline.core.folder_policy.service,src/mediapipeline/desktop/services.py,src/mediapipeline/core/folder_policy/service.py
mediapipeline.desktop.services,mediapipeline.core.maintenance.dependency_atlas,src/mediapipeline/desktop/services.py,src/mediapipeline/core/maintenance/dependency_atlas.py
mediapipeline.desktop.services,mediapipeline.core.maintenance.productization,src/mediapipeline/desktop/services.py,src/mediapipeline/core/maintenance/productization.py
mediapipeline.desktop.services,mediapipeline.core.maintenance.release,src/mediapipeline/desktop/services.py,src/mediapipeline/core/maintenance/release.py
mediapipeline.desktop.services,mediapipeline.core.paths.service,src/mediapipeline/desktop/services.py,src/mediapipeline/core/paths/service.py
mediapipeline.desktop.services,mediapipeline.core.processes.lifecycle,src/mediapipeline/desktop/services.py,src/mediapipeline/core/processes/lifecycle.py
mediapipeline.desktop.services,mediapipeline.core.publish.pending_service,src/mediapipeline/desktop/services.py,src/mediapipeline/core/publish/pending_service.py
mediapipeline.desktop.services,mediapipeline.core.queue.remux_pilot_auto_service,src/mediapipeline/desktop/services.py,src/mediapipeline/core/queue/remux_pilot_auto_service.py
mediapipeline.desktop.services,mediapipeline.core.queue.service,src/mediapipeline/desktop/services.py,src/mediapipeline/core/queue/service.py
mediapipeline.desktop.services,mediapipeline.core.rename.service,src/mediapipeline/desktop/services.py,src/mediapipeline/core/rename/service.py
mediapipeline.desktop.services,mediapipeline.core.schedule.app_state,src/mediapipeline/desktop/services.py,src/mediapipeline/core/schedule/app_state.py
mediapipeline.desktop.services,mediapipeline.core.status.service,src/mediapipeline/desktop/services.py,src/mediapipeline/core/status/service.py
mediapipeline.desktop.services,mediapipeline.core.storage.constants,src/mediapipeline/desktop/services.py,src/mediapipeline/core/storage/constants.py
mediapipeline.desktop.services,mediapipeline.core.telemetry.service,src/mediapipeline/desktop/services.py,src/mediapipeline/core/telemetry/service.py
mediapipeline.desktop.services,mediapipeline.desktop.models,src/mediapipeline/desktop/services.py,src/mediapipeline/desktop/models.py
mediapipeline.desktop.services,mediapipeline.tools.paths,src/mediapipeline/desktop/services.py,src/mediapipeline/tools/paths.py
mediapipeline.desktop.subprocess_runner,mediapipeline.core.kernel.runtime.subprocess_runner,src/mediapipeline/desktop/subprocess_runner.py,src/mediapipeline/core/kernel/runtime/subprocess_runner.py
mediapipeline.desktop.watch,mediapipeline.desktop.watch.manager,src/mediapipeline/desktop/watch/__init__.py,src/mediapipeline/desktop/watch/manager.py
mediapipeline.desktop.watch,mediapipeline.desktop.watch.scanner,src/mediapipeline/desktop/watch/__init__.py,src/mediapipeline/desktop/watch/scanner.py
mediapipeline.desktop.watch.manager,mediapipeline.core.processes.pipeline_policy,src/mediapipeline/desktop/watch/manager.py,src/mediapipeline/core/processes/pipeline_policy.py
mediapipeline.desktop.watch.manager,mediapipeline.desktop.watch.scanner,src/mediapipeline/desktop/watch/manager.py,src/mediapipeline/desktop/watch/scanner.py
mediapipeline.desktop.webview_settings_live_smoke,mediapipeline.core.storage.state_migration,src/mediapipeline/desktop/webview_settings_live_smoke.py,src/mediapipeline/core/storage/state_migration.py
mediapipeline.desktop.webview_settings_live_smoke,mediapipeline.desktop.api,src/mediapipeline/desktop/webview_settings_live_smoke.py,src/mediapipeline/desktop/api/__init__.py
mediapipeline.desktop.webview_settings_live_smoke,mediapipeline.desktop.application,src/mediapipeline/desktop/webview_settings_live_smoke.py,src/mediapipeline/desktop/application/__init__.py
mediapipeline.desktop.webview_settings_live_smoke,mediapipeline.desktop.config_keys,src/mediapipeline/desktop/webview_settings_live_smoke.py,src/mediapipeline/desktop/config_keys.py
mediapipeline.desktop.webview_settings_live_smoke,mediapipeline.desktop.models,src/mediapipeline/desktop/webview_settings_live_smoke.py,src/mediapipeline/desktop/models.py
mediapipeline.desktop.webview_settings_live_smoke,mediapipeline.desktop.services,src/mediapipeline/desktop/webview_settings_live_smoke.py,src/mediapipeline/desktop/services.py
mediapipeline.desktop.webview_settings_live_smoke,mediapipeline.tools.paths,src/mediapipeline/desktop/webview_settings_live_smoke.py,src/mediapipeline/tools/paths.py
mediapipeline.desktop.webview_settings_patch_smoke,mediapipeline.core.config.settings_store,src/mediapipeline/desktop/webview_settings_patch_smoke.py,src/mediapipeline/core/config/settings_store.py
mediapipeline.desktop.webview_settings_patch_smoke,mediapipeline.desktop.api,src/mediapipeline/desktop/webview_settings_patch_smoke.py,src/mediapipeline/desktop/api/__init__.py
mediapipeline.desktop.webview_settings_patch_smoke,mediapipeline.desktop.application,src/mediapipeline/desktop/webview_settings_patch_smoke.py,src/mediapipeline/desktop/application/__init__.py
mediapipeline.desktop.webview_settings_patch_smoke,mediapipeline.desktop.config_keys,src/mediapipeline/desktop/webview_settings_patch_smoke.py,src/mediapipeline/desktop/config_keys.py
mediapipeline.desktop.webview_settings_patch_smoke,mediapipeline.desktop.models,src/mediapipeline/desktop/webview_settings_patch_smoke.py,src/mediapipeline/desktop/models.py
mediapipeline.desktop.webview_settings_patch_smoke,mediapipeline.desktop.services,src/mediapipeline/desktop/webview_settings_patch_smoke.py,src/mediapipeline/desktop/services.py
mediapipeline.desktop.webview_settings_patch_smoke,mediapipeline.desktop.webview_settings_live_smoke,src/mediapipeline/desktop/webview_settings_patch_smoke.py,src/mediapipeline/desktop/webview_settings_live_smoke.py
mediapipeline.desktop.webview_settings_patch_smoke,mediapipeline.tools.paths,src/mediapipeline/desktop/webview_settings_patch_smoke.py,src/mediapipeline/tools/paths.py
mediapipeline.pipeline.ass_to_srt.ass_events,mediapipeline.pipeline.ass_to_srt.styles,src/mediapipeline/pipeline/ass_to_srt/ass_events.py,src/mediapipeline/pipeline/ass_to_srt/styles.py
mediapipeline.pipeline.ass_to_srt.ass_events,mediapipeline.pipeline.ass_to_srt.text,src/mediapipeline/pipeline/ass_to_srt/ass_events.py,src/mediapipeline/pipeline/ass_to_srt/text.py
mediapipeline.pipeline.ass_to_srt.ass_events,mediapipeline.pipeline.ass_to_srt.timing,src/mediapipeline/pipeline/ass_to_srt/ass_events.py,src/mediapipeline/pipeline/ass_to_srt/timing.py
mediapipeline.pipeline.ass_to_srt.srt,mediapipeline.pipeline.ass_to_srt.log,src/mediapipeline/pipeline/ass_to_srt/srt.py,src/mediapipeline/pipeline/ass_to_srt/log.py
mediapipeline.pipeline.ass_to_srt.srt,mediapipeline.pipeline.ass_to_srt.timing,src/mediapipeline/pipeline/ass_to_srt/srt.py,src/mediapipeline/pipeline/ass_to_srt/timing.py
mediapipeline.pipeline.ass_to_srt_cli,mediapipeline.pipeline.ass_to_srt.ass_events,src/mediapipeline/pipeline/ass_to_srt_cli.py,src/mediapipeline/pipeline/ass_to_srt/ass_events.py
mediapipeline.pipeline.ass_to_srt_cli,mediapipeline.pipeline.ass_to_srt.log,src/mediapipeline/pipeline/ass_to_srt_cli.py,src/mediapipeline/pipeline/ass_to_srt/log.py
mediapipeline.pipeline.ass_to_srt_cli,mediapipeline.pipeline.ass_to_srt.srt,src/mediapipeline/pipeline/ass_to_srt_cli.py,src/mediapipeline/pipeline/ass_to_srt/srt.py
mediapipeline.pipeline.ass_to_srt_cli,mediapipeline.pipeline.ass_to_srt.styles,src/mediapipeline/pipeline/ass_to_srt_cli.py,src/mediapipeline/pipeline/ass_to_srt/styles.py
mediapipeline.pipeline.ass_to_srt_cli,mediapipeline.pipeline.ass_to_srt.text,src/mediapipeline/pipeline/ass_to_srt_cli.py,src/mediapipeline/pipeline/ass_to_srt/text.py
mediapipeline.pipeline.ass_to_srt_cli,mediapipeline.pipeline.ass_to_srt.timing,src/mediapipeline/pipeline/ass_to_srt_cli.py,src/mediapipeline/pipeline/ass_to_srt/timing.py
mediapipeline.tools.autonomy_growth_snapshot,mediapipeline.core.diagnostics.autonomy_health,src/mediapipeline/tools/autonomy_growth_snapshot.py,src/mediapipeline/core/diagnostics/autonomy_health.py
mediapipeline.tools.autonomy_growth_snapshot,mediapipeline.tools.autonomy_health_gate,src/mediapipeline/tools/autonomy_growth_snapshot.py,src/mediapipeline/tools/autonomy_health_gate.py
mediapipeline.tools.autonomy_health_gate,mediapipeline.core.diagnostics.autonomy_health,src/mediapipeline/tools/autonomy_health_gate.py,src/mediapipeline/core/diagnostics/autonomy_health.py
mediapipeline.tools.autonomy_health_gate,mediapipeline.core.paths.contracts,src/mediapipeline/tools/autonomy_health_gate.py,src/mediapipeline/core/paths/contracts.py
mediapipeline.tools.autonomy_health_gate,mediapipeline.core.processes.path_evidence,src/mediapipeline/tools/autonomy_health_gate.py,src/mediapipeline/core/processes/path_evidence.py
mediapipeline.tools.autonomy_health_gate,mediapipeline.core.publish.pending_service,src/mediapipeline/tools/autonomy_health_gate.py,src/mediapipeline/core/publish/pending_service.py
mediapipeline.tools.autonomy_soak_tick,mediapipeline.core.diagnostics.autonomy_health,src/mediapipeline/tools/autonomy_soak_tick.py,src/mediapipeline/core/diagnostics/autonomy_health.py
mediapipeline.tools.autonomy_soak_tick,mediapipeline.core.processes.path_evidence,src/mediapipeline/tools/autonomy_soak_tick.py,src/mediapipeline/core/processes/path_evidence.py
mediapipeline.tools.autonomy_soak_tick,mediapipeline.core.publish.pending_service,src/mediapipeline/tools/autonomy_soak_tick.py,src/mediapipeline/core/publish/pending_service.py
mediapipeline.tools.autonomy_soak_tick,mediapipeline.tools.autonomy_health_gate,src/mediapipeline/tools/autonomy_soak_tick.py,src/mediapipeline/tools/autonomy_health_gate.py
mediapipeline.tools.change_control.archive_completed,mediapipeline.tools.change_control.validate_changes,src/mediapipeline/tools/change_control/archive_completed.py,src/mediapipeline/tools/change_control/validate_changes.py
mediapipeline.tools.change_control.archive_completed,mediapipeline.tools.paths,src/mediapipeline/tools/change_control/archive_completed.py,src/mediapipeline/tools/paths.py
mediapipeline.tools.change_control.build_change_index,mediapipeline.tools.paths,src/mediapipeline/tools/change_control/build_change_index.py,src/mediapipeline/tools/paths.py
mediapipeline.tools.change_control.build_changelog,mediapipeline.tools.paths,src/mediapipeline/tools/change_control/build_changelog.py,src/mediapipeline/tools/paths.py
mediapipeline.tools.change_control.build_release_manifest,mediapipeline.tools.paths,src/mediapipeline/tools/change_control/build_release_manifest.py,src/mediapipeline/tools/paths.py
mediapipeline.tools.change_control.build_release_manifest,mediapipeline.tools.release_identity,src/mediapipeline/tools/change_control/build_release_manifest.py,src/mediapipeline/tools/release_identity.py
mediapipeline.tools.change_control.finalize_release,mediapipeline.tools.change_control.build_release_manifest,src/mediapipeline/tools/change_control/finalize_release.py,src/mediapipeline/tools/change_control/build_release_manifest.py
mediapipeline.tools.change_control.finalize_release,mediapipeline.tools.paths,src/mediapipeline/tools/change_control/finalize_release.py,src/mediapipeline/tools/paths.py
mediapipeline.tools.change_control.list_releases,mediapipeline.tools.paths,src/mediapipeline/tools/change_control/list_releases.py,src/mediapipeline/tools/paths.py
mediapipeline.tools.change_control.new_change,mediapipeline.tools.paths,src/mediapipeline/tools/change_control/new_change.py,src/mediapipeline/tools/paths.py
mediapipeline.tools.change_control.prepare_release,mediapipeline.tools.change_control.build_release_manifest,src/mediapipeline/tools/change_control/prepare_release.py,src/mediapipeline/tools/change_control/build_release_manifest.py
mediapipeline.tools.change_control.prepare_release,mediapipeline.tools.paths,src/mediapipeline/tools/change_control/prepare_release.py,src/mediapipeline/tools/paths.py
mediapipeline.tools.change_control.record_change_touch,mediapipeline.tools.change_control.packet_coverage,src/mediapipeline/tools/change_control/record_change_touch.py,src/mediapipeline/tools/change_control/packet_coverage.py
mediapipeline.tools.change_control.record_change_touch,mediapipeline.tools.paths,src/mediapipeline/tools/change_control/record_change_touch.py,src/mediapipeline/tools/paths.py
mediapipeline.tools.change_control.validate_changes,mediapipeline.tools.change_control.packet_coverage,src/mediapipeline/tools/change_control/validate_changes.py,src/mediapipeline/tools/change_control/packet_coverage.py
mediapipeline.tools.change_control.validate_changes,mediapipeline.tools.paths,src/mediapipeline/tools/change_control/validate_changes.py,src/mediapipeline/tools/paths.py
mediapipeline.tools.dev.add_rename_filter_case,mediapipeline.core.rename.bad_case_corpus,src/mediapipeline/tools/dev/add_rename_filter_case.py,src/mediapipeline/core/rename/bad_case_corpus.py
mediapipeline.tools.dev.add_rename_filter_case,mediapipeline.tools.paths,src/mediapipeline/tools/dev/add_rename_filter_case.py,src/mediapipeline/tools/paths.py
mediapipeline.tools.dev.ai_guardrail,mediapipeline.tools.dev.audit_checks,src/mediapipeline/tools/dev/ai_guardrail.py,src/mediapipeline/tools/dev/audit_checks.py
mediapipeline.tools.dev.ai_guardrail,mediapipeline.tools.dev.check_risky_file_registry,src/mediapipeline/tools/dev/ai_guardrail.py,src/mediapipeline/tools/dev/check_risky_file_registry.py
mediapipeline.tools.dev.ai_guardrail,mediapipeline.tools.paths,src/mediapipeline/tools/dev/ai_guardrail.py,src/mediapipeline/tools/paths.py
mediapipeline.tools.dev.audit_checks,mediapipeline.tools.paths,src/mediapipeline/tools/dev/audit_checks.py,src/mediapipeline/tools/paths.py
mediapipeline.tools.dev.browser_smoke_inventory,mediapipeline.tools.paths,src/mediapipeline/tools/dev/browser_smoke_inventory.py,src/mediapipeline/tools/paths.py
mediapipeline.tools.dev.check_active_doc_references,mediapipeline.tools.paths,src/mediapipeline/tools/dev/check_active_doc_references.py,src/mediapipeline/tools/paths.py
mediapipeline.tools.dev.check_architecture_guardrails,mediapipeline.tools.paths,src/mediapipeline/tools/dev/check_architecture_guardrails.py,src/mediapipeline/tools/paths.py
mediapipeline.tools.dev.check_dependency_boundaries,mediapipeline.tools.paths,src/mediapipeline/tools/dev/check_dependency_boundaries.py,src/mediapipeline/tools/paths.py
mediapipeline.tools.dev.check_godfiles,mediapipeline.tools.paths,src/mediapipeline/tools/dev/check_godfiles.py,src/mediapipeline/tools/paths.py
mediapipeline.tools.dev.check_legacy_removal_readiness,mediapipeline.tools.paths,src/mediapipeline/tools/dev/check_legacy_removal_readiness.py,src/mediapipeline/tools/paths.py
mediapipeline.tools.dev.check_marketecture,mediapipeline.tools.paths,src/mediapipeline/tools/dev/check_marketecture.py,src/mediapipeline/tools/paths.py
mediapipeline.tools.dev.check_python_lint,mediapipeline.tools.paths,src/mediapipeline/tools/dev/check_python_lint.py,src/mediapipeline/tools/paths.py
mediapipeline.tools.dev.check_python_typing,mediapipeline.tools.paths,src/mediapipeline/tools/dev/check_python_typing.py,src/mediapipeline/tools/paths.py
mediapipeline.tools.dev.check_risky_file_registry,mediapipeline.tools.paths,src/mediapipeline/tools/dev/check_risky_file_registry.py,src/mediapipeline/tools/paths.py
mediapipeline.tools.dev.check_test_suite_subsystem_inventory,mediapipeline.tools.paths,src/mediapipeline/tools/dev/check_test_suite_subsystem_inventory.py,src/mediapipeline/tools/paths.py
mediapipeline.tools.dev.check_tracked_office_documents,mediapipeline.tools.paths,src/mediapipeline/tools/dev/check_tracked_office_documents.py,src/mediapipeline/tools/paths.py
mediapipeline.tools.dev.code_context_benchmark,mediapipeline.tools.dev.code_context_service,src/mediapipeline/tools/dev/code_context_benchmark.py,src/mediapipeline/tools/dev/code_context_service.py
mediapipeline.tools.dev.code_context_benchmark,mediapipeline.tools.paths,src/mediapipeline/tools/dev/code_context_benchmark.py,src/mediapipeline/tools/paths.py
mediapipeline.tools.dev.code_context_mcp,mediapipeline.tools.dev.code_context_service,src/mediapipeline/tools/dev/code_context_mcp.py,src/mediapipeline/tools/dev/code_context_service.py
mediapipeline.tools.dev.code_context_service,mediapipeline.tools.dev.context_records,src/mediapipeline/tools/dev/code_context_service.py,src/mediapipeline/tools/dev/context_records.py
mediapipeline.tools.dev.code_context_service,mediapipeline.tools.dev.context_slice,src/mediapipeline/tools/dev/code_context_service.py,src/mediapipeline/tools/dev/context_slice.py
mediapipeline.tools.dev.code_context_service,mediapipeline.tools.dev.refresh_summaries,src/mediapipeline/tools/dev/code_context_service.py,src/mediapipeline/tools/dev/refresh_summaries.py
mediapipeline.tools.dev.code_context_service,mediapipeline.tools.paths,src/mediapipeline/tools/dev/code_context_service.py,src/mediapipeline/tools/paths.py
mediapipeline.tools.dev.context_records,mediapipeline.tools.dev.context_extractors,src/mediapipeline/tools/dev/context_records.py,src/mediapipeline/tools/dev/context_extractors.py
mediapipeline.tools.dev.context_records,mediapipeline.tools.dev.generate_dependency_atlas,src/mediapipeline/tools/dev/context_records.py,src/mediapipeline/tools/dev/generate_dependency_atlas.py
mediapipeline.tools.dev.context_records,mediapipeline.tools.dev.refresh_summaries,src/mediapipeline/tools/dev/context_records.py,src/mediapipeline/tools/dev/refresh_summaries.py
mediapipeline.tools.dev.context_records,mediapipeline.tools.paths,src/mediapipeline/tools/dev/context_records.py,src/mediapipeline/tools/paths.py
mediapipeline.tools.dev.context_slice,mediapipeline.tools.dev.context_records,src/mediapipeline/tools/dev/context_slice.py,src/mediapipeline/tools/dev/context_records.py
mediapipeline.tools.dev.context_slice,mediapipeline.tools.paths,src/mediapipeline/tools/dev/context_slice.py,src/mediapipeline/tools/paths.py
mediapipeline.tools.dev.generate_config_schema,mediapipeline.contracts.config,src/mediapipeline/tools/dev/generate_config_schema.py,src/mediapipeline/contracts/config.py
mediapipeline.tools.dev.generate_config_schema,mediapipeline.tools.paths,src/mediapipeline/tools/dev/generate_config_schema.py,src/mediapipeline/tools/paths.py
mediapipeline.tools.dev.generate_dependency_atlas,mediapipeline.tools.paths,src/mediapipeline/tools/dev/generate_dependency_atlas.py,src/mediapipeline/tools/paths.py
mediapipeline.tools.dev.generate_duplicate_test_name_report,mediapipeline.tools.paths,src/mediapipeline/tools/dev/generate_duplicate_test_name_report.py,src/mediapipeline/tools/paths.py
mediapipeline.tools.dev.generate_feature_file_map,mediapipeline.tools.dev.context_extractors,src/mediapipeline/tools/dev/generate_feature_file_map.py,src/mediapipeline/tools/dev/context_extractors.py
mediapipeline.tools.dev.generate_feature_file_map,mediapipeline.tools.dev.context_records,src/mediapipeline/tools/dev/generate_feature_file_map.py,src/mediapipeline/tools/dev/context_records.py
mediapipeline.tools.dev.generate_feature_file_map,mediapipeline.tools.dev.release_package_scope,src/mediapipeline/tools/dev/generate_feature_file_map.py,src/mediapipeline/tools/dev/release_package_scope.py
mediapipeline.tools.dev.generate_feature_file_map,mediapipeline.tools.paths,src/mediapipeline/tools/dev/generate_feature_file_map.py,src/mediapipeline/tools/paths.py
mediapipeline.tools.dev.generate_lifecycle_map,mediapipeline.contracts.lifecycle,src/mediapipeline/tools/dev/generate_lifecycle_map.py,src/mediapipeline/contracts/lifecycle.py
mediapipeline.tools.dev.generate_lifecycle_map,mediapipeline.tools.paths,src/mediapipeline/tools/dev/generate_lifecycle_map.py,src/mediapipeline/tools/paths.py
mediapipeline.tools.dev.generate_pipeline_map,mediapipeline.tools.paths,src/mediapipeline/tools/dev/generate_pipeline_map.py,src/mediapipeline/tools/paths.py
mediapipeline.tools.dev.generate_project_index,mediapipeline.tools.dev.context_records,src/mediapipeline/tools/dev/generate_project_index.py,src/mediapipeline/tools/dev/context_records.py
mediapipeline.tools.dev.generate_project_index,mediapipeline.tools.dev.release_package_scope,src/mediapipeline/tools/dev/generate_project_index.py,src/mediapipeline/tools/dev/release_package_scope.py
mediapipeline.tools.dev.generate_project_index,mediapipeline.tools.paths,src/mediapipeline/tools/dev/generate_project_index.py,src/mediapipeline/tools/paths.py
mediapipeline.tools.dev.generate_run_monitor_schema,mediapipeline.contracts.run_monitor,src/mediapipeline/tools/dev/generate_run_monitor_schema.py,src/mediapipeline/contracts/run_monitor.py
mediapipeline.tools.dev.generate_run_monitor_schema,mediapipeline.tools.paths,src/mediapipeline/tools/dev/generate_run_monitor_schema.py,src/mediapipeline/tools/paths.py
mediapipeline.tools.dev.generate_smoke_wrapper_map,mediapipeline.tools.paths,src/mediapipeline/tools/dev/generate_smoke_wrapper_map.py,src/mediapipeline/tools/paths.py
mediapipeline.tools.dev.generate_stage_schema,mediapipeline.contracts.stages,src/mediapipeline/tools/dev/generate_stage_schema.py,src/mediapipeline/contracts/stages.py
mediapipeline.tools.dev.generate_stage_schema,mediapipeline.tools.paths,src/mediapipeline/tools/dev/generate_stage_schema.py,src/mediapipeline/tools/paths.py
mediapipeline.tools.dev.generate_webview_inventory_docs,mediapipeline.desktop.api.static_files,src/mediapipeline/tools/dev/generate_webview_inventory_docs.py,src/mediapipeline/desktop/api/static_files.py
mediapipeline.tools.dev.generate_webview_inventory_docs,mediapipeline.tools.paths,src/mediapipeline/tools/dev/generate_webview_inventory_docs.py,src/mediapipeline/tools/paths.py
mediapipeline.tools.dev.materialize_tdarr_test_library,mediapipeline.tools.paths,src/mediapipeline/tools/dev/materialize_tdarr_test_library.py,src/mediapipeline/tools/paths.py
mediapipeline.tools.dev.performance_benchmark,mediapipeline.core.observability.performance,src/mediapipeline/tools/dev/performance_benchmark.py,src/mediapipeline/core/observability/performance.py
mediapipeline.tools.dev.performance_benchmark,mediapipeline.tools.paths,src/mediapipeline/tools/dev/performance_benchmark.py,src/mediapipeline/tools/paths.py
mediapipeline.tools.dev.policy_proof_pack,mediapipeline.tools.dev.materialize_tdarr_test_library,src/mediapipeline/tools/dev/policy_proof_pack.py,src/mediapipeline/tools/dev/materialize_tdarr_test_library.py
mediapipeline.tools.dev.policy_proof_pack,mediapipeline.tools.dev.tdarr_matrix_audit,src/mediapipeline/tools/dev/policy_proof_pack.py,src/mediapipeline/tools/dev/tdarr_matrix_audit.py
mediapipeline.tools.dev.policy_proof_pack,mediapipeline.tools.paths,src/mediapipeline/tools/dev/policy_proof_pack.py,src/mediapipeline/tools/paths.py
mediapipeline.tools.dev.pytest_style_tests,mediapipeline.tools.paths,src/mediapipeline/tools/dev/pytest_style_tests.py,src/mediapipeline/tools/paths.py
mediapipeline.tools.dev.refresh_summaries,mediapipeline.tools.dev.context_extractors,src/mediapipeline/tools/dev/refresh_summaries.py,src/mediapipeline/tools/dev/context_extractors.py
mediapipeline.tools.dev.refresh_summaries,mediapipeline.tools.dev.release_package_scope,src/mediapipeline/tools/dev/refresh_summaries.py,src/mediapipeline/tools/dev/release_package_scope.py
mediapipeline.tools.dev.refresh_summaries,mediapipeline.tools.paths,src/mediapipeline/tools/dev/refresh_summaries.py,src/mediapipeline/tools/paths.py
mediapipeline.tools.dev.remediation_changelog_archive,mediapipeline.tools.paths,src/mediapipeline/tools/dev/remediation_changelog_archive.py,src/mediapipeline/tools/paths.py
mediapipeline.tools.dev.repository_audit_ledger,mediapipeline.tools.paths,src/mediapipeline/tools/dev/repository_audit_ledger.py,src/mediapipeline/tools/paths.py
mediapipeline.tools.dev.scan_archive_doc_candidates,mediapipeline.tools.paths,src/mediapipeline/tools/dev/scan_archive_doc_candidates.py,src/mediapipeline/tools/paths.py
mediapipeline.tools.dev.suggest_doc_location,mediapipeline.tools.paths,src/mediapipeline/tools/dev/suggest_doc_location.py,src/mediapipeline/tools/paths.py
mediapipeline.tools.dev.tdarr_matrix_audit,mediapipeline.tools.dev.tdarr_matrix_audits,src/mediapipeline/tools/dev/tdarr_matrix_audit.py,src/mediapipeline/tools/dev/tdarr_matrix_audits.py
mediapipeline.tools.dev.tdarr_matrix_audit,mediapipeline.tools.dev.tdarr_matrix_models,src/mediapipeline/tools/dev/tdarr_matrix_audit.py,src/mediapipeline/tools/dev/tdarr_matrix_models.py
mediapipeline.tools.dev.tdarr_matrix_audit,mediapipeline.tools.dev.tdarr_matrix_operations,src/mediapipeline/tools/dev/tdarr_matrix_audit.py,src/mediapipeline/tools/dev/tdarr_matrix_operations.py
mediapipeline.tools.dev.tdarr_matrix_audit,mediapipeline.tools.dev.tdarr_matrix_reporting,src/mediapipeline/tools/dev/tdarr_matrix_audit.py,src/mediapipeline/tools/dev/tdarr_matrix_reporting.py
mediapipeline.tools.dev.tdarr_matrix_audits,mediapipeline.core.diagnostics.tdarr_matrix_proof,src/mediapipeline/tools/dev/tdarr_matrix_audits.py,src/mediapipeline/core/diagnostics/tdarr_matrix_proof.py
mediapipeline.tools.dev.tdarr_matrix_audits,mediapipeline.tools.dev.materialize_tdarr_test_library,src/mediapipeline/tools/dev/tdarr_matrix_audits.py,src/mediapipeline/tools/dev/materialize_tdarr_test_library.py
mediapipeline.tools.dev.tdarr_matrix_audits,mediapipeline.tools.dev.tdarr_matrix_models,src/mediapipeline/tools/dev/tdarr_matrix_audits.py,src/mediapipeline/tools/dev/tdarr_matrix_models.py
mediapipeline.tools.dev.tdarr_matrix_audits,mediapipeline.tools.dev.tdarr_matrix_operations,src/mediapipeline/tools/dev/tdarr_matrix_audits.py,src/mediapipeline/tools/dev/tdarr_matrix_operations.py
mediapipeline.tools.dev.tdarr_matrix_audits,mediapipeline.tools.paths,src/mediapipeline/tools/dev/tdarr_matrix_audits.py,src/mediapipeline/tools/paths.py
mediapipeline.tools.dev.tdarr_matrix_models,mediapipeline.core.diagnostics.tdarr_matrix_proof,src/mediapipeline/tools/dev/tdarr_matrix_models.py,src/mediapipeline/core/diagnostics/tdarr_matrix_proof.py
mediapipeline.tools.dev.tdarr_matrix_models,mediapipeline.tools.dev.materialize_tdarr_test_library,src/mediapipeline/tools/dev/tdarr_matrix_models.py,src/mediapipeline/tools/dev/materialize_tdarr_test_library.py
mediapipeline.tools.dev.tdarr_matrix_models,mediapipeline.tools.paths,src/mediapipeline/tools/dev/tdarr_matrix_models.py,src/mediapipeline/tools/paths.py
mediapipeline.tools.dev.tdarr_matrix_operations,mediapipeline.core.diagnostics.tdarr_matrix_proof,src/mediapipeline/tools/dev/tdarr_matrix_operations.py,src/mediapipeline/core/diagnostics/tdarr_matrix_proof.py
mediapipeline.tools.dev.tdarr_matrix_operations,mediapipeline.tools.dev.materialize_tdarr_test_library,src/mediapipeline/tools/dev/tdarr_matrix_operations.py,src/mediapipeline/tools/dev/materialize_tdarr_test_library.py
mediapipeline.tools.dev.tdarr_matrix_operations,mediapipeline.tools.dev.tdarr_matrix_models,src/mediapipeline/tools/dev/tdarr_matrix_operations.py,src/mediapipeline/tools/dev/tdarr_matrix_models.py
mediapipeline.tools.dev.tdarr_matrix_operations,mediapipeline.tools.paths,src/mediapipeline/tools/dev/tdarr_matrix_operations.py,src/mediapipeline/tools/paths.py
mediapipeline.tools.dev.tdarr_matrix_reporting,mediapipeline.core.diagnostics.tdarr_matrix_proof,src/mediapipeline/tools/dev/tdarr_matrix_reporting.py,src/mediapipeline/core/diagnostics/tdarr_matrix_proof.py
mediapipeline.tools.dev.tdarr_matrix_reporting,mediapipeline.tools.dev.materialize_tdarr_test_library,src/mediapipeline/tools/dev/tdarr_matrix_reporting.py,src/mediapipeline/tools/dev/materialize_tdarr_test_library.py
mediapipeline.tools.dev.tdarr_matrix_reporting,mediapipeline.tools.dev.tdarr_matrix_audits,src/mediapipeline/tools/dev/tdarr_matrix_reporting.py,src/mediapipeline/tools/dev/tdarr_matrix_audits.py
mediapipeline.tools.dev.tdarr_matrix_reporting,mediapipeline.tools.dev.tdarr_matrix_models,src/mediapipeline/tools/dev/tdarr_matrix_reporting.py,src/mediapipeline/tools/dev/tdarr_matrix_models.py
mediapipeline.tools.dev.tdarr_matrix_reporting,mediapipeline.tools.dev.tdarr_matrix_operations,src/mediapipeline/tools/dev/tdarr_matrix_reporting.py,src/mediapipeline/tools/dev/tdarr_matrix_operations.py
mediapipeline.tools.dev.tdarr_matrix_reporting,mediapipeline.tools.paths,src/mediapipeline/tools/dev/tdarr_matrix_reporting.py,src/mediapipeline/tools/paths.py
mediapipeline.tools.dev.tdarr_proof_pack,mediapipeline.core.diagnostics.tdarr_matrix_proof,src/mediapipeline/tools/dev/tdarr_proof_pack.py,src/mediapipeline/core/diagnostics/tdarr_matrix_proof.py
mediapipeline.tools.dev.tdarr_proof_pack,mediapipeline.tools.dev.materialize_tdarr_test_library,src/mediapipeline/tools/dev/tdarr_proof_pack.py,src/mediapipeline/tools/dev/materialize_tdarr_test_library.py
mediapipeline.tools.dev.tdarr_proof_pack,mediapipeline.tools.dev.tdarr_matrix_audit,src/mediapipeline/tools/dev/tdarr_proof_pack.py,src/mediapipeline/tools/dev/tdarr_matrix_audit.py
mediapipeline.tools.dev.tdarr_proof_pack,mediapipeline.tools.paths,src/mediapipeline/tools/dev/tdarr_proof_pack.py,src/mediapipeline/tools/paths.py
mediapipeline.tools.lint_naming,mediapipeline.tools.paths,src/mediapipeline/tools/lint_naming.py,src/mediapipeline/tools/paths.py
mediapipeline.tools.release_identity,mediapipeline.tools.paths,src/mediapipeline/tools/release_identity.py,src/mediapipeline/tools/paths.py
