source_module,target_module,source_path,target_path
mediapipeline.contracts.api_commands,mediapipeline.contracts.source_media,src/mediapipeline/contracts/api_commands.py,src/mediapipeline/contracts/source_media.py
mediapipeline.contracts.config,mediapipeline.contracts.config_coercion,src/mediapipeline/contracts/config.py,src/mediapipeline/contracts/config_coercion.py
mediapipeline.contracts.config,mediapipeline.contracts.config_defaults,src/mediapipeline/contracts/config.py,src/mediapipeline/contracts/config_defaults.py
mediapipeline.contracts.config,mediapipeline.contracts.config_schema_extras,src/mediapipeline/contracts/config.py,src/mediapipeline/contracts/config_schema_extras.py
mediapipeline.contracts.config,mediapipeline.contracts.config_validators,src/mediapipeline/contracts/config.py,src/mediapipeline/contracts/config_validators.py
mediapipeline.contracts.config,mediapipeline.contracts.height_tolerance,src/mediapipeline/contracts/config.py,src/mediapipeline/contracts/height_tolerance.py
mediapipeline.contracts.config,mediapipeline.core.rename.constants,src/mediapipeline/contracts/config.py,src/mediapipeline/core/rename/constants.py
mediapipeline.contracts.config,mediapipeline.core.rename.movie,src/mediapipeline/contracts/config.py,src/mediapipeline/core/rename/movie.py
mediapipeline.contracts.config_defaults,mediapipeline.core.rename.constants,src/mediapipeline/contracts/config_defaults.py,src/mediapipeline/core/rename/constants.py
mediapipeline.contracts.config_validators,mediapipeline.contracts.height_tolerance,src/mediapipeline/contracts/config_validators.py,src/mediapipeline/contracts/height_tolerance.py
mediapipeline.contracts.decision_policy,mediapipeline.contracts.height_tolerance,src/mediapipeline/contracts/decision_policy.py,src/mediapipeline/contracts/height_tolerance.py
mediapipeline.contracts.decision_policy,mediapipeline.contracts.verification,src/mediapipeline/contracts/decision_policy.py,src/mediapipeline/contracts/verification.py
mediapipeline.contracts.pipeline_plan,mediapipeline.contracts.verification,src/mediapipeline/contracts/pipeline_plan.py,src/mediapipeline/contracts/verification.py
mediapipeline.contracts.source_media,mediapipeline.contracts.source_media_adapters,src/mediapipeline/contracts/source_media.py,src/mediapipeline/contracts/source_media_adapters.py
mediapipeline.contracts.source_media,mediapipeline.contracts.source_media_models,src/mediapipeline/contracts/source_media.py,src/mediapipeline/contracts/source_media_models.py
mediapipeline.contracts.source_media_adapters,mediapipeline.contracts.source_media_derived,src/mediapipeline/contracts/source_media_adapters.py,src/mediapipeline/contracts/source_media_derived.py
mediapipeline.contracts.source_media_adapters,mediapipeline.contracts.source_media_models,src/mediapipeline/contracts/source_media_adapters.py,src/mediapipeline/contracts/source_media_models.py
mediapipeline.contracts.source_media_adapters,mediapipeline.contracts.source_media_streams,src/mediapipeline/contracts/source_media_adapters.py,src/mediapipeline/contracts/source_media_streams.py
mediapipeline.contracts.source_media_adapters,mediapipeline.contracts.source_media_values,src/mediapipeline/contracts/source_media_adapters.py,src/mediapipeline/contracts/source_media_values.py
mediapipeline.contracts.source_media_derived,mediapipeline.contracts.source_media_models,src/mediapipeline/contracts/source_media_derived.py,src/mediapipeline/contracts/source_media_models.py
mediapipeline.contracts.source_media_derived,mediapipeline.contracts.source_media_values,src/mediapipeline/contracts/source_media_derived.py,src/mediapipeline/contracts/source_media_values.py
mediapipeline.contracts.source_media_streams,mediapipeline.contracts.source_media_models,src/mediapipeline/contracts/source_media_streams.py,src/mediapipeline/contracts/source_media_models.py
mediapipeline.contracts.source_media_streams,mediapipeline.contracts.source_media_values,src/mediapipeline/contracts/source_media_streams.py,src/mediapipeline/contracts/source_media_values.py
mediapipeline.contracts.source_media_values,mediapipeline.contracts.source_media_models,src/mediapipeline/contracts/source_media_values.py,src/mediapipeline/contracts/source_media_models.py
mediapipeline.contracts.stage_decide,mediapipeline.contracts.height_tolerance,src/mediapipeline/contracts/stage_decide.py,src/mediapipeline/contracts/height_tolerance.py
mediapipeline.contracts.stage_decide,mediapipeline.contracts.stage_base,src/mediapipeline/contracts/stage_decide.py,src/mediapipeline/contracts/stage_base.py
mediapipeline.contracts.stage_mutation,mediapipeline.contracts.stage_base,src/mediapipeline/contracts/stage_mutation.py,src/mediapipeline/contracts/stage_base.py
mediapipeline.contracts.stage_mutation,mediapipeline.contracts.stage_decide,src/mediapipeline/contracts/stage_mutation.py,src/mediapipeline/contracts/stage_decide.py
mediapipeline.contracts.stage_probe,mediapipeline.contracts.stage_base,src/mediapipeline/contracts/stage_probe.py,src/mediapipeline/contracts/stage_base.py
mediapipeline.contracts.stages,mediapipeline.contracts.stage_base,src/mediapipeline/contracts/stages.py,src/mediapipeline/contracts/stage_base.py
mediapipeline.contracts.stages,mediapipeline.contracts.stage_decide,src/mediapipeline/contracts/stages.py,src/mediapipeline/contracts/stage_decide.py
mediapipeline.contracts.stages,mediapipeline.contracts.stage_mutation,src/mediapipeline/contracts/stages.py,src/mediapipeline/contracts/stage_mutation.py
mediapipeline.contracts.stages,mediapipeline.contracts.stage_probe,src/mediapipeline/contracts/stages.py,src/mediapipeline/contracts/stage_probe.py
mediapipeline.core.api.command_handlers,mediapipeline.core.api.commands_audit,src/mediapipeline/core/api/command_handlers.py,src/mediapipeline/core/api/commands_audit.py
mediapipeline.core.api.command_handlers,mediapipeline.core.api.commands_failures,src/mediapipeline/core/api/command_handlers.py,src/mediapipeline/core/api/commands_failures.py
mediapipeline.core.api.command_handlers,mediapipeline.core.api.commands_file_overrides,src/mediapipeline/core/api/command_handlers.py,src/mediapipeline/core/api/commands_file_overrides.py
mediapipeline.core.api.command_handlers,mediapipeline.core.api.commands_files,src/mediapipeline/core/api/command_handlers.py,src/mediapipeline/core/api/commands_files.py
mediapipeline.core.api.command_handlers,mediapipeline.core.api.commands_final_library,src/mediapipeline/core/api/command_handlers.py,src/mediapipeline/core/api/commands_final_library.py
mediapipeline.core.api.command_handlers,mediapipeline.core.api.commands_maintenance,src/mediapipeline/core/api/command_handlers.py,src/mediapipeline/core/api/commands_maintenance.py
mediapipeline.core.api.command_handlers,mediapipeline.core.api.commands_metrics,src/mediapipeline/core/api/command_handlers.py,src/mediapipeline/core/api/commands_metrics.py
mediapipeline.core.api.command_handlers,mediapipeline.core.api.commands_process,src/mediapipeline/core/api/command_handlers.py,src/mediapipeline/core/api/commands_process.py
mediapipeline.core.api.command_handlers,mediapipeline.core.api.commands_queue_priority,src/mediapipeline/core/api/command_handlers.py,src/mediapipeline/core/api/commands_queue_priority.py
mediapipeline.core.api.command_handlers,mediapipeline.core.api.commands_queue_scan,src/mediapipeline/core/api/command_handlers.py,src/mediapipeline/core/api/commands_queue_scan.py
mediapipeline.core.api.command_handlers,mediapipeline.core.api.commands_queue_strategy,src/mediapipeline/core/api/command_handlers.py,src/mediapipeline/core/api/commands_queue_strategy.py
mediapipeline.core.api.command_handlers,mediapipeline.core.api.commands_rename,src/mediapipeline/core/api/command_handlers.py,src/mediapipeline/core/api/commands_rename.py
mediapipeline.core.api.command_handlers,mediapipeline.core.api.commands_sample_validation,src/mediapipeline/core/api/command_handlers.py,src/mediapipeline/core/api/commands_sample_validation.py
mediapipeline.core.api.command_handlers,mediapipeline.core.api.commands_schedule,src/mediapipeline/core/api/command_handlers.py,src/mediapipeline/core/api/commands_schedule.py
mediapipeline.core.api.command_handlers,mediapipeline.core.api.commands_settings,src/mediapipeline/core/api/command_handlers.py,src/mediapipeline/core/api/commands_settings.py
mediapipeline.core.api.command_handlers,mediapipeline.core.api.commands_subtitle_qa,src/mediapipeline/core/api/command_handlers.py,src/mediapipeline/core/api/commands_subtitle_qa.py
mediapipeline.core.api.command_handlers,mediapipeline.core.api.commands_ui_preferences,src/mediapipeline/core/api/command_handlers.py,src/mediapipeline/core/api/commands_ui_preferences.py
mediapipeline.core.api.command_results,mediapipeline.desktop.application,src/mediapipeline/core/api/command_results.py,src/mediapipeline/desktop/application/__init__.py
mediapipeline.core.api.commands_audit,mediapipeline.core.api.command_results,src/mediapipeline/core/api/commands_audit.py,src/mediapipeline/core/api/command_results.py
mediapipeline.core.api.commands_failures,mediapipeline.core.api.command_results,src/mediapipeline/core/api/commands_failures.py,src/mediapipeline/core/api/command_results.py
mediapipeline.core.api.commands_file_overrides,mediapipeline.core.api.command_results,src/mediapipeline/core/api/commands_file_overrides.py,src/mediapipeline/core/api/command_results.py
mediapipeline.core.api.commands_file_overrides,mediapipeline.core.api.file_overrides.effective_fields,src/mediapipeline/core/api/commands_file_overrides.py,src/mediapipeline/core/api/file_overrides/effective_fields.py
mediapipeline.core.api.commands_file_overrides,mediapipeline.core.api.file_overrides.folder_preview,src/mediapipeline/core/api/commands_file_overrides.py,src/mediapipeline/core/api/file_overrides/folder_preview.py
mediapipeline.core.api.commands_file_overrides,mediapipeline.core.api.file_overrides.results,src/mediapipeline/core/api/commands_file_overrides.py,src/mediapipeline/core/api/file_overrides/results.py
mediapipeline.core.api.commands_file_overrides,mediapipeline.core.api.file_overrides.route_preview,src/mediapipeline/core/api/commands_file_overrides.py,src/mediapipeline/core/api/file_overrides/route_preview.py
mediapipeline.core.api.commands_file_overrides,mediapipeline.core.api.file_overrides.selectors,src/mediapipeline/core/api/commands_file_overrides.py,src/mediapipeline/core/api/file_overrides/selectors.py
mediapipeline.core.api.commands_file_overrides,mediapipeline.core.api.file_overrides.series,src/mediapipeline/core/api/commands_file_overrides.py,src/mediapipeline/core/api/file_overrides/series.py
mediapipeline.core.api.commands_file_overrides,mediapipeline.core.api.file_overrides.tracks,src/mediapipeline/core/api/commands_file_overrides.py,src/mediapipeline/core/api/file_overrides/tracks.py
mediapipeline.core.api.commands_file_overrides,mediapipeline.core.orchestration.runner,src/mediapipeline/core/api/commands_file_overrides.py,src/mediapipeline/core/orchestration/runner.py
mediapipeline.core.api.commands_file_overrides,mediapipeline.core.queue.file_overrides,src/mediapipeline/core/api/commands_file_overrides.py,src/mediapipeline/core/queue/file_overrides.py
mediapipeline.core.api.commands_file_overrides,mediapipeline.desktop.api.queue_source_path_policy,src/mediapipeline/core/api/commands_file_overrides.py,src/mediapipeline/desktop/api/queue_source_path_policy.py
mediapipeline.core.api.commands_files,mediapipeline.core.api.command_results,src/mediapipeline/core/api/commands_files.py,src/mediapipeline/core/api/command_results.py
mediapipeline.core.api.commands_final_library,mediapipeline.core.api.command_results,src/mediapipeline/core/api/commands_final_library.py,src/mediapipeline/core/api/command_results.py
mediapipeline.core.api.commands_maintenance,mediapipeline.core.api.command_results,src/mediapipeline/core/api/commands_maintenance.py,src/mediapipeline/core/api/command_results.py
mediapipeline.core.api.commands_metrics,mediapipeline.core.api.command_results,src/mediapipeline/core/api/commands_metrics.py,src/mediapipeline/core/api/command_results.py
mediapipeline.core.api.commands_process,mediapipeline.core.api.command_results,src/mediapipeline/core/api/commands_process.py,src/mediapipeline/core/api/command_results.py
mediapipeline.core.api.commands_process,mediapipeline.desktop.api.path_dialogs,src/mediapipeline/core/api/commands_process.py,src/mediapipeline/desktop/api/path_dialogs.py
mediapipeline.core.api.commands_process,mediapipeline.desktop.application.dto,src/mediapipeline/core/api/commands_process.py,src/mediapipeline/desktop/application/dto.py
mediapipeline.core.api.commands_queue_priority,mediapipeline.core.api.command_results,src/mediapipeline/core/api/commands_queue_priority.py,src/mediapipeline/core/api/command_results.py
mediapipeline.core.api.commands_queue_priority,mediapipeline.core.queue.priority_manifest,src/mediapipeline/core/api/commands_queue_priority.py,src/mediapipeline/core/queue/priority_manifest.py
mediapipeline.core.api.commands_queue_priority,mediapipeline.desktop.api.queue_source_path_policy,src/mediapipeline/core/api/commands_queue_priority.py,src/mediapipeline/desktop/api/queue_source_path_policy.py
mediapipeline.core.api.commands_queue_scan,mediapipeline.core.api.command_results,src/mediapipeline/core/api/commands_queue_scan.py,src/mediapipeline/core/api/command_results.py
mediapipeline.core.api.commands_queue_strategy,mediapipeline.core.api.command_results,src/mediapipeline/core/api/commands_queue_strategy.py,src/mediapipeline/core/api/command_results.py
mediapipeline.core.api.commands_queue_strategy,mediapipeline.core.queue.strategy,src/mediapipeline/core/api/commands_queue_strategy.py,src/mediapipeline/core/queue/strategy.py
mediapipeline.core.api.commands_rename,mediapipeline.core.rename.policy,src/mediapipeline/core/api/commands_rename.py,src/mediapipeline/core/rename/policy.py
mediapipeline.core.api.commands_rename,mediapipeline.desktop.api.path_dialogs,src/mediapipeline/core/api/commands_rename.py,src/mediapipeline/desktop/api/path_dialogs.py
mediapipeline.core.api.commands_rename,mediapipeline.desktop.application.dto,src/mediapipeline/core/api/commands_rename.py,src/mediapipeline/desktop/application/dto.py
mediapipeline.core.api.commands_sample_validation,mediapipeline.core.api.command_results,src/mediapipeline/core/api/commands_sample_validation.py,src/mediapipeline/core/api/command_results.py
mediapipeline.core.api.commands_settings,mediapipeline.core.api.command_results,src/mediapipeline/core/api/commands_settings.py,src/mediapipeline/core/api/command_results.py
mediapipeline.core.api.commands_settings,mediapipeline.desktop.api.path_dialogs,src/mediapipeline/core/api/commands_settings.py,src/mediapipeline/desktop/api/path_dialogs.py
mediapipeline.core.api.commands_settings,mediapipeline.desktop.application.dto,src/mediapipeline/core/api/commands_settings.py,src/mediapipeline/desktop/application/dto.py
mediapipeline.core.api.commands_subtitle_qa,mediapipeline.core.api.command_results,src/mediapipeline/core/api/commands_subtitle_qa.py,src/mediapipeline/core/api/command_results.py
mediapipeline.core.api.commands_ui_preferences,mediapipeline.core.ui_preferences,src/mediapipeline/core/api/commands_ui_preferences.py,src/mediapipeline/core/ui_preferences.py
mediapipeline.core.api.file_overrides.effective_fields,mediapipeline.core.api.file_overrides.results,src/mediapipeline/core/api/file_overrides/effective_fields.py,src/mediapipeline/core/api/file_overrides/results.py
mediapipeline.core.api.file_overrides.effective_fields,mediapipeline.core.api.file_overrides.selectors,src/mediapipeline/core/api/file_overrides/effective_fields.py,src/mediapipeline/core/api/file_overrides/selectors.py
mediapipeline.core.api.file_overrides.effective_fields,mediapipeline.core.api.file_overrides.tracks,src/mediapipeline/core/api/file_overrides/effective_fields.py,src/mediapipeline/core/api/file_overrides/tracks.py
mediapipeline.core.api.file_overrides.effective_fields,mediapipeline.core.config.constants,src/mediapipeline/core/api/file_overrides/effective_fields.py,src/mediapipeline/core/config/constants.py
mediapipeline.core.api.file_overrides.effective_fields,mediapipeline.core.config.library_profiles,src/mediapipeline/core/api/file_overrides/effective_fields.py,src/mediapipeline/core/config/library_profiles.py
mediapipeline.core.api.file_overrides.effective_fields,mediapipeline.core.kernel.config_keys,src/mediapipeline/core/api/file_overrides/effective_fields.py,src/mediapipeline/core/kernel/config_keys.py
mediapipeline.core.api.file_overrides.effective_fields,mediapipeline.core.queue.file_overrides,src/mediapipeline/core/api/file_overrides/effective_fields.py,src/mediapipeline/core/queue/file_overrides.py
mediapipeline.core.api.file_overrides.folder_preview,mediapipeline.core.api.file_overrides.effective_fields,src/mediapipeline/core/api/file_overrides/folder_preview.py,src/mediapipeline/core/api/file_overrides/effective_fields.py
mediapipeline.core.api.file_overrides.folder_preview,mediapipeline.core.api.file_overrides.results,src/mediapipeline/core/api/file_overrides/folder_preview.py,src/mediapipeline/core/api/file_overrides/results.py
mediapipeline.core.api.file_overrides.folder_preview,mediapipeline.core.api.file_overrides.selectors,src/mediapipeline/core/api/file_overrides/folder_preview.py,src/mediapipeline/core/api/file_overrides/selectors.py
mediapipeline.core.api.file_overrides.folder_preview,mediapipeline.core.api.file_overrides.tracks,src/mediapipeline/core/api/file_overrides/folder_preview.py,src/mediapipeline/core/api/file_overrides/tracks.py
mediapipeline.core.api.file_overrides.folder_preview,mediapipeline.core.config.library_profiles,src/mediapipeline/core/api/file_overrides/folder_preview.py,src/mediapipeline/core/config/library_profiles.py
mediapipeline.core.api.file_overrides.folder_preview,mediapipeline.core.queue.file_overrides,src/mediapipeline/core/api/file_overrides/folder_preview.py,src/mediapipeline/core/queue/file_overrides.py
mediapipeline.core.api.file_overrides.folder_preview,mediapipeline.desktop.api.queue_source_path_policy,src/mediapipeline/core/api/file_overrides/folder_preview.py,src/mediapipeline/desktop/api/queue_source_path_policy.py
mediapipeline.core.api.file_overrides.results,mediapipeline.contracts.config,src/mediapipeline/core/api/file_overrides/results.py,src/mediapipeline/contracts/config.py
mediapipeline.core.api.file_overrides.route_preview,mediapipeline.core.api.file_overrides.effective_fields,src/mediapipeline/core/api/file_overrides/route_preview.py,src/mediapipeline/core/api/file_overrides/effective_fields.py
mediapipeline.core.api.file_overrides.route_preview,mediapipeline.core.api.file_overrides.results,src/mediapipeline/core/api/file_overrides/route_preview.py,src/mediapipeline/core/api/file_overrides/results.py
mediapipeline.core.api.file_overrides.route_preview,mediapipeline.core.config.constants,src/mediapipeline/core/api/file_overrides/route_preview.py,src/mediapipeline/core/config/constants.py
mediapipeline.core.api.file_overrides.route_preview,mediapipeline.core.config.library_profiles,src/mediapipeline/core/api/file_overrides/route_preview.py,src/mediapipeline/core/config/library_profiles.py
mediapipeline.core.api.file_overrides.route_preview,mediapipeline.core.config.metadata_choices,src/mediapipeline/core/api/file_overrides/route_preview.py,src/mediapipeline/core/config/metadata_choices.py
mediapipeline.core.api.file_overrides.route_preview,mediapipeline.core.kernel.config_keys,src/mediapipeline/core/api/file_overrides/route_preview.py,src/mediapipeline/core/kernel/config_keys.py
mediapipeline.core.api.file_overrides.route_preview,mediapipeline.core.queue.file_overrides,src/mediapipeline/core/api/file_overrides/route_preview.py,src/mediapipeline/core/queue/file_overrides.py
mediapipeline.core.api.file_overrides.selectors,mediapipeline.core.api.file_overrides.results,src/mediapipeline/core/api/file_overrides/selectors.py,src/mediapipeline/core/api/file_overrides/results.py
mediapipeline.core.api.file_overrides.selectors,mediapipeline.core.api.file_overrides.tracks,src/mediapipeline/core/api/file_overrides/selectors.py,src/mediapipeline/core/api/file_overrides/tracks.py
mediapipeline.core.api.file_overrides.series,mediapipeline.core.api.file_overrides.results,src/mediapipeline/core/api/file_overrides/series.py,src/mediapipeline/core/api/file_overrides/results.py
mediapipeline.core.api.file_overrides.series,mediapipeline.core.queue.file_overrides,src/mediapipeline/core/api/file_overrides/series.py,src/mediapipeline/core/queue/file_overrides.py
mediapipeline.core.api.file_overrides.tracks,mediapipeline.contracts.source_media,src/mediapipeline/core/api/file_overrides/tracks.py,src/mediapipeline/contracts/source_media.py
mediapipeline.core.api.file_overrides.tracks,mediapipeline.contracts.stages,src/mediapipeline/core/api/file_overrides/tracks.py,src/mediapipeline/contracts/stages.py
mediapipeline.core.api.file_overrides.tracks,mediapipeline.core.api.file_overrides.results,src/mediapipeline/core/api/file_overrides/tracks.py,src/mediapipeline/core/api/file_overrides/results.py
mediapipeline.core.api.file_overrides.tracks,mediapipeline.core.orchestration.runner,src/mediapipeline/core/api/file_overrides/tracks.py,src/mediapipeline/core/orchestration/runner.py
mediapipeline.core.api.file_overrides.tracks,mediapipeline.core.queue.file_overrides,src/mediapipeline/core/api/file_overrides/tracks.py,src/mediapipeline/core/queue/file_overrides.py
mediapipeline.core.application.utilities,mediapipeline.desktop.models,src/mediapipeline/core/application/utilities.py,src/mediapipeline/desktop/models.py
mediapipeline.core.audit.facade,mediapipeline.core.audit.ignore_manifest,src/mediapipeline/core/audit/facade.py,src/mediapipeline/core/audit/ignore_manifest.py
mediapipeline.core.audit.facade,mediapipeline.core.audit.preview_policy,src/mediapipeline/core/audit/facade.py,src/mediapipeline/core/audit/preview_policy.py
mediapipeline.core.audit.facade,mediapipeline.core.audit.score_policy,src/mediapipeline/core/audit/facade.py,src/mediapipeline/core/audit/score_policy.py
mediapipeline.core.audit.facade,mediapipeline.desktop.application.dto_commands,src/mediapipeline/core/audit/facade.py,src/mediapipeline/desktop/application/dto_commands.py
mediapipeline.core.audit.facade,mediapipeline.desktop.application.dto_inventory,src/mediapipeline/core/audit/facade.py,src/mediapipeline/desktop/application/dto_inventory.py
mediapipeline.core.audit.facade,mediapipeline.desktop.models,src/mediapipeline/core/audit/facade.py,src/mediapipeline/desktop/models.py
mediapipeline.core.audit.ignore_manifest,mediapipeline.core.audit.rerun_file_io,src/mediapipeline/core/audit/ignore_manifest.py,src/mediapipeline/core/audit/rerun_file_io.py
mediapipeline.core.audit.preview_policy,mediapipeline.core.audit.ignore_manifest,src/mediapipeline/core/audit/preview_policy.py,src/mediapipeline/core/audit/ignore_manifest.py
mediapipeline.core.audit.preview_policy,mediapipeline.desktop.application.dto,src/mediapipeline/core/audit/preview_policy.py,src/mediapipeline/desktop/application/dto.py
mediapipeline.core.audit.preview_policy,mediapipeline.desktop.application.dto_inventory,src/mediapipeline/core/audit/preview_policy.py,src/mediapipeline/desktop/application/dto_inventory.py
mediapipeline.core.audit.preview_policy,mediapipeline.desktop.models,src/mediapipeline/core/audit/preview_policy.py,src/mediapipeline/desktop/models.py
mediapipeline.core.audit.rerun_contracts,mediapipeline.desktop.models_core,src/mediapipeline/core/audit/rerun_contracts.py,src/mediapipeline/desktop/models_core.py
mediapipeline.core.audit.rerun_contracts,mediapipeline.desktop.subprocess_runner,src/mediapipeline/core/audit/rerun_contracts.py,src/mediapipeline/desktop/subprocess_runner.py
mediapipeline.core.audit.rerun_csv,mediapipeline.core.audit.rerun_records,src/mediapipeline/core/audit/rerun_csv.py,src/mediapipeline/core/audit/rerun_records.py
mediapipeline.core.audit.rerun_csv,mediapipeline.desktop.models,src/mediapipeline/core/audit/rerun_csv.py,src/mediapipeline/desktop/models.py
mediapipeline.core.audit.rerun_export,mediapipeline.core.audit.rerun_contracts,src/mediapipeline/core/audit/rerun_export.py,src/mediapipeline/core/audit/rerun_contracts.py
mediapipeline.core.audit.rerun_export,mediapipeline.core.audit.rerun_csv,src/mediapipeline/core/audit/rerun_export.py,src/mediapipeline/core/audit/rerun_csv.py
mediapipeline.core.audit.rerun_export,mediapipeline.core.audit.rerun_file_io,src/mediapipeline/core/audit/rerun_export.py,src/mediapipeline/core/audit/rerun_file_io.py
mediapipeline.core.audit.rerun_export,mediapipeline.desktop.models,src/mediapipeline/core/audit/rerun_export.py,src/mediapipeline/desktop/models.py
mediapipeline.core.audit.rerun_io,mediapipeline.core.audit.rerun_file_io,src/mediapipeline/core/audit/rerun_io.py,src/mediapipeline/core/audit/rerun_file_io.py
mediapipeline.core.audit.rerun_io,mediapipeline.core.failures.markers,src/mediapipeline/core/audit/rerun_io.py,src/mediapipeline/core/failures/markers.py
mediapipeline.core.audit.rerun_io,mediapipeline.desktop.models,src/mediapipeline/core/audit/rerun_io.py,src/mediapipeline/desktop/models.py
mediapipeline.core.audit.rerun_metadata,mediapipeline.core.audit.rerun_contracts,src/mediapipeline/core/audit/rerun_metadata.py,src/mediapipeline/core/audit/rerun_contracts.py
mediapipeline.core.audit.rerun_metadata,mediapipeline.core.audit.rerun_file_io,src/mediapipeline/core/audit/rerun_metadata.py,src/mediapipeline/core/audit/rerun_file_io.py
mediapipeline.core.audit.rerun_metadata,mediapipeline.desktop.models,src/mediapipeline/core/audit/rerun_metadata.py,src/mediapipeline/desktop/models.py
mediapipeline.core.audit.rerun_metadata,mediapipeline.desktop.subprocess_runner,src/mediapipeline/core/audit/rerun_metadata.py,src/mediapipeline/desktop/subprocess_runner.py
mediapipeline.core.audit.rerun_records,mediapipeline.desktop.models,src/mediapipeline/core/audit/rerun_records.py,src/mediapipeline/desktop/models.py
mediapipeline.core.audit.rerun_service,mediapipeline.core.audit.rerun_export,src/mediapipeline/core/audit/rerun_service.py,src/mediapipeline/core/audit/rerun_export.py
mediapipeline.core.audit.rerun_service,mediapipeline.core.audit.rerun_io,src/mediapipeline/core/audit/rerun_service.py,src/mediapipeline/core/audit/rerun_io.py
mediapipeline.core.audit.rerun_service,mediapipeline.core.audit.rerun_metadata,src/mediapipeline/core/audit/rerun_service.py,src/mediapipeline/core/audit/rerun_metadata.py
mediapipeline.core.audit.rerun_service,mediapipeline.core.audit.rerun_records,src/mediapipeline/core/audit/rerun_service.py,src/mediapipeline/core/audit/rerun_records.py
mediapipeline.core.audit.rerun_service,mediapipeline.desktop.models,src/mediapipeline/core/audit/rerun_service.py,src/mediapipeline/desktop/models.py
mediapipeline.core.audit.rerun_service,mediapipeline.desktop.subprocess_runner,src/mediapipeline/core/audit/rerun_service.py,src/mediapipeline/desktop/subprocess_runner.py
mediapipeline.core.audit.score_policy,mediapipeline.core.audit.rerun_file_io,src/mediapipeline/core/audit/score_policy.py,src/mediapipeline/core/audit/rerun_file_io.py
mediapipeline.core.completed.backfill,mediapipeline.desktop.models,src/mediapipeline/core/completed/backfill.py,src/mediapipeline/desktop/models.py
mediapipeline.core.completed.backfill,mediapipeline.desktop.subprocess_runner,src/mediapipeline/core/completed/backfill.py,src/mediapipeline/desktop/subprocess_runner.py
mediapipeline.core.completed.facade,mediapipeline.core.completed.manifest,src/mediapipeline/core/completed/facade.py,src/mediapipeline/core/completed/manifest.py
mediapipeline.core.completed.facade,mediapipeline.core.completed.policy,src/mediapipeline/core/completed/facade.py,src/mediapipeline/core/completed/policy.py
mediapipeline.core.completed.facade,mediapipeline.desktop.application.dto_inventory,src/mediapipeline/core/completed/facade.py,src/mediapipeline/desktop/application/dto_inventory.py
mediapipeline.core.completed.facade,mediapipeline.desktop.models,src/mediapipeline/core/completed/facade.py,src/mediapipeline/desktop/models.py
mediapipeline.core.completed.manifest,mediapipeline.desktop.models,src/mediapipeline/core/completed/manifest.py,src/mediapipeline/desktop/models.py
mediapipeline.core.completed.open_facade,mediapipeline.core.completed.open_policy,src/mediapipeline/core/completed/open_facade.py,src/mediapipeline/core/completed/open_policy.py
mediapipeline.core.completed.open_facade,mediapipeline.desktop.application.dto_commands,src/mediapipeline/core/completed/open_facade.py,src/mediapipeline/desktop/application/dto_commands.py
mediapipeline.core.completed.open_facade,mediapipeline.desktop.models,src/mediapipeline/core/completed/open_facade.py,src/mediapipeline/desktop/models.py
mediapipeline.core.completed.open_policy,mediapipeline.desktop.application.dto_commands,src/mediapipeline/core/completed/open_policy.py,src/mediapipeline/desktop/application/dto_commands.py
mediapipeline.core.completed.open_policy,mediapipeline.desktop.models,src/mediapipeline/core/completed/open_policy.py,src/mediapipeline/desktop/models.py
mediapipeline.core.completed.policy,mediapipeline.core.completed.manifest,src/mediapipeline/core/completed/policy.py,src/mediapipeline/core/completed/manifest.py
mediapipeline.core.completed.policy,mediapipeline.core.completed.trust_fields,src/mediapipeline/core/completed/policy.py,src/mediapipeline/core/completed/trust_fields.py
mediapipeline.core.completed.policy,mediapipeline.core.completed.validation_state,src/mediapipeline/core/completed/policy.py,src/mediapipeline/core/completed/validation_state.py
mediapipeline.core.completed.policy,mediapipeline.core.files.constants,src/mediapipeline/core/completed/policy.py,src/mediapipeline/core/files/constants.py
mediapipeline.core.completed.policy,mediapipeline.core.observability.artifact_freshness,src/mediapipeline/core/completed/policy.py,src/mediapipeline/core/observability/artifact_freshness.py
mediapipeline.core.completed.policy,mediapipeline.core.observability.runtime_outcomes,src/mediapipeline/core/completed/policy.py,src/mediapipeline/core/observability/runtime_outcomes.py
mediapipeline.core.completed.policy,mediapipeline.core.subtitles.qa,src/mediapipeline/core/completed/policy.py,src/mediapipeline/core/subtitles/qa.py
mediapipeline.core.completed.policy,mediapipeline.desktop.application.dto_inventory,src/mediapipeline/core/completed/policy.py,src/mediapipeline/desktop/application/dto_inventory.py
mediapipeline.core.completed.policy,mediapipeline.desktop.models,src/mediapipeline/core/completed/policy.py,src/mediapipeline/desktop/models.py
mediapipeline.core.completed.service,mediapipeline.core.completed.backfill,src/mediapipeline/core/completed/service.py,src/mediapipeline/core/completed/backfill.py
mediapipeline.core.completed.service,mediapipeline.core.completed.manifest,src/mediapipeline/core/completed/service.py,src/mediapipeline/core/completed/manifest.py
mediapipeline.core.completed.service,mediapipeline.core.kernel.config_keys,src/mediapipeline/core/completed/service.py,src/mediapipeline/core/kernel/config_keys.py
mediapipeline.core.completed.service,mediapipeline.desktop.models,src/mediapipeline/core/completed/service.py,src/mediapipeline/desktop/models.py
mediapipeline.core.completed.service,mediapipeline.desktop.subprocess_runner,src/mediapipeline/core/completed/service.py,src/mediapipeline/desktop/subprocess_runner.py
mediapipeline.core.config.contracts,mediapipeline.desktop.models_core,src/mediapipeline/core/config/contracts.py,src/mediapipeline/desktop/models_core.py
mediapipeline.core.config.contracts,mediapipeline.desktop.subprocess_runner,src/mediapipeline/core/config/contracts.py,src/mediapipeline/desktop/subprocess_runner.py
mediapipeline.core.config.document_runner,mediapipeline.core.config.contracts,src/mediapipeline/core/config/document_runner.py,src/mediapipeline/core/config/contracts.py
mediapipeline.core.config.document_runner,mediapipeline.core.config.load,src/mediapipeline/core/config/document_runner.py,src/mediapipeline/core/config/load.py
mediapipeline.core.config.encoding_capabilities,mediapipeline.core.config.preset_policy,src/mediapipeline/core/config/encoding_capabilities.py,src/mediapipeline/core/config/preset_policy.py
mediapipeline.core.config.identity,mediapipeline.core.kernel.config_locations,src/mediapipeline/core/config/identity.py,src/mediapipeline/core/kernel/config_locations.py
mediapipeline.core.config.library_profile_defaults,mediapipeline.core.config.metadata_parts.field_definitions,src/mediapipeline/core/config/library_profile_defaults.py,src/mediapipeline/core/config/metadata_parts/field_definitions.py
mediapipeline.core.config.library_profile_defaults,mediapipeline.core.kernel.config_keys,src/mediapipeline/core/config/library_profile_defaults.py,src/mediapipeline/core/kernel/config_keys.py
mediapipeline.core.config.library_profile_normalization,mediapipeline.core.config.library_profile_defaults,src/mediapipeline/core/config/library_profile_normalization.py,src/mediapipeline/core/config/library_profile_defaults.py
mediapipeline.core.config.library_profile_normalization,mediapipeline.core.kernel.config_keys,src/mediapipeline/core/config/library_profile_normalization.py,src/mediapipeline/core/kernel/config_keys.py
mediapipeline.core.config.library_profile_promotion,mediapipeline.core.config.library_profile_defaults,src/mediapipeline/core/config/library_profile_promotion.py,src/mediapipeline/core/config/library_profile_defaults.py
mediapipeline.core.config.library_profile_promotion,mediapipeline.core.config.library_profile_normalization,src/mediapipeline/core/config/library_profile_promotion.py,src/mediapipeline/core/config/library_profile_normalization.py
mediapipeline.core.config.library_profile_promotion,mediapipeline.core.kernel.config_keys,src/mediapipeline/core/config/library_profile_promotion.py,src/mediapipeline/core/kernel/config_keys.py
mediapipeline.core.config.library_profile_state,mediapipeline.core.config.library_profile_defaults,src/mediapipeline/core/config/library_profile_state.py,src/mediapipeline/core/config/library_profile_defaults.py
mediapipeline.core.config.library_profile_state,mediapipeline.core.config.library_profile_normalization,src/mediapipeline/core/config/library_profile_state.py,src/mediapipeline/core/config/library_profile_normalization.py
mediapipeline.core.config.library_profile_state,mediapipeline.core.config.library_profile_promotion,src/mediapipeline/core/config/library_profile_state.py,src/mediapipeline/core/config/library_profile_promotion.py
mediapipeline.core.config.library_profile_state,mediapipeline.core.kernel.config_keys,src/mediapipeline/core/config/library_profile_state.py,src/mediapipeline/core/kernel/config_keys.py
mediapipeline.core.config.library_profile_validation,mediapipeline.core.config.library_profile_defaults,src/mediapipeline/core/config/library_profile_validation.py,src/mediapipeline/core/config/library_profile_defaults.py
mediapipeline.core.config.library_profile_validation,mediapipeline.core.config.library_profile_normalization,src/mediapipeline/core/config/library_profile_validation.py,src/mediapipeline/core/config/library_profile_normalization.py
mediapipeline.core.config.library_profile_validation,mediapipeline.core.config.library_profile_state,src/mediapipeline/core/config/library_profile_validation.py,src/mediapipeline/core/config/library_profile_state.py
mediapipeline.core.config.library_profile_validation,mediapipeline.core.config.numeric_policy,src/mediapipeline/core/config/library_profile_validation.py,src/mediapipeline/core/config/numeric_policy.py
mediapipeline.core.config.library_profile_validation,mediapipeline.core.config.option_policy,src/mediapipeline/core/config/library_profile_validation.py,src/mediapipeline/core/config/option_policy.py
mediapipeline.core.config.library_profile_validation,mediapipeline.core.kernel.config_keys,src/mediapipeline/core/config/library_profile_validation.py,src/mediapipeline/core/kernel/config_keys.py
mediapipeline.core.config.library_profile_wizard,mediapipeline.core.config.library_profile_defaults,src/mediapipeline/core/config/library_profile_wizard.py,src/mediapipeline/core/config/library_profile_defaults.py
mediapipeline.core.config.library_profile_wizard,mediapipeline.core.config.library_profile_normalization,src/mediapipeline/core/config/library_profile_wizard.py,src/mediapipeline/core/config/library_profile_normalization.py
mediapipeline.core.config.library_profile_wizard,mediapipeline.core.kernel.config_keys,src/mediapipeline/core/config/library_profile_wizard.py,src/mediapipeline/core/kernel/config_keys.py
mediapipeline.core.config.library_profiles,mediapipeline.core.config.library_profile_compatibility,src/mediapipeline/core/config/library_profiles.py,src/mediapipeline/core/config/library_profile_compatibility.py
mediapipeline.core.config.library_profiles,mediapipeline.core.config.library_profile_defaults,src/mediapipeline/core/config/library_profiles.py,src/mediapipeline/core/config/library_profile_defaults.py
mediapipeline.core.config.library_profiles,mediapipeline.core.config.library_profile_normalization,src/mediapipeline/core/config/library_profiles.py,src/mediapipeline/core/config/library_profile_normalization.py
mediapipeline.core.config.library_profiles,mediapipeline.core.config.library_profile_promotion,src/mediapipeline/core/config/library_profiles.py,src/mediapipeline/core/config/library_profile_promotion.py
mediapipeline.core.config.library_profiles,mediapipeline.core.config.library_profile_state,src/mediapipeline/core/config/library_profiles.py,src/mediapipeline/core/config/library_profile_state.py
mediapipeline.core.config.library_profiles,mediapipeline.core.config.library_profile_validation,src/mediapipeline/core/config/library_profiles.py,src/mediapipeline/core/config/library_profile_validation.py
mediapipeline.core.config.library_profiles,mediapipeline.core.config.library_profile_wizard,src/mediapipeline/core/config/library_profiles.py,src/mediapipeline/core/config/library_profile_wizard.py
mediapipeline.core.config.load,mediapipeline.contracts.config,src/mediapipeline/core/config/load.py,src/mediapipeline/contracts/config.py
mediapipeline.core.config.load,mediapipeline.tools.paths,src/mediapipeline/core/config/load.py,src/mediapipeline/tools/paths.py
mediapipeline.core.config.metadata,mediapipeline.contracts.config,src/mediapipeline/core/config/metadata.py,src/mediapipeline/contracts/config.py
mediapipeline.core.config.metadata,mediapipeline.core.config.metadata_choices,src/mediapipeline/core/config/metadata.py,src/mediapipeline/core/config/metadata_choices.py
mediapipeline.core.config.metadata,mediapipeline.core.config.metadata_layout,src/mediapipeline/core/config/metadata.py,src/mediapipeline/core/config/metadata_layout.py
mediapipeline.core.config.metadata,mediapipeline.core.config.metadata_network,src/mediapipeline/core/config/metadata.py,src/mediapipeline/core/config/metadata_network.py
mediapipeline.core.config.metadata,mediapipeline.core.config.metadata_parts.field_definitions,src/mediapipeline/core/config/metadata.py,src/mediapipeline/core/config/metadata_parts/field_definitions.py
mediapipeline.core.config.metadata,mediapipeline.core.config.metadata_parts.policy,src/mediapipeline/core/config/metadata.py,src/mediapipeline/core/config/metadata_parts/policy.py
mediapipeline.core.config.metadata,mediapipeline.core.config.metadata_support,src/mediapipeline/core/config/metadata.py,src/mediapipeline/core/config/metadata_support.py
mediapipeline.core.config.metadata_parts.advanced_fields,mediapipeline.core.config.metadata_parts.policy,src/mediapipeline/core/config/metadata_parts/advanced_fields.py,src/mediapipeline/core/config/metadata_parts/policy.py
mediapipeline.core.config.metadata_parts.advanced_fields,mediapipeline.core.rename.constants,src/mediapipeline/core/config/metadata_parts/advanced_fields.py,src/mediapipeline/core/rename/constants.py
mediapipeline.core.config.metadata_parts.advanced_fields,mediapipeline.core.rename.movie,src/mediapipeline/core/config/metadata_parts/advanced_fields.py,src/mediapipeline/core/rename/movie.py
mediapipeline.core.config.metadata_parts.basic_fields,mediapipeline.core.config.metadata_parts.basic_media_policy,src/mediapipeline/core/config/metadata_parts/basic_fields.py,src/mediapipeline/core/config/metadata_parts/basic_media_policy.py
mediapipeline.core.config.metadata_parts.basic_fields,mediapipeline.core.config.metadata_parts.basic_paths,src/mediapipeline/core/config/metadata_parts/basic_fields.py,src/mediapipeline/core/config/metadata_parts/basic_paths.py
mediapipeline.core.config.metadata_parts.basic_fields,mediapipeline.core.config.metadata_parts.basic_processing,src/mediapipeline/core/config/metadata_parts/basic_fields.py,src/mediapipeline/core/config/metadata_parts/basic_processing.py
mediapipeline.core.config.metadata_parts.basic_media_policy,mediapipeline.core.config.metadata_parts.policy,src/mediapipeline/core/config/metadata_parts/basic_media_policy.py,src/mediapipeline/core/config/metadata_parts/policy.py
mediapipeline.core.config.metadata_parts.basic_media_policy,mediapipeline.core.config.metadata_support,src/mediapipeline/core/config/metadata_parts/basic_media_policy.py,src/mediapipeline/core/config/metadata_support.py
mediapipeline.core.config.metadata_parts.basic_processing,mediapipeline.core.config.metadata_parts.policy,src/mediapipeline/core/config/metadata_parts/basic_processing.py,src/mediapipeline/core/config/metadata_parts/policy.py
mediapipeline.core.config.metadata_parts.field_definitions,mediapipeline.core.config.metadata_parts.field_display,src/mediapipeline/core/config/metadata_parts/field_definitions.py,src/mediapipeline/core/config/metadata_parts/field_display.py
mediapipeline.core.config.metadata_parts.field_definitions,mediapipeline.core.config.metadata_parts.field_registry,src/mediapipeline/core/config/metadata_parts/field_definitions.py,src/mediapipeline/core/config/metadata_parts/field_registry.py
mediapipeline.core.config.metadata_parts.field_definitions,mediapipeline.core.config.metadata_parts.field_scope,src/mediapipeline/core/config/metadata_parts/field_definitions.py,src/mediapipeline/core/config/metadata_parts/field_scope.py
mediapipeline.core.config.metadata_parts.field_display,mediapipeline.core.config.metadata_parts.field_scope,src/mediapipeline/core/config/metadata_parts/field_display.py,src/mediapipeline/core/config/metadata_parts/field_scope.py
mediapipeline.core.config.metadata_parts.field_registry,mediapipeline.core.config.metadata_parts.advanced_fields,src/mediapipeline/core/config/metadata_parts/field_registry.py,src/mediapipeline/core/config/metadata_parts/advanced_fields.py
mediapipeline.core.config.metadata_parts.field_registry,mediapipeline.core.config.metadata_parts.basic_fields,src/mediapipeline/core/config/metadata_parts/field_registry.py,src/mediapipeline/core/config/metadata_parts/basic_fields.py
mediapipeline.core.config.metadata_parts.field_registry,mediapipeline.core.config.metadata_parts.network_fields,src/mediapipeline/core/config/metadata_parts/field_registry.py,src/mediapipeline/core/config/metadata_parts/network_fields.py
mediapipeline.core.config.metadata_parts.field_registry,mediapipeline.core.config.metadata_parts.queue_fields,src/mediapipeline/core/config/metadata_parts/field_registry.py,src/mediapipeline/core/config/metadata_parts/queue_fields.py
mediapipeline.core.config.metadata_parts.field_registry,mediapipeline.core.config.metadata_parts.subtitle_fields,src/mediapipeline/core/config/metadata_parts/field_registry.py,src/mediapipeline/core/config/metadata_parts/subtitle_fields.py
mediapipeline.core.config.metadata_parts.field_registry,mediapipeline.core.config.metadata_parts.video_fields,src/mediapipeline/core/config/metadata_parts/field_registry.py,src/mediapipeline/core/config/metadata_parts/video_fields.py
mediapipeline.core.config.metadata_parts.field_scope,mediapipeline.core.config.preset_compatibility,src/mediapipeline/core/config/metadata_parts/field_scope.py,src/mediapipeline/core/config/preset_compatibility.py
mediapipeline.core.config.metadata_parts.network_fields,mediapipeline.core.config.metadata_network,src/mediapipeline/core/config/metadata_parts/network_fields.py,src/mediapipeline/core/config/metadata_network.py
mediapipeline.core.config.metadata_parts.policy,mediapipeline.core.config.constants,src/mediapipeline/core/config/metadata_parts/policy.py,src/mediapipeline/core/config/constants.py
mediapipeline.core.config.metadata_parts.video_fields,mediapipeline.core.config.metadata_support,src/mediapipeline/core/config/metadata_parts/video_fields.py,src/mediapipeline/core/config/metadata_support.py
mediapipeline.core.config.numeric_policy,mediapipeline.contracts.height_tolerance,src/mediapipeline/core/config/numeric_policy.py,src/mediapipeline/contracts/height_tolerance.py
mediapipeline.core.config.numeric_policy,mediapipeline.core.config.value_checks,src/mediapipeline/core/config/numeric_policy.py,src/mediapipeline/core/config/value_checks.py
mediapipeline.core.config.numeric_policy,mediapipeline.core.kernel.config_keys,src/mediapipeline/core/config/numeric_policy.py,src/mediapipeline/core/kernel/config_keys.py
mediapipeline.core.config.option_policy,mediapipeline.core.config.constants,src/mediapipeline/core/config/option_policy.py,src/mediapipeline/core/config/constants.py
mediapipeline.core.config.option_policy,mediapipeline.core.kernel.config_keys,src/mediapipeline/core/config/option_policy.py,src/mediapipeline/core/kernel/config_keys.py
mediapipeline.core.config.path_warnings,mediapipeline.core.config.value_checks,src/mediapipeline/core/config/path_warnings.py,src/mediapipeline/core/config/value_checks.py
mediapipeline.core.config.path_warnings,mediapipeline.core.kernel.config_keys,src/mediapipeline/core/config/path_warnings.py,src/mediapipeline/core/kernel/config_keys.py
mediapipeline.core.config.preset_compatibility,mediapipeline.contracts.config,src/mediapipeline/core/config/preset_compatibility.py,src/mediapipeline/contracts/config.py
mediapipeline.core.config.preset_migration,mediapipeline.contracts.config,src/mediapipeline/core/config/preset_migration.py,src/mediapipeline/contracts/config.py
mediapipeline.core.config.preset_migration,mediapipeline.contracts.decision_policy,src/mediapipeline/core/config/preset_migration.py,src/mediapipeline/contracts/decision_policy.py
mediapipeline.core.config.preset_migration,mediapipeline.core.config.encoding_capabilities,src/mediapipeline/core/config/preset_migration.py,src/mediapipeline/core/config/encoding_capabilities.py
mediapipeline.core.config.preset_migration,mediapipeline.core.config.preset_compatibility,src/mediapipeline/core/config/preset_migration.py,src/mediapipeline/core/config/preset_compatibility.py
mediapipeline.core.config.preset_migration,mediapipeline.core.config.preset_display_adapter,src/mediapipeline/core/config/preset_migration.py,src/mediapipeline/core/config/preset_display_adapter.py
mediapipeline.core.config.preset_migration,mediapipeline.core.config.preset_migration_models,src/mediapipeline/core/config/preset_migration.py,src/mediapipeline/core/config/preset_migration_models.py
mediapipeline.core.config.preset_migration,mediapipeline.core.config.preset_policy,src/mediapipeline/core/config/preset_migration.py,src/mediapipeline/core/config/preset_policy.py
mediapipeline.core.config.preset_migration_models,mediapipeline.contracts.config,src/mediapipeline/core/config/preset_migration_models.py,src/mediapipeline/contracts/config.py
mediapipeline.core.config.preset_migration_models,mediapipeline.contracts.verification,src/mediapipeline/core/config/preset_migration_models.py,src/mediapipeline/contracts/verification.py
mediapipeline.core.config.preset_policy,mediapipeline.contracts.height_tolerance,src/mediapipeline/core/config/preset_policy.py,src/mediapipeline/contracts/height_tolerance.py
mediapipeline.core.config.preset_policy,mediapipeline.contracts.verification,src/mediapipeline/core/config/preset_policy.py,src/mediapipeline/contracts/verification.py
mediapipeline.core.config.preset_policy,mediapipeline.core.config.preset_encoding_sections,src/mediapipeline/core/config/preset_policy.py,src/mediapipeline/core/config/preset_encoding_sections.py
mediapipeline.core.config.preview,mediapipeline.contracts.config,src/mediapipeline/core/config/preview.py,src/mediapipeline/contracts/config.py
mediapipeline.core.config.preview,mediapipeline.core.config.constants,src/mediapipeline/core/config/preview.py,src/mediapipeline/core/config/constants.py
mediapipeline.core.config.preview,mediapipeline.core.config.library_profiles,src/mediapipeline/core/config/preview.py,src/mediapipeline/core/config/library_profiles.py
mediapipeline.core.config.preview,mediapipeline.desktop.models,src/mediapipeline/core/config/preview.py,src/mediapipeline/desktop/models.py
mediapipeline.core.config.profiles,mediapipeline.core.config.constants,src/mediapipeline/core/config/profiles.py,src/mediapipeline/core/config/constants.py
mediapipeline.core.config.recovery,mediapipeline.core.config.identity,src/mediapipeline/core/config/recovery.py,src/mediapipeline/core/config/identity.py
mediapipeline.core.config.recovery,mediapipeline.core.kernel.config_locations,src/mediapipeline/core/config/recovery.py,src/mediapipeline/core/kernel/config_locations.py
mediapipeline.core.config.rollout,mediapipeline.core.config.preset_policy,src/mediapipeline/core/config/rollout.py,src/mediapipeline/core/config/preset_policy.py
mediapipeline.core.config.save_runner,mediapipeline.core.config.contracts,src/mediapipeline/core/config/save_runner.py,src/mediapipeline/core/config/contracts.py
mediapipeline.core.config.save_runner,mediapipeline.core.config.file_io,src/mediapipeline/core/config/save_runner.py,src/mediapipeline/core/config/file_io.py
mediapipeline.core.config.save_runner,mediapipeline.desktop.models,src/mediapipeline/core/config/save_runner.py,src/mediapipeline/desktop/models.py
mediapipeline.core.config.service,mediapipeline.core.config.document_runner,src/mediapipeline/core/config/service.py,src/mediapipeline/core/config/document_runner.py
mediapipeline.core.config.service,mediapipeline.core.config.load,src/mediapipeline/core/config/service.py,src/mediapipeline/core/config/load.py
mediapipeline.core.config.service,mediapipeline.core.config.path_warnings,src/mediapipeline/core/config/service.py,src/mediapipeline/core/config/path_warnings.py
mediapipeline.core.config.service,mediapipeline.core.config.preview,src/mediapipeline/core/config/service.py,src/mediapipeline/core/config/preview.py
mediapipeline.core.config.service,mediapipeline.core.config.profiles,src/mediapipeline/core/config/service.py,src/mediapipeline/core/config/profiles.py
mediapipeline.core.config.service,mediapipeline.core.config.save_runner,src/mediapipeline/core/config/service.py,src/mediapipeline/core/config/save_runner.py
mediapipeline.core.config.service,mediapipeline.core.config.validation,src/mediapipeline/core/config/service.py,src/mediapipeline/core/config/validation.py
mediapipeline.core.config.service,mediapipeline.desktop.models,src/mediapipeline/core/config/service.py,src/mediapipeline/desktop/models.py
mediapipeline.core.config.service,mediapipeline.desktop.subprocess_runner,src/mediapipeline/core/config/service.py,src/mediapipeline/desktop/subprocess_runner.py
mediapipeline.core.config.settings_facade,mediapipeline.core.config.identity,src/mediapipeline/core/config/settings_facade.py,src/mediapipeline/core/config/identity.py
mediapipeline.core.config.settings_facade,mediapipeline.core.config.library_profiles,src/mediapipeline/core/config/settings_facade.py,src/mediapipeline/core/config/library_profiles.py
mediapipeline.core.config.settings_facade,mediapipeline.core.config.profiles,src/mediapipeline/core/config/settings_facade.py,src/mediapipeline/core/config/profiles.py
mediapipeline.core.config.settings_facade,mediapipeline.core.config.settings_policy,src/mediapipeline/core/config/settings_facade.py,src/mediapipeline/core/config/settings_policy.py
mediapipeline.core.config.settings_facade,mediapipeline.core.processes.path_evidence,src/mediapipeline/core/config/settings_facade.py,src/mediapipeline/core/processes/path_evidence.py
mediapipeline.core.config.settings_facade,mediapipeline.desktop.application.dto_commands,src/mediapipeline/core/config/settings_facade.py,src/mediapipeline/desktop/application/dto_commands.py
mediapipeline.core.config.settings_facade,mediapipeline.desktop.application.dto_workspaces,src/mediapipeline/core/config/settings_facade.py,src/mediapipeline/desktop/application/dto_workspaces.py
mediapipeline.core.config.settings_facade,mediapipeline.desktop.application.settings_risk_policy,src/mediapipeline/core/config/settings_facade.py,src/mediapipeline/desktop/application/settings_risk_policy.py
mediapipeline.core.config.settings_facade,mediapipeline.desktop.models,src/mediapipeline/core/config/settings_facade.py,src/mediapipeline/desktop/models.py
mediapipeline.core.config.settings_helpers_facade,mediapipeline.core.config.metadata,src/mediapipeline/core/config/settings_helpers_facade.py,src/mediapipeline/core/config/metadata.py
mediapipeline.core.config.settings_patch_candidate_facade,mediapipeline.core.config.library_profiles,src/mediapipeline/core/config/settings_patch_candidate_facade.py,src/mediapipeline/core/config/library_profiles.py
mediapipeline.core.config.settings_patch_candidate_facade,mediapipeline.core.config.settings_patch_policy,src/mediapipeline/core/config/settings_patch_candidate_facade.py,src/mediapipeline/core/config/settings_patch_policy.py
mediapipeline.core.config.settings_patch_candidate_facade,mediapipeline.core.config.validation,src/mediapipeline/core/config/settings_patch_candidate_facade.py,src/mediapipeline/core/config/validation.py
mediapipeline.core.config.settings_patch_candidate_facade,mediapipeline.core.kernel.config_keys,src/mediapipeline/core/config/settings_patch_candidate_facade.py,src/mediapipeline/core/kernel/config_keys.py
mediapipeline.core.config.settings_patch_candidate_facade,mediapipeline.core.rename.policy,src/mediapipeline/core/config/settings_patch_candidate_facade.py,src/mediapipeline/core/rename/policy.py
mediapipeline.core.config.settings_patch_candidate_facade,mediapipeline.desktop.application.dto_base,src/mediapipeline/core/config/settings_patch_candidate_facade.py,src/mediapipeline/desktop/application/dto_base.py
mediapipeline.core.config.settings_patch_candidate_facade,mediapipeline.desktop.models,src/mediapipeline/core/config/settings_patch_candidate_facade.py,src/mediapipeline/desktop/models.py
mediapipeline.core.config.settings_patch_policy,mediapipeline.desktop.application.dto_commands,src/mediapipeline/core/config/settings_patch_policy.py,src/mediapipeline/desktop/application/dto_commands.py
mediapipeline.core.config.settings_patch_policy,mediapipeline.desktop.models,src/mediapipeline/core/config/settings_patch_policy.py,src/mediapipeline/desktop/models.py
mediapipeline.core.config.settings_policy,mediapipeline.core.kernel.config_keys,src/mediapipeline/core/config/settings_policy.py,src/mediapipeline/core/kernel/config_keys.py
mediapipeline.core.config.settings_policy,mediapipeline.desktop.application.dto_commands,src/mediapipeline/core/config/settings_policy.py,src/mediapipeline/desktop/application/dto_commands.py
mediapipeline.core.config.settings_policy,mediapipeline.desktop.models,src/mediapipeline/core/config/settings_policy.py,src/mediapipeline/desktop/models.py
mediapipeline.core.config.settings_risk_facade,mediapipeline.desktop.application.settings_risk_policy,src/mediapipeline/core/config/settings_risk_facade.py,src/mediapipeline/desktop/application/settings_risk_policy.py
mediapipeline.core.config.settings_wizard,mediapipeline.core.config.library_profiles,src/mediapipeline/core/config/settings_wizard.py,src/mediapipeline/core/config/library_profiles.py
mediapipeline.core.config.settings_wizard,mediapipeline.core.kernel.config_keys,src/mediapipeline/core/config/settings_wizard.py,src/mediapipeline/core/kernel/config_keys.py
mediapipeline.core.config.settings_wizard,mediapipeline.desktop.application.dto_commands,src/mediapipeline/core/config/settings_wizard.py,src/mediapipeline/desktop/application/dto_commands.py
mediapipeline.core.config.settings_wizard,mediapipeline.desktop.models,src/mediapipeline/core/config/settings_wizard.py,src/mediapipeline/desktop/models.py
mediapipeline.core.config.settings_wizard_facade,mediapipeline.core.config.settings_wizard,src/mediapipeline/core/config/settings_wizard_facade.py,src/mediapipeline/core/config/settings_wizard.py
mediapipeline.core.config.settings_wizard_facade,mediapipeline.desktop.application.dto_commands,src/mediapipeline/core/config/settings_wizard_facade.py,src/mediapipeline/desktop/application/dto_commands.py
mediapipeline.core.config.settings_wizard_facade,mediapipeline.desktop.models,src/mediapipeline/core/config/settings_wizard_facade.py,src/mediapipeline/desktop/models.py
mediapipeline.core.config.validation,mediapipeline.contracts.config,src/mediapipeline/core/config/validation.py,src/mediapipeline/contracts/config.py
mediapipeline.core.config.validation,mediapipeline.core.config.library_profiles,src/mediapipeline/core/config/validation.py,src/mediapipeline/core/config/library_profiles.py
mediapipeline.core.config.validation,mediapipeline.core.config.numeric_policy,src/mediapipeline/core/config/validation.py,src/mediapipeline/core/config/numeric_policy.py
mediapipeline.core.config.validation,mediapipeline.core.config.option_policy,src/mediapipeline/core/config/validation.py,src/mediapipeline/core/config/option_policy.py
mediapipeline.core.config.validation,mediapipeline.core.config.path_warnings,src/mediapipeline/core/config/validation.py,src/mediapipeline/core/config/path_warnings.py
mediapipeline.core.config.validation,mediapipeline.core.config.preset_migration,src/mediapipeline/core/config/validation.py,src/mediapipeline/core/config/preset_migration.py
mediapipeline.core.config.validation,mediapipeline.core.kernel.config_key_aliases,src/mediapipeline/core/config/validation.py,src/mediapipeline/core/kernel/config_key_aliases.py
mediapipeline.core.config.validation,mediapipeline.core.kernel.config_key_order,src/mediapipeline/core/config/validation.py,src/mediapipeline/core/kernel/config_key_order.py
mediapipeline.core.config.validation,mediapipeline.core.kernel.config_keys,src/mediapipeline/core/config/validation.py,src/mediapipeline/core/kernel/config_keys.py
mediapipeline.core.decide.encoding_rules,mediapipeline.contracts.source_media,src/mediapipeline/core/decide/encoding_rules.py,src/mediapipeline/contracts/source_media.py
mediapipeline.core.decide.encoding_rules,mediapipeline.core.decide.processing_decision,src/mediapipeline/core/decide/encoding_rules.py,src/mediapipeline/core/decide/processing_decision.py
mediapipeline.core.decide.encoding_rules,mediapipeline.core.decide.routing_facts,src/mediapipeline/core/decide/encoding_rules.py,src/mediapipeline/core/decide/routing_facts.py
mediapipeline.core.decide.processing_decision,mediapipeline.contracts.decision_policy,src/mediapipeline/core/decide/processing_decision.py,src/mediapipeline/contracts/decision_policy.py
mediapipeline.core.decide.processing_decision,mediapipeline.contracts.verification,src/mediapipeline/core/decide/processing_decision.py,src/mediapipeline/contracts/verification.py
mediapipeline.core.decide.routing,mediapipeline.contracts.source_media,src/mediapipeline/core/decide/routing.py,src/mediapipeline/contracts/source_media.py
mediapipeline.core.decide.routing,mediapipeline.core.decide.encoding_rules,src/mediapipeline/core/decide/routing.py,src/mediapipeline/core/decide/encoding_rules.py
mediapipeline.core.decide.routing,mediapipeline.core.decide.processing_decision,src/mediapipeline/core/decide/routing.py,src/mediapipeline/core/decide/processing_decision.py
mediapipeline.core.decide.routing,mediapipeline.core.decide.routing_facts,src/mediapipeline/core/decide/routing.py,src/mediapipeline/core/decide/routing_facts.py
mediapipeline.core.decide.routing,mediapipeline.core.decide.routing_outputs,src/mediapipeline/core/decide/routing.py,src/mediapipeline/core/decide/routing_outputs.py
mediapipeline.core.decide.routing,mediapipeline.core.decide.routing_profiles,src/mediapipeline/core/decide/routing.py,src/mediapipeline/core/decide/routing_profiles.py
mediapipeline.core.decide.routing,mediapipeline.core.decide.routing_trace,src/mediapipeline/core/decide/routing.py,src/mediapipeline/core/decide/routing_trace.py
mediapipeline.core.decide.routing,mediapipeline.core.decide.stream_actions,src/mediapipeline/core/decide/routing.py,src/mediapipeline/core/decide/stream_actions.py
mediapipeline.core.decide.routing_facts,mediapipeline.contracts.source_media,src/mediapipeline/core/decide/routing_facts.py,src/mediapipeline/contracts/source_media.py
mediapipeline.core.decide.routing_outputs,mediapipeline.contracts.source_media,src/mediapipeline/core/decide/routing_outputs.py,src/mediapipeline/contracts/source_media.py
mediapipeline.core.decide.routing_outputs,mediapipeline.contracts.verification,src/mediapipeline/core/decide/routing_outputs.py,src/mediapipeline/contracts/verification.py
mediapipeline.core.decide.routing_outputs,mediapipeline.core.decide.encoding_rules,src/mediapipeline/core/decide/routing_outputs.py,src/mediapipeline/core/decide/encoding_rules.py
mediapipeline.core.decide.routing_outputs,mediapipeline.core.decide.processing_decision,src/mediapipeline/core/decide/routing_outputs.py,src/mediapipeline/core/decide/processing_decision.py
mediapipeline.core.decide.routing_outputs,mediapipeline.core.decide.routing_facts,src/mediapipeline/core/decide/routing_outputs.py,src/mediapipeline/core/decide/routing_facts.py
mediapipeline.core.decide.routing_profiles,mediapipeline.contracts.source_media,src/mediapipeline/core/decide/routing_profiles.py,src/mediapipeline/contracts/source_media.py
mediapipeline.core.decide.routing_profiles,mediapipeline.core.decide.processing_decision,src/mediapipeline/core/decide/routing_profiles.py,src/mediapipeline/core/decide/processing_decision.py
mediapipeline.core.decide.routing_profiles,mediapipeline.core.decide.routing_facts,src/mediapipeline/core/decide/routing_profiles.py,src/mediapipeline/core/decide/routing_facts.py
mediapipeline.core.decide.routing_profiles,mediapipeline.core.decide.routing_size_policy,src/mediapipeline/core/decide/routing_profiles.py,src/mediapipeline/core/decide/routing_size_policy.py
mediapipeline.core.decide.routing_size_policy,mediapipeline.contracts.height_tolerance,src/mediapipeline/core/decide/routing_size_policy.py,src/mediapipeline/contracts/height_tolerance.py
mediapipeline.core.decide.routing_size_policy,mediapipeline.core.decide.processing_decision,src/mediapipeline/core/decide/routing_size_policy.py,src/mediapipeline/core/decide/processing_decision.py
mediapipeline.core.decide.routing_trace,mediapipeline.contracts.source_media,src/mediapipeline/core/decide/routing_trace.py,src/mediapipeline/contracts/source_media.py
mediapipeline.core.decide.routing_trace,mediapipeline.core.decide.processing_decision,src/mediapipeline/core/decide/routing_trace.py,src/mediapipeline/core/decide/processing_decision.py
mediapipeline.core.decide.routing_trace,mediapipeline.core.decide.routing_facts,src/mediapipeline/core/decide/routing_trace.py,src/mediapipeline/core/decide/routing_facts.py
mediapipeline.core.decide.routing_trace,mediapipeline.core.decide.routing_size_policy,src/mediapipeline/core/decide/routing_trace.py,src/mediapipeline/core/decide/routing_size_policy.py
mediapipeline.core.decide.stream_actions,mediapipeline.contracts.source_media,src/mediapipeline/core/decide/stream_actions.py,src/mediapipeline/contracts/source_media.py
mediapipeline.core.decide.stream_actions,mediapipeline.core.decide.encoding_rules,src/mediapipeline/core/decide/stream_actions.py,src/mediapipeline/core/decide/encoding_rules.py
mediapipeline.core.decide.stream_actions,mediapipeline.core.decide.processing_decision,src/mediapipeline/core/decide/stream_actions.py,src/mediapipeline/core/decide/processing_decision.py
mediapipeline.core.decide.stream_actions,mediapipeline.core.decide.routing_facts,src/mediapipeline/core/decide/stream_actions.py,src/mediapipeline/core/decide/routing_facts.py
mediapipeline.core.diagnostics.facade,mediapipeline.core.config.settings_policy,src/mediapipeline/core/diagnostics/facade.py,src/mediapipeline/core/config/settings_policy.py
mediapipeline.core.diagnostics.facade,mediapipeline.core.diagnostics.open_policy,src/mediapipeline/core/diagnostics/facade.py,src/mediapipeline/core/diagnostics/open_policy.py
mediapipeline.core.diagnostics.facade,mediapipeline.core.diagnostics.policy,src/mediapipeline/core/diagnostics/facade.py,src/mediapipeline/core/diagnostics/policy.py
mediapipeline.core.diagnostics.facade,mediapipeline.core.diagnostics.state_summary,src/mediapipeline/core/diagnostics/facade.py,src/mediapipeline/core/diagnostics/state_summary.py
mediapipeline.core.diagnostics.facade,mediapipeline.core.processes.path_evidence,src/mediapipeline/core/diagnostics/facade.py,src/mediapipeline/core/processes/path_evidence.py
mediapipeline.core.diagnostics.facade,mediapipeline.core.status.active_jobs,src/mediapipeline/core/diagnostics/facade.py,src/mediapipeline/core/status/active_jobs.py
mediapipeline.core.diagnostics.facade,mediapipeline.core.status.eta,src/mediapipeline/core/diagnostics/facade.py,src/mediapipeline/core/status/eta.py
mediapipeline.core.diagnostics.facade,mediapipeline.core.status.ffmpeg_progress,src/mediapipeline/core/diagnostics/facade.py,src/mediapipeline/core/status/ffmpeg_progress.py
mediapipeline.core.diagnostics.facade,mediapipeline.desktop.application.dto_commands,src/mediapipeline/core/diagnostics/facade.py,src/mediapipeline/desktop/application/dto_commands.py
mediapipeline.core.diagnostics.facade,mediapipeline.desktop.application.dto_status,src/mediapipeline/core/diagnostics/facade.py,src/mediapipeline/desktop/application/dto_status.py
mediapipeline.core.diagnostics.facade,mediapipeline.desktop.models,src/mediapipeline/core/diagnostics/facade.py,src/mediapipeline/desktop/models.py
mediapipeline.core.diagnostics.open_policy,mediapipeline.desktop.application.dto_commands,src/mediapipeline/core/diagnostics/open_policy.py,src/mediapipeline/desktop/application/dto_commands.py
mediapipeline.core.diagnostics.open_policy,mediapipeline.desktop.models,src/mediapipeline/core/diagnostics/open_policy.py,src/mediapipeline/desktop/models.py
mediapipeline.core.diagnostics.policy,mediapipeline.core.status.active_jobs,src/mediapipeline/core/diagnostics/policy.py,src/mediapipeline/core/status/active_jobs.py
mediapipeline.core.diagnostics.policy,mediapipeline.desktop.models,src/mediapipeline/core/diagnostics/policy.py,src/mediapipeline/desktop/models.py
mediapipeline.core.failures.cleanup_service,mediapipeline.core.failures.constants,src/mediapipeline/core/failures/cleanup_service.py,src/mediapipeline/core/failures/constants.py
mediapipeline.core.failures.cleanup_service,mediapipeline.core.failures.file_io,src/mediapipeline/core/failures/cleanup_service.py,src/mediapipeline/core/failures/file_io.py
mediapipeline.core.failures.cleanup_service,mediapipeline.core.paths.layout,src/mediapipeline/core/failures/cleanup_service.py,src/mediapipeline/core/paths/layout.py
mediapipeline.core.failures.cleanup_service,mediapipeline.desktop.models,src/mediapipeline/core/failures/cleanup_service.py,src/mediapipeline/desktop/models.py
mediapipeline.core.failures.facade,mediapipeline.core.failures.policy,src/mediapipeline/core/failures/facade.py,src/mediapipeline/core/failures/policy.py
mediapipeline.core.failures.facade,mediapipeline.desktop.application.dto_commands,src/mediapipeline/core/failures/facade.py,src/mediapipeline/desktop/application/dto_commands.py
mediapipeline.core.failures.facade,mediapipeline.desktop.application.dto_inventory,src/mediapipeline/core/failures/facade.py,src/mediapipeline/desktop/application/dto_inventory.py
mediapipeline.core.failures.facade,mediapipeline.desktop.models,src/mediapipeline/core/failures/facade.py,src/mediapipeline/desktop/models.py
mediapipeline.core.failures.markers,mediapipeline.desktop.models,src/mediapipeline/core/failures/markers.py,src/mediapipeline/desktop/models.py
mediapipeline.core.failures.policy,mediapipeline.core.failures.retry_state,src/mediapipeline/core/failures/policy.py,src/mediapipeline/core/failures/retry_state.py
mediapipeline.core.failures.policy,mediapipeline.desktop.application.dto,src/mediapipeline/core/failures/policy.py,src/mediapipeline/desktop/application/dto.py
mediapipeline.core.failures.policy,mediapipeline.desktop.application.dto_inventory,src/mediapipeline/core/failures/policy.py,src/mediapipeline/desktop/application/dto_inventory.py
mediapipeline.core.failures.policy,mediapipeline.desktop.models,src/mediapipeline/core/failures/policy.py,src/mediapipeline/desktop/models.py
mediapipeline.core.files.open_plan,mediapipeline.core.files.constants,src/mediapipeline/core/files/open_plan.py,src/mediapipeline/core/files/constants.py
mediapipeline.core.files.opening,mediapipeline.core.files.constants,src/mediapipeline/core/files/opening.py,src/mediapipeline/core/files/constants.py
mediapipeline.core.files.opening,mediapipeline.core.files.open_plan,src/mediapipeline/core/files/opening.py,src/mediapipeline/core/files/open_plan.py
mediapipeline.core.final_library.facade,mediapipeline.desktop.application.dto,src/mediapipeline/core/final_library/facade.py,src/mediapipeline/desktop/application/dto.py
mediapipeline.core.final_library.facade,mediapipeline.desktop.models,src/mediapipeline/core/final_library/facade.py,src/mediapipeline/desktop/models.py
mediapipeline.core.final_library.promotion,mediapipeline.core.completed.policy,src/mediapipeline/core/final_library/promotion.py,src/mediapipeline/core/completed/policy.py
mediapipeline.core.final_library.promotion,mediapipeline.core.config.library_profiles,src/mediapipeline/core/final_library/promotion.py,src/mediapipeline/core/config/library_profiles.py
mediapipeline.core.final_library.promotion,mediapipeline.core.final_library.promotion_parts.cleanup,src/mediapipeline/core/final_library/promotion.py,src/mediapipeline/core/final_library/promotion_parts/cleanup.py
mediapipeline.core.final_library.promotion,mediapipeline.core.final_library.promotion_parts.planning,src/mediapipeline/core/final_library/promotion.py,src/mediapipeline/core/final_library/promotion_parts/planning.py
mediapipeline.core.final_library.promotion,mediapipeline.core.final_library.promotion_parts.results,src/mediapipeline/core/final_library/promotion.py,src/mediapipeline/core/final_library/promotion_parts/results.py
mediapipeline.core.final_library.promotion,mediapipeline.core.final_library.promotion_parts.transfer,src/mediapipeline/core/final_library/promotion.py,src/mediapipeline/core/final_library/promotion_parts/transfer.py
mediapipeline.core.final_library.promotion,mediapipeline.core.kernel.config_keys,src/mediapipeline/core/final_library/promotion.py,src/mediapipeline/core/kernel/config_keys.py
mediapipeline.core.final_library.promotion,mediapipeline.desktop.models,src/mediapipeline/core/final_library/promotion.py,src/mediapipeline/desktop/models.py
mediapipeline.core.final_library.promotion_parts.cleanup,mediapipeline.core.final_library.promotion_parts.planning,src/mediapipeline/core/final_library/promotion_parts/cleanup.py,src/mediapipeline/core/final_library/promotion_parts/planning.py
mediapipeline.core.final_library.promotion_parts.transfer,mediapipeline.core.files.constants,src/mediapipeline/core/final_library/promotion_parts/transfer.py,src/mediapipeline/core/files/constants.py
mediapipeline.core.final_library.promotion_parts.transfer,mediapipeline.core.final_library.promotion_parts.planning,src/mediapipeline/core/final_library/promotion_parts/transfer.py,src/mediapipeline/core/final_library/promotion_parts/planning.py
mediapipeline.core.final_library.promotion_parts.transfer,mediapipeline.core.final_library.promotion_parts.results,src/mediapipeline/core/final_library/promotion_parts/transfer.py,src/mediapipeline/core/final_library/promotion_parts/results.py
mediapipeline.core.final_library.service,mediapipeline.core.final_library.promotion,src/mediapipeline/core/final_library/service.py,src/mediapipeline/core/final_library/promotion.py
mediapipeline.core.final_library.service,mediapipeline.desktop.models,src/mediapipeline/core/final_library/service.py,src/mediapipeline/desktop/models.py
mediapipeline.core.folder_policy.contracts,mediapipeline.core.folder_policy.constants,src/mediapipeline/core/folder_policy/contracts.py,src/mediapipeline/core/folder_policy/constants.py
mediapipeline.core.folder_policy.io,mediapipeline.core.folder_policy.constants,src/mediapipeline/core/folder_policy/io.py,src/mediapipeline/core/folder_policy/constants.py
mediapipeline.core.folder_policy.io,mediapipeline.core.folder_policy.file_io,src/mediapipeline/core/folder_policy/io.py,src/mediapipeline/core/folder_policy/file_io.py
mediapipeline.core.folder_policy.probe,mediapipeline.core.folder_policy.contracts,src/mediapipeline/core/folder_policy/probe.py,src/mediapipeline/core/folder_policy/contracts.py
mediapipeline.core.folder_policy.service,mediapipeline.core.files.constants,src/mediapipeline/core/folder_policy/service.py,src/mediapipeline/core/files/constants.py
mediapipeline.core.folder_policy.service,mediapipeline.core.folder_policy.contracts,src/mediapipeline/core/folder_policy/service.py,src/mediapipeline/core/folder_policy/contracts.py
mediapipeline.core.folder_policy.service,mediapipeline.core.folder_policy.io,src/mediapipeline/core/folder_policy/service.py,src/mediapipeline/core/folder_policy/io.py
mediapipeline.core.folder_policy.service,mediapipeline.core.folder_policy.probe,src/mediapipeline/core/folder_policy/service.py,src/mediapipeline/core/folder_policy/probe.py
mediapipeline.core.folder_policy.service,mediapipeline.desktop.subprocess_runner,src/mediapipeline/core/folder_policy/service.py,src/mediapipeline/desktop/subprocess_runner.py
mediapipeline.core.kernel.config_key_order,mediapipeline.core.kernel.config_key_groups,src/mediapipeline/core/kernel/config_key_order.py,src/mediapipeline/core/kernel/config_key_groups.py
mediapipeline.core.kernel.config_keys,mediapipeline.core.kernel.config_key_aliases,src/mediapipeline/core/kernel/config_keys.py,src/mediapipeline/core/kernel/config_key_aliases.py
mediapipeline.core.kernel.config_keys,mediapipeline.core.kernel.config_key_groups,src/mediapipeline/core/kernel/config_keys.py,src/mediapipeline/core/kernel/config_key_groups.py
mediapipeline.core.kernel.config_keys,mediapipeline.core.kernel.config_key_order,src/mediapipeline/core/kernel/config_keys.py,src/mediapipeline/core/kernel/config_key_order.py
mediapipeline.core.kernel.contracts,mediapipeline.core.kernel.contracts.active_job,src/mediapipeline/core/kernel/contracts/__init__.py,src/mediapipeline/core/kernel/contracts/active_job.py
mediapipeline.core.kernel.contracts,mediapipeline.core.kernel.contracts.base,src/mediapipeline/core/kernel/contracts/__init__.py,src/mediapipeline/core/kernel/contracts/base.py
mediapipeline.core.kernel.contracts,mediapipeline.core.kernel.contracts.completed_job,src/mediapipeline/core/kernel/contracts/__init__.py,src/mediapipeline/core/kernel/contracts/completed_job.py
mediapipeline.core.kernel.contracts,mediapipeline.core.kernel.contracts.control_flag,src/mediapipeline/core/kernel/contracts/__init__.py,src/mediapipeline/core/kernel/contracts/control_flag.py
mediapipeline.core.kernel.contracts,mediapipeline.core.kernel.contracts.pending_publish,src/mediapipeline/core/kernel/contracts/__init__.py,src/mediapipeline/core/kernel/contracts/pending_publish.py
mediapipeline.core.kernel.contracts,mediapipeline.core.kernel.contracts.pipeline_events,src/mediapipeline/core/kernel/contracts/__init__.py,src/mediapipeline/core/kernel/contracts/pipeline_events.py
mediapipeline.core.kernel.contracts,mediapipeline.core.kernel.contracts.process_result,src/mediapipeline/core/kernel/contracts/__init__.py,src/mediapipeline/core/kernel/contracts/process_result.py
mediapipeline.core.kernel.contracts,mediapipeline.core.kernel.contracts.progress,src/mediapipeline/core/kernel/contracts/__init__.py,src/mediapipeline/core/kernel/contracts/progress.py
mediapipeline.core.kernel.contracts,mediapipeline.core.kernel.contracts.queue_snapshot,src/mediapipeline/core/kernel/contracts/__init__.py,src/mediapipeline/core/kernel/contracts/queue_snapshot.py
mediapipeline.core.kernel.contracts.active_job,mediapipeline.core.kernel.contracts.base,src/mediapipeline/core/kernel/contracts/active_job.py,src/mediapipeline/core/kernel/contracts/base.py
mediapipeline.core.kernel.contracts.completed_job,mediapipeline.core.kernel.contracts.base,src/mediapipeline/core/kernel/contracts/completed_job.py,src/mediapipeline/core/kernel/contracts/base.py
mediapipeline.core.kernel.contracts.control_flag,mediapipeline.core.kernel.contracts.base,src/mediapipeline/core/kernel/contracts/control_flag.py,src/mediapipeline/core/kernel/contracts/base.py
mediapipeline.core.kernel.contracts.pending_publish,mediapipeline.core.kernel.contracts.base,src/mediapipeline/core/kernel/contracts/pending_publish.py,src/mediapipeline/core/kernel/contracts/base.py
mediapipeline.core.kernel.contracts.pipeline_events,mediapipeline.core.kernel.contracts.base,src/mediapipeline/core/kernel/contracts/pipeline_events.py,src/mediapipeline/core/kernel/contracts/base.py
mediapipeline.core.kernel.contracts.process_result,mediapipeline.core.kernel.contracts.base,src/mediapipeline/core/kernel/contracts/process_result.py,src/mediapipeline/core/kernel/contracts/base.py
mediapipeline.core.kernel.contracts.progress,mediapipeline.core.kernel.contracts.base,src/mediapipeline/core/kernel/contracts/progress.py,src/mediapipeline/core/kernel/contracts/base.py
mediapipeline.core.kernel.contracts.queue_snapshot,mediapipeline.core.kernel.contracts.base,src/mediapipeline/core/kernel/contracts/queue_snapshot.py,src/mediapipeline/core/kernel/contracts/base.py
mediapipeline.core.kernel.dto,mediapipeline.core.kernel.dto_base,src/mediapipeline/core/kernel/dto.py,src/mediapipeline/core/kernel/dto_base.py
mediapipeline.core.kernel.dto,mediapipeline.core.kernel.dto_commands,src/mediapipeline/core/kernel/dto.py,src/mediapipeline/core/kernel/dto_commands.py
mediapipeline.core.kernel.dto,mediapipeline.core.kernel.dto_inventory,src/mediapipeline/core/kernel/dto.py,src/mediapipeline/core/kernel/dto_inventory.py
mediapipeline.core.kernel.dto,mediapipeline.core.kernel.dto_status,src/mediapipeline/core/kernel/dto.py,src/mediapipeline/core/kernel/dto_status.py
mediapipeline.core.kernel.dto,mediapipeline.core.kernel.dto_workspaces,src/mediapipeline/core/kernel/dto.py,src/mediapipeline/core/kernel/dto_workspaces.py
mediapipeline.core.kernel.dto_commands,mediapipeline.core.kernel.dto_base,src/mediapipeline/core/kernel/dto_commands.py,src/mediapipeline/core/kernel/dto_base.py
mediapipeline.core.kernel.dto_inventory,mediapipeline.core.kernel.dto_base,src/mediapipeline/core/kernel/dto_inventory.py,src/mediapipeline/core/kernel/dto_base.py
mediapipeline.core.kernel.dto_status,mediapipeline.core.kernel.dto_base,src/mediapipeline/core/kernel/dto_status.py,src/mediapipeline/core/kernel/dto_base.py
mediapipeline.core.kernel.dto_workspaces,mediapipeline.core.kernel.dto_base,src/mediapipeline/core/kernel/dto_workspaces.py,src/mediapipeline/core/kernel/dto_base.py
mediapipeline.core.kernel.models,mediapipeline.core.kernel.models_core,src/mediapipeline/core/kernel/models.py,src/mediapipeline/core/kernel/models_core.py
mediapipeline.core.kernel.models,mediapipeline.core.kernel.models_media_paths,src/mediapipeline/core/kernel/models.py,src/mediapipeline/core/kernel/models_media_paths.py
mediapipeline.core.maintenance.backfill_facade,mediapipeline.core.maintenance.command_policy,src/mediapipeline/core/maintenance/backfill_facade.py,src/mediapipeline/core/maintenance/command_policy.py
mediapipeline.core.maintenance.backfill_facade,mediapipeline.desktop.application.dto_commands,src/mediapipeline/core/maintenance/backfill_facade.py,src/mediapipeline/desktop/application/dto_commands.py
mediapipeline.core.maintenance.backfill_facade,mediapipeline.desktop.models,src/mediapipeline/core/maintenance/backfill_facade.py,src/mediapipeline/desktop/models.py
mediapipeline.core.maintenance.change_ledger,mediapipeline.tools.change_control.packet_coverage,src/mediapipeline/core/maintenance/change_ledger.py,src/mediapipeline/tools/change_control/packet_coverage.py
mediapipeline.core.maintenance.command_policy,mediapipeline.desktop.application.dto_base,src/mediapipeline/core/maintenance/command_policy.py,src/mediapipeline/desktop/application/dto_base.py
mediapipeline.core.maintenance.command_policy,mediapipeline.desktop.application.dto_commands,src/mediapipeline/core/maintenance/command_policy.py,src/mediapipeline/desktop/application/dto_commands.py
mediapipeline.core.maintenance.commands_facade,mediapipeline.core.maintenance.command_policy,src/mediapipeline/core/maintenance/commands_facade.py,src/mediapipeline/core/maintenance/command_policy.py
mediapipeline.core.maintenance.dependency_atlas,mediapipeline.desktop.subprocess_runner,src/mediapipeline/core/maintenance/dependency_atlas.py,src/mediapipeline/desktop/subprocess_runner.py
mediapipeline.core.maintenance.dependency_atlas_facade,mediapipeline.core.maintenance.command_policy,src/mediapipeline/core/maintenance/dependency_atlas_facade.py,src/mediapipeline/core/maintenance/command_policy.py
mediapipeline.core.maintenance.dependency_atlas_facade,mediapipeline.desktop.application.dto_commands,src/mediapipeline/core/maintenance/dependency_atlas_facade.py,src/mediapipeline/desktop/application/dto_commands.py
mediapipeline.core.maintenance.facade,mediapipeline.core.maintenance.change_ledger,src/mediapipeline/core/maintenance/facade.py,src/mediapipeline/core/maintenance/change_ledger.py
mediapipeline.core.maintenance.facade,mediapipeline.core.maintenance.policy,src/mediapipeline/core/maintenance/facade.py,src/mediapipeline/core/maintenance/policy.py
mediapipeline.core.maintenance.facade,mediapipeline.desktop.application.dto_workspaces,src/mediapipeline/core/maintenance/facade.py,src/mediapipeline/desktop/application/dto_workspaces.py
mediapipeline.core.maintenance.facade,mediapipeline.desktop.models,src/mediapipeline/core/maintenance/facade.py,src/mediapipeline/desktop/models.py
mediapipeline.core.maintenance.policy,mediapipeline.desktop.models,src/mediapipeline/core/maintenance/policy.py,src/mediapipeline/desktop/models.py
mediapipeline.core.maintenance.release,mediapipeline.core.maintenance.file_io,src/mediapipeline/core/maintenance/release.py,src/mediapipeline/core/maintenance/file_io.py
mediapipeline.core.maintenance.release,mediapipeline.core.maintenance.release_plan,src/mediapipeline/core/maintenance/release.py,src/mediapipeline/core/maintenance/release_plan.py
mediapipeline.core.maintenance.release,mediapipeline.core.maintenance.release_result,src/mediapipeline/core/maintenance/release.py,src/mediapipeline/core/maintenance/release_result.py
mediapipeline.core.maintenance.release,mediapipeline.desktop.subprocess_runner,src/mediapipeline/core/maintenance/release.py,src/mediapipeline/desktop/subprocess_runner.py
mediapipeline.core.maintenance.release_facade,mediapipeline.core.maintenance.command_policy,src/mediapipeline/core/maintenance/release_facade.py,src/mediapipeline/core/maintenance/command_policy.py
mediapipeline.core.maintenance.release_facade,mediapipeline.desktop.application.dto_commands,src/mediapipeline/core/maintenance/release_facade.py,src/mediapipeline/desktop/application/dto_commands.py
mediapipeline.core.maintenance.release_facade,mediapipeline.desktop.models,src/mediapipeline/core/maintenance/release_facade.py,src/mediapipeline/desktop/models.py
mediapipeline.core.maintenance.release_result,mediapipeline.desktop.subprocess_runner,src/mediapipeline/core/maintenance/release_result.py,src/mediapipeline/desktop/subprocess_runner.py
mediapipeline.core.metrics,mediapipeline.core.metrics.facade,src/mediapipeline/core/metrics/__init__.py,src/mediapipeline/core/metrics/facade.py
mediapipeline.core.metrics,mediapipeline.core.metrics.policy,src/mediapipeline/core/metrics/__init__.py,src/mediapipeline/core/metrics/policy.py
mediapipeline.core.metrics.facade,mediapipeline.core.completed.manifest,src/mediapipeline/core/metrics/facade.py,src/mediapipeline/core/completed/manifest.py
mediapipeline.core.metrics.facade,mediapipeline.core.metrics.policy,src/mediapipeline/core/metrics/facade.py,src/mediapipeline/core/metrics/policy.py
mediapipeline.core.metrics.facade,mediapipeline.core.metrics.sources,src/mediapipeline/core/metrics/facade.py,src/mediapipeline/core/metrics/sources.py
mediapipeline.core.metrics.facade,mediapipeline.desktop.application.dto_commands,src/mediapipeline/core/metrics/facade.py,src/mediapipeline/desktop/application/dto_commands.py
mediapipeline.core.metrics.facade,mediapipeline.desktop.models,src/mediapipeline/core/metrics/facade.py,src/mediapipeline/desktop/models.py
mediapipeline.core.metrics.policy,mediapipeline.core.completed.policy,src/mediapipeline/core/metrics/policy.py,src/mediapipeline/core/completed/policy.py
mediapipeline.core.metrics.policy,mediapipeline.desktop.models,src/mediapipeline/core/metrics/policy.py,src/mediapipeline/desktop/models.py
mediapipeline.core.metrics.sources,mediapipeline.core.completed.manifest,src/mediapipeline/core/metrics/sources.py,src/mediapipeline/core/completed/manifest.py
mediapipeline.core.metrics.sources,mediapipeline.core.kernel.dto_base,src/mediapipeline/core/metrics/sources.py,src/mediapipeline/core/kernel/dto_base.py
mediapipeline.core.metrics.sources,mediapipeline.core.metrics.policy,src/mediapipeline/core/metrics/sources.py,src/mediapipeline/core/metrics/policy.py
mediapipeline.core.metrics.sources,mediapipeline.desktop.models,src/mediapipeline/core/metrics/sources.py,src/mediapipeline/desktop/models.py
mediapipeline.core.network.facade,mediapipeline.desktop.application.dto_workspaces,src/mediapipeline/core/network/facade.py,src/mediapipeline/desktop/application/dto_workspaces.py
mediapipeline.core.network.facade,mediapipeline.desktop.models,src/mediapipeline/core/network/facade.py,src/mediapipeline/desktop/models.py
mediapipeline.core.network.facade,mediapipeline.desktop.network.registry,src/mediapipeline/core/network/facade.py,src/mediapipeline/desktop/network/registry.py
mediapipeline.core.network.facade,mediapipeline.desktop.network.worker_state,src/mediapipeline/core/network/facade.py,src/mediapipeline/desktop/network/worker_state.py
mediapipeline.core.observability.runtime_outcomes,mediapipeline.core.observability.artifact_freshness,src/mediapipeline/core/observability/runtime_outcomes.py,src/mediapipeline/core/observability/artifact_freshness.py
mediapipeline.core.observability.status_files,mediapipeline.desktop.models,src/mediapipeline/core/observability/status_files.py,src/mediapipeline/desktop/models.py
mediapipeline.core.observability.status_policy,mediapipeline.core.telemetry.gpu_usage,src/mediapipeline/core/observability/status_policy.py,src/mediapipeline/core/telemetry/gpu_usage.py
mediapipeline.core.observability.status_policy,mediapipeline.desktop.models,src/mediapipeline/core/observability/status_policy.py,src/mediapipeline/desktop/models.py
mediapipeline.core.orchestration.planner,mediapipeline.contracts.pipeline_plan,src/mediapipeline/core/orchestration/planner.py,src/mediapipeline/contracts/pipeline_plan.py
mediapipeline.core.orchestration.planner,mediapipeline.contracts.source_media,src/mediapipeline/core/orchestration/planner.py,src/mediapipeline/contracts/source_media.py
mediapipeline.core.orchestration.planner,mediapipeline.core.config.preset_migration,src/mediapipeline/core/orchestration/planner.py,src/mediapipeline/core/config/preset_migration.py
mediapipeline.core.orchestration.planner,mediapipeline.core.config.preset_policy,src/mediapipeline/core/orchestration/planner.py,src/mediapipeline/core/config/preset_policy.py
mediapipeline.core.orchestration.planner,mediapipeline.core.decide.processing_decision,src/mediapipeline/core/orchestration/planner.py,src/mediapipeline/core/decide/processing_decision.py
mediapipeline.core.orchestration.planner,mediapipeline.core.decide.routing,src/mediapipeline/core/orchestration/planner.py,src/mediapipeline/core/decide/routing.py
mediapipeline.core.orchestration.planner,mediapipeline.core.decide.routing_facts,src/mediapipeline/core/orchestration/planner.py,src/mediapipeline/core/decide/routing_facts.py
mediapipeline.core.orchestration.runner,mediapipeline.contracts.stages,src/mediapipeline/core/orchestration/runner.py,src/mediapipeline/contracts/stages.py
mediapipeline.core.orchestration.runner,mediapipeline.core.storage.db,src/mediapipeline/core/orchestration/runner.py,src/mediapipeline/core/storage/db.py
mediapipeline.core.orchestration.runner,mediapipeline.tools.paths,src/mediapipeline/core/orchestration/runner.py,src/mediapipeline/tools/paths.py
mediapipeline.core.orchestration.settings_patch_facade,mediapipeline.contracts.source_media,src/mediapipeline/core/orchestration/settings_patch_facade.py,src/mediapipeline/contracts/source_media.py
mediapipeline.core.orchestration.settings_patch_facade,mediapipeline.core.config.identity,src/mediapipeline/core/orchestration/settings_patch_facade.py,src/mediapipeline/core/config/identity.py
mediapipeline.core.orchestration.settings_patch_facade,mediapipeline.core.config.rollout,src/mediapipeline/core/orchestration/settings_patch_facade.py,src/mediapipeline/core/config/rollout.py
mediapipeline.core.orchestration.settings_patch_facade,mediapipeline.core.config.settings_patch_policy,src/mediapipeline/core/orchestration/settings_patch_facade.py,src/mediapipeline/core/config/settings_patch_policy.py
mediapipeline.core.orchestration.settings_patch_facade,mediapipeline.core.orchestration.planner,src/mediapipeline/core/orchestration/settings_patch_facade.py,src/mediapipeline/core/orchestration/planner.py
mediapipeline.core.orchestration.settings_patch_facade,mediapipeline.desktop.application.dto_commands,src/mediapipeline/core/orchestration/settings_patch_facade.py,src/mediapipeline/desktop/application/dto_commands.py
mediapipeline.core.orchestration.settings_patch_facade,mediapipeline.desktop.models,src/mediapipeline/core/orchestration/settings_patch_facade.py,src/mediapipeline/desktop/models.py
mediapipeline.core.paths.defaults,mediapipeline.core.kernel.config_locations,src/mediapipeline/core/paths/defaults.py,src/mediapipeline/core/kernel/config_locations.py
mediapipeline.core.paths.host,mediapipeline.core.paths.contracts,src/mediapipeline/core/paths/host.py,src/mediapipeline/core/paths/contracts.py
mediapipeline.core.paths.layout,mediapipeline.core.kernel.config_keys,src/mediapipeline/core/paths/layout.py,src/mediapipeline/core/kernel/config_keys.py
mediapipeline.core.paths.resolution_runner,mediapipeline.core.config.identity,src/mediapipeline/core/paths/resolution_runner.py,src/mediapipeline/core/config/identity.py
mediapipeline.core.paths.resolution_runner,mediapipeline.core.kernel.config_keys,src/mediapipeline/core/paths/resolution_runner.py,src/mediapipeline/core/kernel/config_keys.py
mediapipeline.core.paths.resolution_runner,mediapipeline.core.paths.contracts,src/mediapipeline/core/paths/resolution_runner.py,src/mediapipeline/core/paths/contracts.py
mediapipeline.core.paths.resolution_runner,mediapipeline.core.storage.state_migration,src/mediapipeline/core/paths/resolution_runner.py,src/mediapipeline/core/storage/state_migration.py
mediapipeline.core.paths.resolution_runner,mediapipeline.desktop.models,src/mediapipeline/core/paths/resolution_runner.py,src/mediapipeline/desktop/models.py
mediapipeline.core.paths.service,mediapipeline.core.paths.defaults,src/mediapipeline/core/paths/service.py,src/mediapipeline/core/paths/defaults.py
mediapipeline.core.paths.service,mediapipeline.core.paths.host,src/mediapipeline/core/paths/service.py,src/mediapipeline/core/paths/host.py
mediapipeline.core.paths.service,mediapipeline.core.paths.layout,src/mediapipeline/core/paths/service.py,src/mediapipeline/core/paths/layout.py
mediapipeline.core.paths.service,mediapipeline.core.paths.resolution_runner,src/mediapipeline/core/paths/service.py,src/mediapipeline/core/paths/resolution_runner.py
mediapipeline.core.paths.service,mediapipeline.core.storage.state_migration,src/mediapipeline/core/paths/service.py,src/mediapipeline/core/storage/state_migration.py
mediapipeline.core.paths.service,mediapipeline.desktop.models,src/mediapipeline/core/paths/service.py,src/mediapipeline/desktop/models.py
mediapipeline.core.processes.active_job_runner,mediapipeline.core.processes.active_jobs,src/mediapipeline/core/processes/active_job_runner.py,src/mediapipeline/core/processes/active_jobs.py
mediapipeline.core.processes.active_job_runner,mediapipeline.desktop.models,src/mediapipeline/core/processes/active_job_runner.py,src/mediapipeline/desktop/models.py
mediapipeline.core.processes.active_jobs,mediapipeline.core.processes.constants,src/mediapipeline/core/processes/active_jobs.py,src/mediapipeline/core/processes/constants.py
mediapipeline.core.processes.active_jobs,mediapipeline.core.processes.file_io,src/mediapipeline/core/processes/active_jobs.py,src/mediapipeline/core/processes/file_io.py
mediapipeline.core.processes.active_jobs,mediapipeline.core.processes.kill,src/mediapipeline/core/processes/active_jobs.py,src/mediapipeline/core/processes/kill.py
mediapipeline.core.processes.active_jobs,mediapipeline.desktop.contracts,src/mediapipeline/core/processes/active_jobs.py,src/mediapipeline/desktop/contracts/__init__.py
mediapipeline.core.processes.active_jobs,mediapipeline.desktop.models,src/mediapipeline/core/processes/active_jobs.py,src/mediapipeline/desktop/models.py
mediapipeline.core.processes.audit_facade,mediapipeline.core.config.identity,src/mediapipeline/core/processes/audit_facade.py,src/mediapipeline/core/config/identity.py
mediapipeline.core.processes.audit_facade,mediapipeline.core.processes.audit_policy,src/mediapipeline/core/processes/audit_facade.py,src/mediapipeline/core/processes/audit_policy.py
mediapipeline.core.processes.audit_facade,mediapipeline.desktop.application.dto_commands,src/mediapipeline/core/processes/audit_facade.py,src/mediapipeline/desktop/application/dto_commands.py
mediapipeline.core.processes.audit_facade,mediapipeline.desktop.models,src/mediapipeline/core/processes/audit_facade.py,src/mediapipeline/desktop/models.py
mediapipeline.core.processes.audit_policy,mediapipeline.core.kernel.config_keys,src/mediapipeline/core/processes/audit_policy.py,src/mediapipeline/core/kernel/config_keys.py
mediapipeline.core.processes.audit_policy,mediapipeline.desktop.application.dto_commands,src/mediapipeline/core/processes/audit_policy.py,src/mediapipeline/desktop/application/dto_commands.py
mediapipeline.core.processes.constants,mediapipeline.desktop.contracts.active_job,src/mediapipeline/core/processes/constants.py,src/mediapipeline/desktop/contracts/active_job.py
mediapipeline.core.processes.constants,mediapipeline.desktop.contracts.control_flag,src/mediapipeline/core/processes/constants.py,src/mediapipeline/desktop/contracts/control_flag.py
mediapipeline.core.processes.control_facade,mediapipeline.core.processes.control_policy,src/mediapipeline/core/processes/control_facade.py,src/mediapipeline/core/processes/control_policy.py
mediapipeline.core.processes.control_facade,mediapipeline.core.processes.file_io,src/mediapipeline/core/processes/control_facade.py,src/mediapipeline/core/processes/file_io.py
mediapipeline.core.processes.control_facade,mediapipeline.desktop.application.dto_commands,src/mediapipeline/core/processes/control_facade.py,src/mediapipeline/desktop/application/dto_commands.py
mediapipeline.core.processes.control_facade,mediapipeline.desktop.models,src/mediapipeline/core/processes/control_facade.py,src/mediapipeline/desktop/models.py
mediapipeline.core.processes.control_flags,mediapipeline.core.processes.constants,src/mediapipeline/core/processes/control_flags.py,src/mediapipeline/core/processes/constants.py
mediapipeline.core.processes.control_flags,mediapipeline.core.processes.file_io,src/mediapipeline/core/processes/control_flags.py,src/mediapipeline/core/processes/file_io.py
mediapipeline.core.processes.control_flags,mediapipeline.desktop.contracts,src/mediapipeline/core/processes/control_flags.py,src/mediapipeline/desktop/contracts/__init__.py
mediapipeline.core.processes.control_runner,mediapipeline.core.processes.control_flags,src/mediapipeline/core/processes/control_runner.py,src/mediapipeline/core/processes/control_flags.py
mediapipeline.core.processes.control_runner,mediapipeline.core.processes.launch_cleanup,src/mediapipeline/core/processes/control_runner.py,src/mediapipeline/core/processes/launch_cleanup.py
mediapipeline.core.processes.guard_facade,mediapipeline.core.processes.guard_policy,src/mediapipeline/core/processes/guard_facade.py,src/mediapipeline/core/processes/guard_policy.py
mediapipeline.core.processes.guard_facade,mediapipeline.desktop.application.dto_status,src/mediapipeline/core/processes/guard_facade.py,src/mediapipeline/desktop/application/dto_status.py
mediapipeline.core.processes.guard_facade,mediapipeline.desktop.application.schedule_stop_watcher,src/mediapipeline/core/processes/guard_facade.py,src/mediapipeline/desktop/application/schedule_stop_watcher.py
mediapipeline.core.processes.guard_facade,mediapipeline.desktop.models,src/mediapipeline/core/processes/guard_facade.py,src/mediapipeline/desktop/models.py
mediapipeline.core.processes.kill,mediapipeline.desktop.models,src/mediapipeline/core/processes/kill.py,src/mediapipeline/desktop/models.py
mediapipeline.core.processes.launch_runner,mediapipeline.core.processes.launch_plans,src/mediapipeline/core/processes/launch_runner.py,src/mediapipeline/core/processes/launch_plans.py
mediapipeline.core.processes.lifecycle,mediapipeline.core.processes.active_job_runner,src/mediapipeline/core/processes/lifecycle.py,src/mediapipeline/core/processes/active_job_runner.py
mediapipeline.core.processes.lifecycle,mediapipeline.core.processes.constants,src/mediapipeline/core/processes/lifecycle.py,src/mediapipeline/core/processes/constants.py
mediapipeline.core.processes.lifecycle,mediapipeline.core.processes.control_runner,src/mediapipeline/core/processes/lifecycle.py,src/mediapipeline/core/processes/control_runner.py
mediapipeline.core.processes.lifecycle,mediapipeline.core.processes.kill,src/mediapipeline/core/processes/lifecycle.py,src/mediapipeline/core/processes/kill.py
mediapipeline.core.processes.lifecycle,mediapipeline.core.processes.launch_env,src/mediapipeline/core/processes/lifecycle.py,src/mediapipeline/core/processes/launch_env.py
mediapipeline.core.processes.lifecycle,mediapipeline.core.processes.launch_runner,src/mediapipeline/core/processes/lifecycle.py,src/mediapipeline/core/processes/launch_runner.py
mediapipeline.core.processes.lifecycle,mediapipeline.core.processes.logs,src/mediapipeline/core/processes/lifecycle.py,src/mediapipeline/core/processes/logs.py
mediapipeline.core.processes.lifecycle,mediapipeline.core.processes.readiness,src/mediapipeline/core/processes/lifecycle.py,src/mediapipeline/core/processes/readiness.py
mediapipeline.core.processes.lifecycle,mediapipeline.core.processes.runtime_runner,src/mediapipeline/core/processes/lifecycle.py,src/mediapipeline/core/processes/runtime_runner.py
mediapipeline.core.processes.lifecycle,mediapipeline.core.processes.spawn_runner,src/mediapipeline/core/processes/lifecycle.py,src/mediapipeline/core/processes/spawn_runner.py
mediapipeline.core.processes.lifecycle,mediapipeline.desktop.models,src/mediapipeline/core/processes/lifecycle.py,src/mediapipeline/desktop/models.py
mediapipeline.core.processes.logs,mediapipeline.core.processes.constants,src/mediapipeline/core/processes/logs.py,src/mediapipeline/core/processes/constants.py
mediapipeline.core.processes.logs,mediapipeline.core.processes.file_io,src/mediapipeline/core/processes/logs.py,src/mediapipeline/core/processes/file_io.py
mediapipeline.core.processes.path_evidence,mediapipeline.core.config.library_profiles,src/mediapipeline/core/processes/path_evidence.py,src/mediapipeline/core/config/library_profiles.py
mediapipeline.core.processes.path_evidence,mediapipeline.core.kernel.config_keys,src/mediapipeline/core/processes/path_evidence.py,src/mediapipeline/core/kernel/config_keys.py
mediapipeline.core.processes.pipeline_facade,mediapipeline.core.config.identity,src/mediapipeline/core/processes/pipeline_facade.py,src/mediapipeline/core/config/identity.py
mediapipeline.core.processes.pipeline_facade,mediapipeline.core.processes.pipeline_policy,src/mediapipeline/core/processes/pipeline_facade.py,src/mediapipeline/core/processes/pipeline_policy.py
mediapipeline.core.processes.pipeline_facade,mediapipeline.core.processes.schedule_policy,src/mediapipeline/core/processes/pipeline_facade.py,src/mediapipeline/core/processes/schedule_policy.py
mediapipeline.core.processes.pipeline_facade,mediapipeline.desktop.application.dto_commands,src/mediapipeline/core/processes/pipeline_facade.py,src/mediapipeline/desktop/application/dto_commands.py
mediapipeline.core.processes.pipeline_facade,mediapipeline.desktop.application.schedule_stop_watcher,src/mediapipeline/core/processes/pipeline_facade.py,src/mediapipeline/desktop/application/schedule_stop_watcher.py
mediapipeline.core.processes.pipeline_facade,mediapipeline.desktop.models,src/mediapipeline/core/processes/pipeline_facade.py,src/mediapipeline/desktop/models.py
mediapipeline.core.processes.pipeline_policy,mediapipeline.desktop.application.dto_commands,src/mediapipeline/core/processes/pipeline_policy.py,src/mediapipeline/desktop/application/dto_commands.py
mediapipeline.core.processes.preflight_facade,mediapipeline.core.config.identity,src/mediapipeline/core/processes/preflight_facade.py,src/mediapipeline/core/config/identity.py
mediapipeline.core.processes.preflight_facade,mediapipeline.core.processes.audit_policy,src/mediapipeline/core/processes/preflight_facade.py,src/mediapipeline/core/processes/audit_policy.py
mediapipeline.core.processes.preflight_facade,mediapipeline.core.processes.path_evidence,src/mediapipeline/core/processes/preflight_facade.py,src/mediapipeline/core/processes/path_evidence.py
mediapipeline.core.processes.preflight_facade,mediapipeline.core.processes.pipeline_policy,src/mediapipeline/core/processes/preflight_facade.py,src/mediapipeline/core/processes/pipeline_policy.py
mediapipeline.core.processes.preflight_facade,mediapipeline.core.processes.rerun_policy,src/mediapipeline/core/processes/preflight_facade.py,src/mediapipeline/core/processes/rerun_policy.py
mediapipeline.core.processes.preflight_facade,mediapipeline.core.processes.schedule_policy,src/mediapipeline/core/processes/preflight_facade.py,src/mediapipeline/core/processes/schedule_policy.py
mediapipeline.core.processes.preflight_facade,mediapipeline.desktop.application.dto_base,src/mediapipeline/core/processes/preflight_facade.py,src/mediapipeline/desktop/application/dto_base.py
mediapipeline.core.processes.preflight_facade,mediapipeline.desktop.models,src/mediapipeline/core/processes/preflight_facade.py,src/mediapipeline/desktop/models.py
mediapipeline.core.processes.rerun_facade,mediapipeline.core.config.identity,src/mediapipeline/core/processes/rerun_facade.py,src/mediapipeline/core/config/identity.py
mediapipeline.core.processes.rerun_facade,mediapipeline.core.processes.rerun_policy,src/mediapipeline/core/processes/rerun_facade.py,src/mediapipeline/core/processes/rerun_policy.py
mediapipeline.core.processes.rerun_facade,mediapipeline.desktop.application.dto_commands,src/mediapipeline/core/processes/rerun_facade.py,src/mediapipeline/desktop/application/dto_commands.py
mediapipeline.core.processes.rerun_facade,mediapipeline.desktop.models,src/mediapipeline/core/processes/rerun_facade.py,src/mediapipeline/desktop/models.py
mediapipeline.core.processes.rerun_policy,mediapipeline.desktop.application.dto_commands,src/mediapipeline/core/processes/rerun_policy.py,src/mediapipeline/desktop/application/dto_commands.py
mediapipeline.core.processes.runtime_runner,mediapipeline.core.processes.launch_cleanup,src/mediapipeline/core/processes/runtime_runner.py,src/mediapipeline/core/processes/launch_cleanup.py
mediapipeline.core.processes.runtime_runner,mediapipeline.core.processes.runtime_artifacts,src/mediapipeline/core/processes/runtime_runner.py,src/mediapipeline/core/processes/runtime_artifacts.py
mediapipeline.core.processes.schedule_facade,mediapipeline.core.processes.schedule_policy,src/mediapipeline/core/processes/schedule_facade.py,src/mediapipeline/core/processes/schedule_policy.py
mediapipeline.core.processes.spawn_runner,mediapipeline.core.processes.constants,src/mediapipeline/core/processes/spawn_runner.py,src/mediapipeline/core/processes/constants.py
mediapipeline.core.processes.spawn_runner,mediapipeline.core.processes.spawn,src/mediapipeline/core/processes/spawn_runner.py,src/mediapipeline/core/processes/spawn.py
mediapipeline.core.processes.spawn_runner,mediapipeline.desktop.models,src/mediapipeline/core/processes/spawn_runner.py,src/mediapipeline/desktop/models.py
mediapipeline.core.publish.pending_drain_confidence,mediapipeline.core.publish.pending_results,src/mediapipeline/core/publish/pending_drain_confidence.py,src/mediapipeline/core/publish/pending_results.py
mediapipeline.core.publish.pending_drain_confidence,mediapipeline.core.publish.pending_rows,src/mediapipeline/core/publish/pending_drain_confidence.py,src/mediapipeline/core/publish/pending_rows.py
mediapipeline.core.publish.pending_facade,mediapipeline.core.publish.pending_policy,src/mediapipeline/core/publish/pending_facade.py,src/mediapipeline/core/publish/pending_policy.py
mediapipeline.core.publish.pending_facade,mediapipeline.desktop.application.dto_commands,src/mediapipeline/core/publish/pending_facade.py,src/mediapipeline/desktop/application/dto_commands.py
mediapipeline.core.publish.pending_facade,mediapipeline.desktop.application.dto_inventory,src/mediapipeline/core/publish/pending_facade.py,src/mediapipeline/desktop/application/dto_inventory.py
mediapipeline.core.publish.pending_facade,mediapipeline.desktop.models,src/mediapipeline/core/publish/pending_facade.py,src/mediapipeline/desktop/models.py
mediapipeline.core.publish.pending_manifest,mediapipeline.core.publish.file_io,src/mediapipeline/core/publish/pending_manifest.py,src/mediapipeline/core/publish/file_io.py
mediapipeline.core.publish.pending_manifest,mediapipeline.core.publish.pending_manifest_rows,src/mediapipeline/core/publish/pending_manifest.py,src/mediapipeline/core/publish/pending_manifest_rows.py
mediapipeline.core.publish.pending_manifest,mediapipeline.core.publish.pending_paths,src/mediapipeline/core/publish/pending_manifest.py,src/mediapipeline/core/publish/pending_paths.py
mediapipeline.core.publish.pending_manifest,mediapipeline.desktop.contracts,src/mediapipeline/core/publish/pending_manifest.py,src/mediapipeline/desktop/contracts/__init__.py
mediapipeline.core.publish.pending_manifest_rows,mediapipeline.core.publish.pending_format,src/mediapipeline/core/publish/pending_manifest_rows.py,src/mediapipeline/core/publish/pending_format.py
mediapipeline.core.publish.pending_manifest_rows,mediapipeline.core.publish.pending_paths,src/mediapipeline/core/publish/pending_manifest_rows.py,src/mediapipeline/core/publish/pending_paths.py
mediapipeline.core.publish.pending_open_policy,mediapipeline.core.publish.pending_results,src/mediapipeline/core/publish/pending_open_policy.py,src/mediapipeline/core/publish/pending_results.py
mediapipeline.core.publish.pending_open_policy,mediapipeline.desktop.application.dto_commands,src/mediapipeline/core/publish/pending_open_policy.py,src/mediapipeline/desktop/application/dto_commands.py
mediapipeline.core.publish.pending_paths,mediapipeline.core.publish.pending_format,src/mediapipeline/core/publish/pending_paths.py,src/mediapipeline/core/publish/pending_format.py
mediapipeline.core.publish.pending_policy,mediapipeline.core.publish.pending_drain_confidence,src/mediapipeline/core/publish/pending_policy.py,src/mediapipeline/core/publish/pending_drain_confidence.py
mediapipeline.core.publish.pending_policy,mediapipeline.core.publish.pending_open_policy,src/mediapipeline/core/publish/pending_policy.py,src/mediapipeline/core/publish/pending_open_policy.py
mediapipeline.core.publish.pending_policy,mediapipeline.core.publish.pending_recovery,src/mediapipeline/core/publish/pending_policy.py,src/mediapipeline/core/publish/pending_recovery.py
mediapipeline.core.publish.pending_policy,mediapipeline.core.publish.pending_results,src/mediapipeline/core/publish/pending_policy.py,src/mediapipeline/core/publish/pending_results.py
mediapipeline.core.publish.pending_policy,mediapipeline.core.publish.pending_rows,src/mediapipeline/core/publish/pending_policy.py,src/mediapipeline/core/publish/pending_rows.py
mediapipeline.core.publish.pending_recovery,mediapipeline.core.publish.pending_open_policy,src/mediapipeline/core/publish/pending_recovery.py,src/mediapipeline/core/publish/pending_open_policy.py
mediapipeline.core.publish.pending_recovery,mediapipeline.core.publish.pending_policy_parts.status_rules,src/mediapipeline/core/publish/pending_recovery.py,src/mediapipeline/core/publish/pending_policy_parts/status_rules.py
mediapipeline.core.publish.pending_recovery,mediapipeline.core.publish.pending_results,src/mediapipeline/core/publish/pending_recovery.py,src/mediapipeline/core/publish/pending_results.py
mediapipeline.core.publish.pending_recovery,mediapipeline.core.publish.pending_rows,src/mediapipeline/core/publish/pending_recovery.py,src/mediapipeline/core/publish/pending_rows.py
mediapipeline.core.publish.pending_recovery,mediapipeline.desktop.application.dto_commands,src/mediapipeline/core/publish/pending_recovery.py,src/mediapipeline/desktop/application/dto_commands.py
mediapipeline.core.publish.pending_results,mediapipeline.core.publish.pending_rows,src/mediapipeline/core/publish/pending_results.py,src/mediapipeline/core/publish/pending_rows.py
mediapipeline.core.publish.pending_results,mediapipeline.desktop.application.dto_base,src/mediapipeline/core/publish/pending_results.py,src/mediapipeline/desktop/application/dto_base.py
mediapipeline.core.publish.pending_results,mediapipeline.desktop.application.dto_commands,src/mediapipeline/core/publish/pending_results.py,src/mediapipeline/desktop/application/dto_commands.py
mediapipeline.core.publish.pending_results,mediapipeline.desktop.application.dto_inventory,src/mediapipeline/core/publish/pending_results.py,src/mediapipeline/desktop/application/dto_inventory.py
mediapipeline.core.publish.pending_rows,mediapipeline.core.files.constants,src/mediapipeline/core/publish/pending_rows.py,src/mediapipeline/core/files/constants.py
mediapipeline.core.publish.pending_rows,mediapipeline.core.kernel.contracts.pending_publish,src/mediapipeline/core/publish/pending_rows.py,src/mediapipeline/core/kernel/contracts/pending_publish.py
mediapipeline.core.publish.pending_rows,mediapipeline.core.publish.pending_drain_confidence,src/mediapipeline/core/publish/pending_rows.py,src/mediapipeline/core/publish/pending_drain_confidence.py
mediapipeline.core.publish.pending_rows,mediapipeline.core.publish.pending_policy_parts.status_rules,src/mediapipeline/core/publish/pending_rows.py,src/mediapipeline/core/publish/pending_policy_parts/status_rules.py
mediapipeline.core.publish.pending_rows,mediapipeline.core.publish.pending_policy_parts.trust_fields,src/mediapipeline/core/publish/pending_rows.py,src/mediapipeline/core/publish/pending_policy_parts/trust_fields.py
mediapipeline.core.publish.pending_rows,mediapipeline.core.publish.pending_results,src/mediapipeline/core/publish/pending_rows.py,src/mediapipeline/core/publish/pending_results.py
mediapipeline.core.publish.pending_rows,mediapipeline.desktop.application.dto_inventory,src/mediapipeline/core/publish/pending_rows.py,src/mediapipeline/desktop/application/dto_inventory.py
mediapipeline.core.publish.pending_service,mediapipeline.core.publish.file_io,src/mediapipeline/core/publish/pending_service.py,src/mediapipeline/core/publish/file_io.py
mediapipeline.core.publish.pending_service,mediapipeline.core.publish.pending_format,src/mediapipeline/core/publish/pending_service.py,src/mediapipeline/core/publish/pending_format.py
mediapipeline.core.publish.pending_service,mediapipeline.core.publish.pending_manifest,src/mediapipeline/core/publish/pending_service.py,src/mediapipeline/core/publish/pending_manifest.py
mediapipeline.core.publish.pending_service,mediapipeline.core.publish.pending_paths,src/mediapipeline/core/publish/pending_service.py,src/mediapipeline/core/publish/pending_paths.py
mediapipeline.core.publish.pending_service,mediapipeline.desktop.models,src/mediapipeline/core/publish/pending_service.py,src/mediapipeline/desktop/models.py
mediapipeline.core.publish.reconciliation_facade,mediapipeline.core.publish.reconciliation_policy,src/mediapipeline/core/publish/reconciliation_facade.py,src/mediapipeline/core/publish/reconciliation_policy.py
mediapipeline.core.publish.reconciliation_facade,mediapipeline.desktop.application.dto,src/mediapipeline/core/publish/reconciliation_facade.py,src/mediapipeline/desktop/application/dto.py
mediapipeline.core.publish.reconciliation_facade,mediapipeline.desktop.models,src/mediapipeline/core/publish/reconciliation_facade.py,src/mediapipeline/desktop/models.py
mediapipeline.core.publish.reconciliation_policy,mediapipeline.core.completed.policy,src/mediapipeline/core/publish/reconciliation_policy.py,src/mediapipeline/core/completed/policy.py
mediapipeline.core.publish.reconciliation_policy,mediapipeline.desktop.application.dto,src/mediapipeline/core/publish/reconciliation_policy.py,src/mediapipeline/desktop/application/dto.py
mediapipeline.core.publish.reconciliation_policy,mediapipeline.desktop.application.dto_base,src/mediapipeline/core/publish/reconciliation_policy.py,src/mediapipeline/desktop/application/dto_base.py
mediapipeline.core.queue.contracts,mediapipeline.desktop.models_core,src/mediapipeline/core/queue/contracts.py,src/mediapipeline/desktop/models_core.py
mediapipeline.core.queue.dry_run,mediapipeline.desktop.models,src/mediapipeline/core/queue/dry_run.py,src/mediapipeline/desktop/models.py
mediapipeline.core.queue.dry_run_runner,mediapipeline.core.queue.contracts,src/mediapipeline/core/queue/dry_run_runner.py,src/mediapipeline/core/queue/contracts.py
mediapipeline.core.queue.dry_run_runner,mediapipeline.core.queue.dry_run,src/mediapipeline/core/queue/dry_run_runner.py,src/mediapipeline/core/queue/dry_run.py
mediapipeline.core.queue.dry_run_runner,mediapipeline.core.queue.file_io,src/mediapipeline/core/queue/dry_run_runner.py,src/mediapipeline/core/queue/file_io.py
mediapipeline.core.queue.dry_run_runner,mediapipeline.core.queue.snapshot,src/mediapipeline/core/queue/dry_run_runner.py,src/mediapipeline/core/queue/snapshot.py
mediapipeline.core.queue.dry_run_runner,mediapipeline.core.storage.db,src/mediapipeline/core/queue/dry_run_runner.py,src/mediapipeline/core/storage/db.py
mediapipeline.core.queue.dry_run_runner,mediapipeline.desktop.models,src/mediapipeline/core/queue/dry_run_runner.py,src/mediapipeline/desktop/models.py
mediapipeline.core.queue.dry_run_runner,mediapipeline.desktop.subprocess_runner,src/mediapipeline/core/queue/dry_run_runner.py,src/mediapipeline/desktop/subprocess_runner.py
mediapipeline.core.queue.facade,mediapipeline.core.queue.file_overrides,src/mediapipeline/core/queue/facade.py,src/mediapipeline/core/queue/file_overrides.py
mediapipeline.core.queue.facade,mediapipeline.core.queue.policy,src/mediapipeline/core/queue/facade.py,src/mediapipeline/core/queue/policy.py
mediapipeline.core.queue.facade,mediapipeline.core.queue.priority_manifest,src/mediapipeline/core/queue/facade.py,src/mediapipeline/core/queue/priority_manifest.py
mediapipeline.core.queue.facade,mediapipeline.desktop.application.dto_commands,src/mediapipeline/core/queue/facade.py,src/mediapipeline/desktop/application/dto_commands.py
mediapipeline.core.queue.facade,mediapipeline.desktop.application.dto_inventory,src/mediapipeline/core/queue/facade.py,src/mediapipeline/desktop/application/dto_inventory.py
mediapipeline.core.queue.facade,mediapipeline.desktop.models,src/mediapipeline/core/queue/facade.py,src/mediapipeline/desktop/models.py
mediapipeline.core.queue.file_overrides,mediapipeline.contracts.config,src/mediapipeline/core/queue/file_overrides.py,src/mediapipeline/contracts/config.py
mediapipeline.core.queue.file_overrides,mediapipeline.core.config.constants,src/mediapipeline/core/queue/file_overrides.py,src/mediapipeline/core/config/constants.py
mediapipeline.core.queue.policy,mediapipeline.core.queue.policy_parts.metrics,src/mediapipeline/core/queue/policy.py,src/mediapipeline/core/queue/policy_parts/metrics.py
mediapipeline.core.queue.policy,mediapipeline.core.queue.policy_parts.open_policy,src/mediapipeline/core/queue/policy.py,src/mediapipeline/core/queue/policy_parts/open_policy.py
mediapipeline.core.queue.policy,mediapipeline.core.queue.policy_parts.preview,src/mediapipeline/core/queue/policy.py,src/mediapipeline/core/queue/policy_parts/preview.py
mediapipeline.core.queue.policy,mediapipeline.core.queue.policy_parts.rows,src/mediapipeline/core/queue/policy.py,src/mediapipeline/core/queue/policy_parts/rows.py
mediapipeline.core.queue.policy,mediapipeline.core.queue.policy_parts.rules,src/mediapipeline/core/queue/policy.py,src/mediapipeline/core/queue/policy_parts/rules.py
mediapipeline.core.queue.policy_parts.file_override_rows,mediapipeline.core.queue.file_overrides,src/mediapipeline/core/queue/policy_parts/file_override_rows.py,src/mediapipeline/core/queue/file_overrides.py
mediapipeline.core.queue.policy_parts.file_override_rows,mediapipeline.core.queue.policy_parts.row_identity,src/mediapipeline/core/queue/policy_parts/file_override_rows.py,src/mediapipeline/core/queue/policy_parts/row_identity.py
mediapipeline.core.queue.policy_parts.open_policy,mediapipeline.core.queue.policy_parts.rules,src/mediapipeline/core/queue/policy_parts/open_policy.py,src/mediapipeline/core/queue/policy_parts/rules.py
mediapipeline.core.queue.policy_parts.open_policy,mediapipeline.desktop.application.dto_commands,src/mediapipeline/core/queue/policy_parts/open_policy.py,src/mediapipeline/desktop/application/dto_commands.py
mediapipeline.core.queue.policy_parts.operator_guidance,mediapipeline.core.queue.policy_parts.route_evidence,src/mediapipeline/core/queue/policy_parts/operator_guidance.py,src/mediapipeline/core/queue/policy_parts/route_evidence.py
mediapipeline.core.queue.policy_parts.preview,mediapipeline.core.observability.artifact_freshness,src/mediapipeline/core/queue/policy_parts/preview.py,src/mediapipeline/core/observability/artifact_freshness.py
mediapipeline.core.queue.policy_parts.preview,mediapipeline.core.observability.status_policy,src/mediapipeline/core/queue/policy_parts/preview.py,src/mediapipeline/core/observability/status_policy.py
mediapipeline.core.queue.policy_parts.preview,mediapipeline.core.queue.policy_parts.metrics,src/mediapipeline/core/queue/policy_parts/preview.py,src/mediapipeline/core/queue/policy_parts/metrics.py
mediapipeline.core.queue.policy_parts.preview,mediapipeline.core.queue.policy_parts.rows,src/mediapipeline/core/queue/policy_parts/preview.py,src/mediapipeline/core/queue/policy_parts/rows.py
mediapipeline.core.queue.policy_parts.preview,mediapipeline.core.queue.policy_parts.rules,src/mediapipeline/core/queue/policy_parts/preview.py,src/mediapipeline/core/queue/policy_parts/rules.py
mediapipeline.core.queue.policy_parts.route_evidence,mediapipeline.core.queue.policy_parts.row_identity,src/mediapipeline/core/queue/policy_parts/route_evidence.py,src/mediapipeline/core/queue/policy_parts/row_identity.py
mediapipeline.core.queue.policy_parts.rows,mediapipeline.core.queue.policy_parts.file_override_rows,src/mediapipeline/core/queue/policy_parts/rows.py,src/mediapipeline/core/queue/policy_parts/file_override_rows.py
mediapipeline.core.queue.policy_parts.rows,mediapipeline.core.queue.policy_parts.operator_guidance,src/mediapipeline/core/queue/policy_parts/rows.py,src/mediapipeline/core/queue/policy_parts/operator_guidance.py
mediapipeline.core.queue.policy_parts.rows,mediapipeline.core.queue.policy_parts.route_evidence,src/mediapipeline/core/queue/policy_parts/rows.py,src/mediapipeline/core/queue/policy_parts/route_evidence.py
mediapipeline.core.queue.policy_parts.rows,mediapipeline.core.queue.policy_parts.row_identity,src/mediapipeline/core/queue/policy_parts/rows.py,src/mediapipeline/core/queue/policy_parts/row_identity.py
mediapipeline.core.queue.policy_parts.rows,mediapipeline.core.queue.policy_parts.rules,src/mediapipeline/core/queue/policy_parts/rows.py,src/mediapipeline/core/queue/policy_parts/rules.py
mediapipeline.core.queue.policy_parts.rows,mediapipeline.core.queue.policy_parts.runtime_outcomes,src/mediapipeline/core/queue/policy_parts/rows.py,src/mediapipeline/core/queue/policy_parts/runtime_outcomes.py
mediapipeline.core.queue.policy_parts.rows,mediapipeline.core.queue.policy_parts.track_metadata,src/mediapipeline/core/queue/policy_parts/rows.py,src/mediapipeline/core/queue/policy_parts/track_metadata.py
mediapipeline.core.queue.policy_parts.rows,mediapipeline.core.subtitles.qa,src/mediapipeline/core/queue/policy_parts/rows.py,src/mediapipeline/core/subtitles/qa.py
mediapipeline.core.queue.policy_parts.rows,mediapipeline.desktop.models,src/mediapipeline/core/queue/policy_parts/rows.py,src/mediapipeline/desktop/models.py
mediapipeline.core.queue.policy_parts.rules,mediapipeline.core.observability.runtime_outcomes,src/mediapipeline/core/queue/policy_parts/rules.py,src/mediapipeline/core/observability/runtime_outcomes.py
mediapipeline.core.queue.policy_parts.runtime_outcomes,mediapipeline.core.observability.runtime_outcomes,src/mediapipeline/core/queue/policy_parts/runtime_outcomes.py,src/mediapipeline/core/observability/runtime_outcomes.py
mediapipeline.core.queue.policy_parts.runtime_outcomes,mediapipeline.core.queue.policy_parts.operator_guidance,src/mediapipeline/core/queue/policy_parts/runtime_outcomes.py,src/mediapipeline/core/queue/policy_parts/operator_guidance.py
mediapipeline.core.queue.policy_parts.track_metadata,mediapipeline.core.queue.policy_parts.row_identity,src/mediapipeline/core/queue/policy_parts/track_metadata.py,src/mediapipeline/core/queue/policy_parts/row_identity.py
mediapipeline.core.queue.preview_builder,mediapipeline.core.queue.contracts,src/mediapipeline/core/queue/preview_builder.py,src/mediapipeline/core/queue/contracts.py
mediapipeline.core.queue.preview_builder,mediapipeline.core.queue.dry_run,src/mediapipeline/core/queue/preview_builder.py,src/mediapipeline/core/queue/dry_run.py
mediapipeline.core.queue.preview_builder,mediapipeline.desktop.models,src/mediapipeline/core/queue/preview_builder.py,src/mediapipeline/desktop/models.py
mediapipeline.core.queue.priority_markers,mediapipeline.desktop.priority_markers,src/mediapipeline/core/queue/priority_markers.py,src/mediapipeline/desktop/priority_markers.py
mediapipeline.core.queue.service,mediapipeline.core.queue.dry_run_runner,src/mediapipeline/core/queue/service.py,src/mediapipeline/core/queue/dry_run_runner.py
mediapipeline.core.queue.service,mediapipeline.core.queue.preview_builder,src/mediapipeline/core/queue/service.py,src/mediapipeline/core/queue/preview_builder.py
mediapipeline.core.queue.service,mediapipeline.core.queue.priority_markers,src/mediapipeline/core/queue/service.py,src/mediapipeline/core/queue/priority_markers.py
mediapipeline.core.queue.service,mediapipeline.core.queue.snapshot,src/mediapipeline/core/queue/service.py,src/mediapipeline/core/queue/snapshot.py
mediapipeline.core.queue.service,mediapipeline.core.queue.source_inventory,src/mediapipeline/core/queue/service.py,src/mediapipeline/core/queue/source_inventory.py
mediapipeline.core.queue.service,mediapipeline.desktop.models,src/mediapipeline/core/queue/service.py,src/mediapipeline/desktop/models.py
mediapipeline.core.queue.service,mediapipeline.desktop.priority_markers,src/mediapipeline/core/queue/service.py,src/mediapipeline/desktop/priority_markers.py
mediapipeline.core.queue.snapshot,mediapipeline.desktop.contracts,src/mediapipeline/core/queue/snapshot.py,src/mediapipeline/desktop/contracts/__init__.py
mediapipeline.core.queue.snapshot,mediapipeline.desktop.models,src/mediapipeline/core/queue/snapshot.py,src/mediapipeline/desktop/models.py
mediapipeline.core.queue.source_inventory,mediapipeline.core.config.library_profiles,src/mediapipeline/core/queue/source_inventory.py,src/mediapipeline/core/config/library_profiles.py
mediapipeline.core.queue.source_inventory,mediapipeline.core.files.constants,src/mediapipeline/core/queue/source_inventory.py,src/mediapipeline/core/files/constants.py
mediapipeline.core.queue.source_inventory,mediapipeline.core.queue.file_io,src/mediapipeline/core/queue/source_inventory.py,src/mediapipeline/core/queue/file_io.py
mediapipeline.core.queue.source_inventory,mediapipeline.desktop.models,src/mediapipeline/core/queue/source_inventory.py,src/mediapipeline/desktop/models.py
mediapipeline.core.rename.apply,mediapipeline.core.paths.layout,src/mediapipeline/core/rename/apply.py,src/mediapipeline/core/paths/layout.py
mediapipeline.core.rename.apply,mediapipeline.core.rename.constants,src/mediapipeline/core/rename/apply.py,src/mediapipeline/core/rename/constants.py
mediapipeline.core.rename.apply,mediapipeline.core.rename.file_io,src/mediapipeline/core/rename/apply.py,src/mediapipeline/core/rename/file_io.py
mediapipeline.core.rename.apply_results,mediapipeline.core.rename.path_authority,src/mediapipeline/core/rename/apply_results.py,src/mediapipeline/core/rename/path_authority.py
mediapipeline.core.rename.apply_results,mediapipeline.core.rename.preview_policy,src/mediapipeline/core/rename/apply_results.py,src/mediapipeline/core/rename/preview_policy.py
mediapipeline.core.rename.apply_results,mediapipeline.desktop.application.dto_base,src/mediapipeline/core/rename/apply_results.py,src/mediapipeline/desktop/application/dto_base.py
mediapipeline.core.rename.apply_results,mediapipeline.desktop.application.dto_commands,src/mediapipeline/core/rename/apply_results.py,src/mediapipeline/desktop/application/dto_commands.py
mediapipeline.core.rename.apply_runner,mediapipeline.core.rename.contracts,src/mediapipeline/core/rename/apply_runner.py,src/mediapipeline/core/rename/contracts.py
mediapipeline.core.rename.apply_runner,mediapipeline.core.rename.file_io,src/mediapipeline/core/rename/apply_runner.py,src/mediapipeline/core/rename/file_io.py
mediapipeline.core.rename.cleaning_policy,mediapipeline.core.kernel.config_keys,src/mediapipeline/core/rename/cleaning_policy.py,src/mediapipeline/core/kernel/config_keys.py
mediapipeline.core.rename.cleaning_policy,mediapipeline.core.rename.constants,src/mediapipeline/core/rename/cleaning_policy.py,src/mediapipeline/core/rename/constants.py
mediapipeline.core.rename.cleaning_policy,mediapipeline.core.rename.movie,src/mediapipeline/core/rename/cleaning_policy.py,src/mediapipeline/core/rename/movie.py
mediapipeline.core.rename.contracts,mediapipeline.desktop.subprocess_runner,src/mediapipeline/core/rename/contracts.py,src/mediapipeline/desktop/subprocess_runner.py
mediapipeline.core.rename.discovery,mediapipeline.core.files.constants,src/mediapipeline/core/rename/discovery.py,src/mediapipeline/core/files/constants.py
mediapipeline.core.rename.discovery,mediapipeline.core.rename.utils,src/mediapipeline/core/rename/discovery.py,src/mediapipeline/core/rename/utils.py
mediapipeline.core.rename.facade,mediapipeline.core.rename.policy,src/mediapipeline/core/rename/facade.py,src/mediapipeline/core/rename/policy.py
mediapipeline.core.rename.facade,mediapipeline.desktop.application.dto_base,src/mediapipeline/core/rename/facade.py,src/mediapipeline/desktop/application/dto_base.py
mediapipeline.core.rename.facade,mediapipeline.desktop.application.dto_commands,src/mediapipeline/core/rename/facade.py,src/mediapipeline/desktop/application/dto_commands.py
mediapipeline.core.rename.facade,mediapipeline.desktop.application.dto_workspaces,src/mediapipeline/core/rename/facade.py,src/mediapipeline/desktop/application/dto_workspaces.py
mediapipeline.core.rename.filename_preview,mediapipeline.core.files.constants,src/mediapipeline/core/rename/filename_preview.py,src/mediapipeline/core/files/constants.py
mediapipeline.core.rename.filename_preview,mediapipeline.core.rename.cleaning_policy,src/mediapipeline/core/rename/filename_preview.py,src/mediapipeline/core/rename/cleaning_policy.py
mediapipeline.core.rename.filename_preview,mediapipeline.core.rename.movie,src/mediapipeline/core/rename/filename_preview.py,src/mediapipeline/core/rename/movie.py
mediapipeline.core.rename.movie,mediapipeline.core.rename.constants,src/mediapipeline/core/rename/movie.py,src/mediapipeline/core/rename/constants.py
mediapipeline.core.rename.movie,mediapipeline.core.rename.utils,src/mediapipeline/core/rename/movie.py,src/mediapipeline/core/rename/utils.py
mediapipeline.core.rename.path_authority,mediapipeline.core.kernel.config_keys,src/mediapipeline/core/rename/path_authority.py,src/mediapipeline/core/kernel/config_keys.py
mediapipeline.core.rename.path_authority,mediapipeline.core.paths.layout,src/mediapipeline/core/rename/path_authority.py,src/mediapipeline/core/paths/layout.py
mediapipeline.core.rename.planner,mediapipeline.core.files.constants,src/mediapipeline/core/rename/planner.py,src/mediapipeline/core/files/constants.py
mediapipeline.core.rename.planner,mediapipeline.core.rename.contracts,src/mediapipeline/core/rename/planner.py,src/mediapipeline/core/rename/contracts.py
mediapipeline.core.rename.planner,mediapipeline.core.rename.plan_policy,src/mediapipeline/core/rename/planner.py,src/mediapipeline/core/rename/plan_policy.py
mediapipeline.core.rename.policy,mediapipeline.core.rename.apply_results,src/mediapipeline/core/rename/policy.py,src/mediapipeline/core/rename/apply_results.py
mediapipeline.core.rename.policy,mediapipeline.core.rename.cleaning_policy,src/mediapipeline/core/rename/policy.py,src/mediapipeline/core/rename/cleaning_policy.py
mediapipeline.core.rename.policy,mediapipeline.core.rename.filename_preview,src/mediapipeline/core/rename/policy.py,src/mediapipeline/core/rename/filename_preview.py
mediapipeline.core.rename.policy,mediapipeline.core.rename.path_authority,src/mediapipeline/core/rename/policy.py,src/mediapipeline/core/rename/path_authority.py
mediapipeline.core.rename.policy,mediapipeline.core.rename.plan_policy,src/mediapipeline/core/rename/policy.py,src/mediapipeline/core/rename/plan_policy.py
mediapipeline.core.rename.policy,mediapipeline.core.rename.preview_policy,src/mediapipeline/core/rename/policy.py,src/mediapipeline/core/rename/preview_policy.py
mediapipeline.core.rename.preview,mediapipeline.core.rename.file_io,src/mediapipeline/core/rename/preview.py,src/mediapipeline/core/rename/file_io.py
mediapipeline.core.rename.preview,mediapipeline.desktop.subprocess_runner,src/mediapipeline/core/rename/preview.py,src/mediapipeline/desktop/subprocess_runner.py
mediapipeline.core.rename.preview_runner,mediapipeline.core.rename.contracts,src/mediapipeline/core/rename/preview_runner.py,src/mediapipeline/core/rename/contracts.py
mediapipeline.core.rename.preview_runner,mediapipeline.core.rename.preview,src/mediapipeline/core/rename/preview_runner.py,src/mediapipeline/core/rename/preview.py
mediapipeline.core.rename.preview_runner,mediapipeline.desktop.subprocess_runner,src/mediapipeline/core/rename/preview_runner.py,src/mediapipeline/desktop/subprocess_runner.py
mediapipeline.core.rename.service,mediapipeline.core.rename.apply,src/mediapipeline/core/rename/service.py,src/mediapipeline/core/rename/apply.py
mediapipeline.core.rename.service,mediapipeline.core.rename.apply_runner,src/mediapipeline/core/rename/service.py,src/mediapipeline/core/rename/apply_runner.py
mediapipeline.core.rename.service,mediapipeline.core.rename.constants,src/mediapipeline/core/rename/service.py,src/mediapipeline/core/rename/constants.py
mediapipeline.core.rename.service,mediapipeline.core.rename.discovery,src/mediapipeline/core/rename/service.py,src/mediapipeline/core/rename/discovery.py
mediapipeline.core.rename.service,mediapipeline.core.rename.movie,src/mediapipeline/core/rename/service.py,src/mediapipeline/core/rename/movie.py
mediapipeline.core.rename.service,mediapipeline.core.rename.plan_policy,src/mediapipeline/core/rename/service.py,src/mediapipeline/core/rename/plan_policy.py
mediapipeline.core.rename.service,mediapipeline.core.rename.planner,src/mediapipeline/core/rename/service.py,src/mediapipeline/core/rename/planner.py
mediapipeline.core.rename.service,mediapipeline.core.rename.preview_runner,src/mediapipeline/core/rename/service.py,src/mediapipeline/core/rename/preview_runner.py
mediapipeline.core.rename.service,mediapipeline.core.rename.tv,src/mediapipeline/core/rename/service.py,src/mediapipeline/core/rename/tv.py
mediapipeline.core.rename.service,mediapipeline.core.rename.utils,src/mediapipeline/core/rename/service.py,src/mediapipeline/core/rename/utils.py
mediapipeline.core.rename.service,mediapipeline.desktop.models,src/mediapipeline/core/rename/service.py,src/mediapipeline/desktop/models.py
mediapipeline.core.rename.service,mediapipeline.desktop.subprocess_runner,src/mediapipeline/core/rename/service.py,src/mediapipeline/desktop/subprocess_runner.py
mediapipeline.core.rename.tv,mediapipeline.core.rename.movie,src/mediapipeline/core/rename/tv.py,src/mediapipeline/core/rename/movie.py
mediapipeline.core.rename.tv,mediapipeline.core.rename.tv_folder,src/mediapipeline/core/rename/tv.py,src/mediapipeline/core/rename/tv_folder.py
mediapipeline.core.rename.tv,mediapipeline.core.rename.utils,src/mediapipeline/core/rename/tv.py,src/mediapipeline/core/rename/utils.py
mediapipeline.core.rename.tv_folder,mediapipeline.core.rename.utils,src/mediapipeline/core/rename/tv_folder.py,src/mediapipeline/core/rename/utils.py
mediapipeline.core.rename.utils,mediapipeline.core.files.constants,src/mediapipeline/core/rename/utils.py,src/mediapipeline/core/files/constants.py
mediapipeline.core.sample_validation.facade,mediapipeline.core.sample_validation.policy,src/mediapipeline/core/sample_validation/facade.py,src/mediapipeline/core/sample_validation/policy.py
mediapipeline.core.sample_validation.facade,mediapipeline.desktop.application.dto_commands,src/mediapipeline/core/sample_validation/facade.py,src/mediapipeline/desktop/application/dto_commands.py
mediapipeline.core.sample_validation.facade,mediapipeline.desktop.models,src/mediapipeline/core/sample_validation/facade.py,src/mediapipeline/desktop/models.py
mediapipeline.core.sample_validation.policy,mediapipeline.desktop.application.dto_commands,src/mediapipeline/core/sample_validation/policy.py,src/mediapipeline/desktop/application/dto_commands.py
mediapipeline.core.sample_validation.policy,mediapipeline.desktop.application.sample_validation.evidence,src/mediapipeline/core/sample_validation/policy.py,src/mediapipeline/desktop/application/sample_validation/evidence.py
mediapipeline.core.sample_validation.policy,mediapipeline.desktop.application.sample_validation.log_payload,src/mediapipeline/core/sample_validation/policy.py,src/mediapipeline/desktop/application/sample_validation/log_payload.py
mediapipeline.core.sample_validation.policy,mediapipeline.desktop.application.sample_validation.pilot_plan,src/mediapipeline/core/sample_validation/policy.py,src/mediapipeline/desktop/application/sample_validation/pilot_plan.py
mediapipeline.core.sample_validation.policy,mediapipeline.desktop.application.sample_validation.policy_alignment,src/mediapipeline/core/sample_validation/policy.py,src/mediapipeline/desktop/application/sample_validation/policy_alignment.py
mediapipeline.core.sample_validation.policy,mediapipeline.desktop.application.sample_validation.readiness,src/mediapipeline/core/sample_validation/policy.py,src/mediapipeline/desktop/application/sample_validation/readiness.py
mediapipeline.core.sample_validation.policy,mediapipeline.desktop.application.sample_validation.reconciliation,src/mediapipeline/core/sample_validation/policy.py,src/mediapipeline/desktop/application/sample_validation/reconciliation.py
mediapipeline.core.sample_validation.policy,mediapipeline.desktop.application.sample_validation.record,src/mediapipeline/core/sample_validation/policy.py,src/mediapipeline/desktop/application/sample_validation/record.py
mediapipeline.core.sample_validation.policy,mediapipeline.desktop.application.sample_validation.summary,src/mediapipeline/core/sample_validation/policy.py,src/mediapipeline/desktop/application/sample_validation/summary.py
mediapipeline.core.sample_validation.policy,mediapipeline.desktop.application.sample_validation.worksheet,src/mediapipeline/core/sample_validation/policy.py,src/mediapipeline/desktop/application/sample_validation/worksheet.py
mediapipeline.core.sample_validation.policy,mediapipeline.desktop.models,src/mediapipeline/core/sample_validation/policy.py,src/mediapipeline/desktop/models.py
mediapipeline.core.schedule.app_state,mediapipeline.core.schedule.file_io,src/mediapipeline/core/schedule/app_state.py,src/mediapipeline/core/schedule/file_io.py
mediapipeline.core.schedule.app_state,mediapipeline.core.schedule.grid,src/mediapipeline/core/schedule/app_state.py,src/mediapipeline/core/schedule/grid.py
mediapipeline.core.schedule.facade,mediapipeline.core.schedule.policy,src/mediapipeline/core/schedule/facade.py,src/mediapipeline/core/schedule/policy.py
mediapipeline.core.schedule.facade,mediapipeline.desktop.application.dto_base,src/mediapipeline/core/schedule/facade.py,src/mediapipeline/desktop/application/dto_base.py
mediapipeline.core.schedule.facade,mediapipeline.desktop.application.dto_commands,src/mediapipeline/core/schedule/facade.py,src/mediapipeline/desktop/application/dto_commands.py
mediapipeline.core.schedule.facade,mediapipeline.desktop.application.dto_workspaces,src/mediapipeline/core/schedule/facade.py,src/mediapipeline/desktop/application/dto_workspaces.py
mediapipeline.core.schedule.facade,mediapipeline.desktop.application.schedule_stop_watcher,src/mediapipeline/core/schedule/facade.py,src/mediapipeline/desktop/application/schedule_stop_watcher.py
mediapipeline.core.schedule.grid,mediapipeline.core.schedule.constants,src/mediapipeline/core/schedule/grid.py,src/mediapipeline/core/schedule/constants.py
mediapipeline.core.schedule.policy,mediapipeline.core.schedule.constants,src/mediapipeline/core/schedule/policy.py,src/mediapipeline/core/schedule/constants.py
mediapipeline.core.schedule.policy,mediapipeline.desktop.application.dto_commands,src/mediapipeline/core/schedule/policy.py,src/mediapipeline/desktop/application/dto_commands.py
mediapipeline.core.status.active_jobs,mediapipeline.core.status.file_io,src/mediapipeline/core/status/active_jobs.py,src/mediapipeline/core/status/file_io.py
mediapipeline.core.status.active_jobs,mediapipeline.core.status.progress,src/mediapipeline/core/status/active_jobs.py,src/mediapipeline/core/status/progress.py
mediapipeline.core.status.active_jobs,mediapipeline.desktop.contracts,src/mediapipeline/core/status/active_jobs.py,src/mediapipeline/desktop/contracts/__init__.py
mediapipeline.core.status.contracts,mediapipeline.desktop.models_core,src/mediapipeline/core/status/contracts.py,src/mediapipeline/desktop/models_core.py
mediapipeline.core.status.errors,mediapipeline.core.status.file_io,src/mediapipeline/core/status/errors.py,src/mediapipeline/core/status/file_io.py
mediapipeline.core.status.errors,mediapipeline.core.status.presentation,src/mediapipeline/core/status/errors.py,src/mediapipeline/core/status/presentation.py
mediapipeline.core.status.facade,mediapipeline.core.observability.status_policy,src/mediapipeline/core/status/facade.py,src/mediapipeline/core/observability/status_policy.py
mediapipeline.core.status.facade,mediapipeline.core.processes.path_evidence,src/mediapipeline/core/status/facade.py,src/mediapipeline/core/processes/path_evidence.py
mediapipeline.core.status.facade,mediapipeline.core.rename.policy,src/mediapipeline/core/status/facade.py,src/mediapipeline/core/rename/policy.py
mediapipeline.core.status.facade,mediapipeline.core.status.active_jobs,src/mediapipeline/core/status/facade.py,src/mediapipeline/core/status/active_jobs.py
mediapipeline.core.status.facade,mediapipeline.core.status.eta,src/mediapipeline/core/status/facade.py,src/mediapipeline/core/status/eta.py
mediapipeline.core.status.facade,mediapipeline.core.status.ffmpeg_progress,src/mediapipeline/core/status/facade.py,src/mediapipeline/core/status/ffmpeg_progress.py
mediapipeline.core.status.facade,mediapipeline.core.status.presentation,src/mediapipeline/core/status/facade.py,src/mediapipeline/core/status/presentation.py
mediapipeline.core.status.facade,mediapipeline.desktop.application.dto_status,src/mediapipeline/core/status/facade.py,src/mediapipeline/desktop/application/dto_status.py
mediapipeline.core.status.facade,mediapipeline.desktop.models,src/mediapipeline/core/status/facade.py,src/mediapipeline/desktop/models.py
mediapipeline.core.status.presentation,mediapipeline.core.status.events,src/mediapipeline/core/status/presentation.py,src/mediapipeline/core/status/events.py
mediapipeline.core.status.presentation,mediapipeline.core.status.presentation_labels,src/mediapipeline/core/status/presentation.py,src/mediapipeline/core/status/presentation_labels.py
mediapipeline.core.status.presentation,mediapipeline.core.status.presentation_lifecycle,src/mediapipeline/core/status/presentation.py,src/mediapipeline/core/status/presentation_lifecycle.py
mediapipeline.core.status.presentation,mediapipeline.core.status.presentation_progress,src/mediapipeline/core/status/presentation.py,src/mediapipeline/core/status/presentation_progress.py
mediapipeline.core.status.presentation_labels,mediapipeline.core.rename.movie,src/mediapipeline/core/status/presentation_labels.py,src/mediapipeline/core/rename/movie.py
mediapipeline.core.status.presentation_labels,mediapipeline.core.rename.tv,src/mediapipeline/core/status/presentation_labels.py,src/mediapipeline/core/rename/tv.py
mediapipeline.core.status.presentation_lifecycle,mediapipeline.core.status.events,src/mediapipeline/core/status/presentation_lifecycle.py,src/mediapipeline/core/status/events.py
mediapipeline.core.status.presentation_lifecycle,mediapipeline.core.status.presentation_labels,src/mediapipeline/core/status/presentation_lifecycle.py,src/mediapipeline/core/status/presentation_labels.py
mediapipeline.core.status.presentation_lifecycle,mediapipeline.core.status.presentation_progress,src/mediapipeline/core/status/presentation_lifecycle.py,src/mediapipeline/core/status/presentation_progress.py
mediapipeline.core.status.presentation_progress,mediapipeline.core.status.presentation_labels,src/mediapipeline/core/status/presentation_progress.py,src/mediapipeline/core/status/presentation_labels.py
mediapipeline.core.status.readers,mediapipeline.core.status.contracts,src/mediapipeline/core/status/readers.py,src/mediapipeline/core/status/contracts.py
mediapipeline.core.status.readers,mediapipeline.core.status.file_io,src/mediapipeline/core/status/readers.py,src/mediapipeline/core/status/file_io.py
mediapipeline.core.status.readers,mediapipeline.desktop.contracts,src/mediapipeline/core/status/readers.py,src/mediapipeline/desktop/contracts/__init__.py
mediapipeline.core.status.service,mediapipeline.core.observability.status_files,src/mediapipeline/core/status/service.py,src/mediapipeline/core/observability/status_files.py
mediapipeline.core.status.service,mediapipeline.core.rename.policy,src/mediapipeline/core/status/service.py,src/mediapipeline/core/rename/policy.py
mediapipeline.core.status.service,mediapipeline.core.status.active_jobs,src/mediapipeline/core/status/service.py,src/mediapipeline/core/status/active_jobs.py
mediapipeline.core.status.service,mediapipeline.core.status.errors,src/mediapipeline/core/status/service.py,src/mediapipeline/core/status/errors.py
mediapipeline.core.status.service,mediapipeline.core.status.presentation,src/mediapipeline/core/status/service.py,src/mediapipeline/core/status/presentation.py
mediapipeline.core.status.service,mediapipeline.core.status.progress,src/mediapipeline/core/status/service.py,src/mediapipeline/core/status/progress.py
mediapipeline.core.status.service,mediapipeline.core.status.readers,src/mediapipeline/core/status/service.py,src/mediapipeline/core/status/readers.py
mediapipeline.core.status.service,mediapipeline.core.status.snapshot_runner,src/mediapipeline/core/status/service.py,src/mediapipeline/core/status/snapshot_runner.py
mediapipeline.core.status.service,mediapipeline.core.status.summary,src/mediapipeline/core/status/service.py,src/mediapipeline/core/status/summary.py
mediapipeline.core.status.service,mediapipeline.desktop.models,src/mediapipeline/core/status/service.py,src/mediapipeline/desktop/models.py
mediapipeline.core.status.snapshot_runner,mediapipeline.core.status.contracts,src/mediapipeline/core/status/snapshot_runner.py,src/mediapipeline/core/status/contracts.py
mediapipeline.core.status.snapshot_runner,mediapipeline.desktop.models,src/mediapipeline/core/status/snapshot_runner.py,src/mediapipeline/desktop/models.py
mediapipeline.core.status.summary,mediapipeline.core.status.summary_sections,src/mediapipeline/core/status/summary.py,src/mediapipeline/core/status/summary_sections.py
mediapipeline.core.status.summary,mediapipeline.desktop.models,src/mediapipeline/core/status/summary.py,src/mediapipeline/desktop/models.py
mediapipeline.core.status.summary_sections,mediapipeline.desktop.models,src/mediapipeline/core/status/summary_sections.py,src/mediapipeline/desktop/models.py
mediapipeline.core.storage.state_migration,mediapipeline.core.storage.constants,src/mediapipeline/core/storage/state_migration.py,src/mediapipeline/core/storage/constants.py
mediapipeline.core.storage.state_migration,mediapipeline.core.storage.contracts,src/mediapipeline/core/storage/state_migration.py,src/mediapipeline/core/storage/contracts.py
mediapipeline.core.subtitles,mediapipeline.core.subtitles.qa,src/mediapipeline/core/subtitles/__init__.py,src/mediapipeline/core/subtitles/qa.py
mediapipeline.core.subtitles.facade,mediapipeline.core.completed.manifest,src/mediapipeline/core/subtitles/facade.py,src/mediapipeline/core/completed/manifest.py
mediapipeline.core.subtitles.facade,mediapipeline.core.subtitles.qa,src/mediapipeline/core/subtitles/facade.py,src/mediapipeline/core/subtitles/qa.py
mediapipeline.core.subtitles.facade,mediapipeline.desktop.models,src/mediapipeline/core/subtitles/facade.py,src/mediapipeline/desktop/models.py
mediapipeline.core.subtitles.qa,mediapipeline.contracts.subtitles,src/mediapipeline/core/subtitles/qa.py,src/mediapipeline/contracts/subtitles.py
mediapipeline.core.telemetry.gpu_usage,mediapipeline.desktop.models,src/mediapipeline/core/telemetry/gpu_usage.py,src/mediapipeline/desktop/models.py
mediapipeline.core.telemetry.health,mediapipeline.contracts.config,src/mediapipeline/core/telemetry/health.py,src/mediapipeline/contracts/config.py
mediapipeline.core.telemetry.health,mediapipeline.core.config.library_profiles,src/mediapipeline/core/telemetry/health.py,src/mediapipeline/core/config/library_profiles.py
mediapipeline.core.telemetry.health,mediapipeline.core.kernel.config_keys,src/mediapipeline/core/telemetry/health.py,src/mediapipeline/core/kernel/config_keys.py
mediapipeline.core.telemetry.health,mediapipeline.core.storage.db,src/mediapipeline/core/telemetry/health.py,src/mediapipeline/core/storage/db.py
mediapipeline.core.telemetry.health,mediapipeline.desktop.api.contract,src/mediapipeline/core/telemetry/health.py,src/mediapipeline/desktop/api/contract.py
mediapipeline.core.telemetry.nvidia,mediapipeline.desktop.models,src/mediapipeline/core/telemetry/nvidia.py,src/mediapipeline/desktop/models.py
mediapipeline.core.telemetry.service,mediapipeline.core.telemetry.health,src/mediapipeline/core/telemetry/service.py,src/mediapipeline/core/telemetry/health.py
mediapipeline.core.telemetry.service,mediapipeline.core.telemetry.nvidia,src/mediapipeline/core/telemetry/service.py,src/mediapipeline/core/telemetry/nvidia.py
mediapipeline.core.telemetry.service,mediapipeline.core.telemetry.system_metrics,src/mediapipeline/core/telemetry/service.py,src/mediapipeline/core/telemetry/system_metrics.py
mediapipeline.core.telemetry.service,mediapipeline.desktop.models,src/mediapipeline/core/telemetry/service.py,src/mediapipeline/desktop/models.py
mediapipeline.core.telemetry.service,mediapipeline.desktop.subprocess_runner,src/mediapipeline/core/telemetry/service.py,src/mediapipeline/desktop/subprocess_runner.py
mediapipeline.core.telemetry.system_metrics,mediapipeline.desktop.models,src/mediapipeline/core/telemetry/system_metrics.py,src/mediapipeline/desktop/models.py
mediapipeline.core.ui.preferences,mediapipeline.core.ui_preferences,src/mediapipeline/core/ui/preferences.py,src/mediapipeline/core/ui_preferences.py
mediapipeline.core.validation.boundary,mediapipeline.contracts.api_commands,src/mediapipeline/core/validation/boundary.py,src/mediapipeline/contracts/api_commands.py
mediapipeline.core.validation.boundary,mediapipeline.contracts.stages,src/mediapipeline/core/validation/boundary.py,src/mediapipeline/contracts/stages.py
mediapipeline.desktop,mediapipeline.tools.paths,src/mediapipeline/desktop/__init__.py,src/mediapipeline/tools/paths.py
mediapipeline.desktop,mediapipeline.tools.release_identity,src/mediapipeline/desktop/__init__.py,src/mediapipeline/tools/release_identity.py
mediapipeline.desktop.__main__,mediapipeline.desktop.local_api_main,src/mediapipeline/desktop/__main__.py,src/mediapipeline/desktop/local_api_main.py
mediapipeline.desktop.api,mediapipeline.desktop.api.contract,src/mediapipeline/desktop/api/__init__.py,src/mediapipeline/desktop/api/contract.py
mediapipeline.desktop.api,mediapipeline.desktop.api.server,src/mediapipeline/desktop/api/__init__.py,src/mediapipeline/desktop/api/server.py
mediapipeline.desktop.api.command_journal,mediapipeline.core.storage.db,src/mediapipeline/desktop/api/command_journal.py,src/mediapipeline/core/storage/db.py
mediapipeline.desktop.api.command_journal,mediapipeline.desktop.api.command_journal_policy,src/mediapipeline/desktop/api/command_journal.py,src/mediapipeline/desktop/api/command_journal_policy.py
mediapipeline.desktop.api.contract,mediapipeline.desktop.api.contract_command,src/mediapipeline/desktop/api/contract.py,src/mediapipeline/desktop/api/contract_command.py
mediapipeline.desktop.api.contract,mediapipeline.desktop.api.contract_read,src/mediapipeline/desktop/api/contract.py,src/mediapipeline/desktop/api/contract_read.py
mediapipeline.desktop.api.contract,mediapipeline.desktop.api.contract_shared,src/mediapipeline/desktop/api/contract.py,src/mediapipeline/desktop/api/contract_shared.py
mediapipeline.desktop.api.contract_payload,mediapipeline.desktop.api.contract,src/mediapipeline/desktop/api/contract_payload.py,src/mediapipeline/desktop/api/contract.py
mediapipeline.desktop.api.contract_payload,mediapipeline.desktop.api.contract_shared,src/mediapipeline/desktop/api/contract_payload.py,src/mediapipeline/desktop/api/contract_shared.py
mediapipeline.desktop.api.contract_read,mediapipeline.desktop.api.contract_shared,src/mediapipeline/desktop/api/contract_read.py,src/mediapipeline/desktop/api/contract_shared.py
mediapipeline.desktop.api.handler,mediapipeline.desktop.api.handler_policy,src/mediapipeline/desktop/api/handler.py,src/mediapipeline/desktop/api/handler_policy.py
mediapipeline.desktop.api.handler,mediapipeline.desktop.api.http_helpers,src/mediapipeline/desktop/api/handler.py,src/mediapipeline/desktop/api/http_helpers.py
mediapipeline.desktop.api.handler,mediapipeline.desktop.api.routes,src/mediapipeline/desktop/api/handler.py,src/mediapipeline/desktop/api/routes.py
mediapipeline.desktop.api.handler_policy,mediapipeline.desktop.api.command_journal_policy,src/mediapipeline/desktop/api/handler_policy.py,src/mediapipeline/desktop/api/command_journal_policy.py
mediapipeline.desktop.api.handler_policy,mediapipeline.desktop.api.http_helpers,src/mediapipeline/desktop/api/handler_policy.py,src/mediapipeline/desktop/api/http_helpers.py
mediapipeline.desktop.api.path_dialogs,mediapipeline.tools.paths,src/mediapipeline/desktop/api/path_dialogs.py,src/mediapipeline/tools/paths.py
mediapipeline.desktop.api.queue_source_path_policy,mediapipeline.core.config.library_profiles,src/mediapipeline/desktop/api/queue_source_path_policy.py,src/mediapipeline/core/config/library_profiles.py
mediapipeline.desktop.api.read_payloads,mediapipeline.desktop.api.read_payloads_inventory,src/mediapipeline/desktop/api/read_payloads.py,src/mediapipeline/desktop/api/read_payloads_inventory.py
mediapipeline.desktop.api.read_payloads,mediapipeline.desktop.api.read_payloads_status,src/mediapipeline/desktop/api/read_payloads.py,src/mediapipeline/desktop/api/read_payloads_status.py
mediapipeline.desktop.api.read_payloads,mediapipeline.desktop.api.read_payloads_workspace,src/mediapipeline/desktop/api/read_payloads.py,src/mediapipeline/desktop/api/read_payloads_workspace.py
mediapipeline.desktop.api.read_payloads_inventory,mediapipeline.core.publish.reconciliation_policy,src/mediapipeline/desktop/api/read_payloads_inventory.py,src/mediapipeline/core/publish/reconciliation_policy.py
mediapipeline.desktop.api.read_payloads_inventory,mediapipeline.desktop.api.http_helpers,src/mediapipeline/desktop/api/read_payloads_inventory.py,src/mediapipeline/desktop/api/http_helpers.py
mediapipeline.desktop.api.read_payloads_inventory,mediapipeline.desktop.api.read_payloads_policy,src/mediapipeline/desktop/api/read_payloads_inventory.py,src/mediapipeline/desktop/api/read_payloads_policy.py
mediapipeline.desktop.api.read_payloads_status,mediapipeline.desktop.api.contract_payload,src/mediapipeline/desktop/api/read_payloads_status.py,src/mediapipeline/desktop/api/contract_payload.py
mediapipeline.desktop.api.read_payloads_status,mediapipeline.desktop.api.http_helpers,src/mediapipeline/desktop/api/read_payloads_status.py,src/mediapipeline/desktop/api/http_helpers.py
mediapipeline.desktop.api.read_payloads_status,mediapipeline.desktop.api.read_payloads_policy,src/mediapipeline/desktop/api/read_payloads_status.py,src/mediapipeline/desktop/api/read_payloads_policy.py
mediapipeline.desktop.api.read_payloads_workspace,mediapipeline.core.rename.policy,src/mediapipeline/desktop/api/read_payloads_workspace.py,src/mediapipeline/core/rename/policy.py
mediapipeline.desktop.api.read_payloads_workspace,mediapipeline.desktop.api.http_helpers,src/mediapipeline/desktop/api/read_payloads_workspace.py,src/mediapipeline/desktop/api/http_helpers.py
mediapipeline.desktop.api.read_payloads_workspace,mediapipeline.desktop.api.read_payloads_policy,src/mediapipeline/desktop/api/read_payloads_workspace.py,src/mediapipeline/desktop/api/read_payloads_policy.py
mediapipeline.desktop.api.routes,mediapipeline.desktop.api.routes_command,src/mediapipeline/desktop/api/routes.py,src/mediapipeline/desktop/api/routes_command.py
mediapipeline.desktop.api.routes,mediapipeline.desktop.api.routes_read,src/mediapipeline/desktop/api/routes.py,src/mediapipeline/desktop/api/routes_read.py
mediapipeline.desktop.api.routes,mediapipeline.desktop.api.routes_shared,src/mediapipeline/desktop/api/routes.py,src/mediapipeline/desktop/api/routes_shared.py
mediapipeline.desktop.api.routes_command,mediapipeline.core.api.commands,src/mediapipeline/desktop/api/routes_command.py,src/mediapipeline/core/api/commands.py
mediapipeline.desktop.api.routes_command,mediapipeline.desktop.api.routes_shared,src/mediapipeline/desktop/api/routes_command.py,src/mediapipeline/desktop/api/routes_shared.py
mediapipeline.desktop.api.routes_read,mediapipeline.desktop.api.routes_shared,src/mediapipeline/desktop/api/routes_read.py,src/mediapipeline/desktop/api/routes_shared.py
mediapipeline.desktop.api.server,mediapipeline.core.api.command_handlers,src/mediapipeline/desktop/api/server.py,src/mediapipeline/core/api/command_handlers.py
mediapipeline.desktop.api.server,mediapipeline.core.validation.boundary,src/mediapipeline/desktop/api/server.py,src/mediapipeline/core/validation/boundary.py
mediapipeline.desktop.api.server,mediapipeline.desktop.api.command_journal,src/mediapipeline/desktop/api/server.py,src/mediapipeline/desktop/api/command_journal.py
mediapipeline.desktop.api.server,mediapipeline.desktop.api.handler,src/mediapipeline/desktop/api/server.py,src/mediapipeline/desktop/api/handler.py
mediapipeline.desktop.api.server,mediapipeline.desktop.api.http_helpers,src/mediapipeline/desktop/api/server.py,src/mediapipeline/desktop/api/http_helpers.py
mediapipeline.desktop.api.server,mediapipeline.desktop.api.read_payloads,src/mediapipeline/desktop/api/server.py,src/mediapipeline/desktop/api/read_payloads.py
mediapipeline.desktop.api.server,mediapipeline.desktop.api.static_files,src/mediapipeline/desktop/api/server.py,src/mediapipeline/desktop/api/static_files.py
mediapipeline.desktop.api.server,mediapipeline.desktop.application,src/mediapipeline/desktop/api/server.py,src/mediapipeline/desktop/application/__init__.py
mediapipeline.desktop.api.server,mediapipeline.desktop.models,src/mediapipeline/desktop/api/server.py,src/mediapipeline/desktop/models.py
mediapipeline.desktop.api.static_files,mediapipeline.desktop.api.http_helpers,src/mediapipeline/desktop/api/static_files.py,src/mediapipeline/desktop/api/http_helpers.py
mediapipeline.desktop.api.static_files,mediapipeline.desktop.api.static_files_policy,src/mediapipeline/desktop/api/static_files.py,src/mediapipeline/desktop/api/static_files_policy.py
mediapipeline.desktop.api.static_files,mediapipeline.tools.paths,src/mediapipeline/desktop/api/static_files.py,src/mediapipeline/tools/paths.py
mediapipeline.desktop.api.static_files_policy,mediapipeline.desktop.api.handler_policy,src/mediapipeline/desktop/api/static_files_policy.py,src/mediapipeline/desktop/api/handler_policy.py
mediapipeline.desktop.application,mediapipeline.desktop.application.dto,src/mediapipeline/desktop/application/__init__.py,src/mediapipeline/desktop/application/dto.py
mediapipeline.desktop.application,mediapipeline.desktop.application.facade,src/mediapipeline/desktop/application/__init__.py,src/mediapipeline/desktop/application/facade.py
mediapipeline.desktop.application.dto,mediapipeline.core.kernel.dto,src/mediapipeline/desktop/application/dto.py,src/mediapipeline/core/kernel/dto.py
mediapipeline.desktop.application.dto_base,mediapipeline.core.kernel.dto_base,src/mediapipeline/desktop/application/dto_base.py,src/mediapipeline/core/kernel/dto_base.py
mediapipeline.desktop.application.dto_commands,mediapipeline.core.kernel.dto_commands,src/mediapipeline/desktop/application/dto_commands.py,src/mediapipeline/core/kernel/dto_commands.py
mediapipeline.desktop.application.dto_inventory,mediapipeline.core.kernel.dto_inventory,src/mediapipeline/desktop/application/dto_inventory.py,src/mediapipeline/core/kernel/dto_inventory.py
mediapipeline.desktop.application.dto_status,mediapipeline.core.kernel.dto_status,src/mediapipeline/desktop/application/dto_status.py,src/mediapipeline/core/kernel/dto_status.py
mediapipeline.desktop.application.dto_workspaces,mediapipeline.core.kernel.dto_workspaces,src/mediapipeline/desktop/application/dto_workspaces.py,src/mediapipeline/core/kernel/dto_workspaces.py
mediapipeline.desktop.application.facade,mediapipeline.core.application.utilities,src/mediapipeline/desktop/application/facade.py,src/mediapipeline/core/application/utilities.py
mediapipeline.desktop.application.facade,mediapipeline.core.audit.facade,src/mediapipeline/desktop/application/facade.py,src/mediapipeline/core/audit/facade.py
mediapipeline.desktop.application.facade,mediapipeline.core.completed.facade,src/mediapipeline/desktop/application/facade.py,src/mediapipeline/core/completed/facade.py
mediapipeline.desktop.application.facade,mediapipeline.core.completed.open_facade,src/mediapipeline/desktop/application/facade.py,src/mediapipeline/core/completed/open_facade.py
mediapipeline.desktop.application.facade,mediapipeline.core.config.settings_facade,src/mediapipeline/desktop/application/facade.py,src/mediapipeline/core/config/settings_facade.py
mediapipeline.desktop.application.facade,mediapipeline.core.config.settings_helpers_facade,src/mediapipeline/desktop/application/facade.py,src/mediapipeline/core/config/settings_helpers_facade.py
mediapipeline.desktop.application.facade,mediapipeline.core.config.settings_patch_candidate_facade,src/mediapipeline/desktop/application/facade.py,src/mediapipeline/core/config/settings_patch_candidate_facade.py
mediapipeline.desktop.application.facade,mediapipeline.core.config.settings_risk_facade,src/mediapipeline/desktop/application/facade.py,src/mediapipeline/core/config/settings_risk_facade.py
mediapipeline.desktop.application.facade,mediapipeline.core.config.settings_wizard_facade,src/mediapipeline/desktop/application/facade.py,src/mediapipeline/core/config/settings_wizard_facade.py
mediapipeline.desktop.application.facade,mediapipeline.core.diagnostics.facade,src/mediapipeline/desktop/application/facade.py,src/mediapipeline/core/diagnostics/facade.py
mediapipeline.desktop.application.facade,mediapipeline.core.failures.facade,src/mediapipeline/desktop/application/facade.py,src/mediapipeline/core/failures/facade.py
mediapipeline.desktop.application.facade,mediapipeline.core.final_library.facade,src/mediapipeline/desktop/application/facade.py,src/mediapipeline/core/final_library/facade.py
mediapipeline.desktop.application.facade,mediapipeline.core.maintenance.backfill_facade,src/mediapipeline/desktop/application/facade.py,src/mediapipeline/core/maintenance/backfill_facade.py
mediapipeline.desktop.application.facade,mediapipeline.core.maintenance.commands_facade,src/mediapipeline/desktop/application/facade.py,src/mediapipeline/core/maintenance/commands_facade.py
mediapipeline.desktop.application.facade,mediapipeline.core.maintenance.dependency_atlas_facade,src/mediapipeline/desktop/application/facade.py,src/mediapipeline/core/maintenance/dependency_atlas_facade.py
mediapipeline.desktop.application.facade,mediapipeline.core.maintenance.facade,src/mediapipeline/desktop/application/facade.py,src/mediapipeline/core/maintenance/facade.py
mediapipeline.desktop.application.facade,mediapipeline.core.maintenance.release_facade,src/mediapipeline/desktop/application/facade.py,src/mediapipeline/core/maintenance/release_facade.py
mediapipeline.desktop.application.facade,mediapipeline.core.metrics.facade,src/mediapipeline/desktop/application/facade.py,src/mediapipeline/core/metrics/facade.py
mediapipeline.desktop.application.facade,mediapipeline.core.network.facade,src/mediapipeline/desktop/application/facade.py,src/mediapipeline/core/network/facade.py
mediapipeline.desktop.application.facade,mediapipeline.core.orchestration.settings_patch_facade,src/mediapipeline/desktop/application/facade.py,src/mediapipeline/core/orchestration/settings_patch_facade.py
mediapipeline.desktop.application.facade,mediapipeline.core.processes.audit_facade,src/mediapipeline/desktop/application/facade.py,src/mediapipeline/core/processes/audit_facade.py
mediapipeline.desktop.application.facade,mediapipeline.core.processes.control_facade,src/mediapipeline/desktop/application/facade.py,src/mediapipeline/core/processes/control_facade.py
mediapipeline.desktop.application.facade,mediapipeline.core.processes.guard_facade,src/mediapipeline/desktop/application/facade.py,src/mediapipeline/core/processes/guard_facade.py
mediapipeline.desktop.application.facade,mediapipeline.core.processes.pipeline_facade,src/mediapipeline/desktop/application/facade.py,src/mediapipeline/core/processes/pipeline_facade.py
mediapipeline.desktop.application.facade,mediapipeline.core.processes.preflight_facade,src/mediapipeline/desktop/application/facade.py,src/mediapipeline/core/processes/preflight_facade.py
mediapipeline.desktop.application.facade,mediapipeline.core.processes.rerun_facade,src/mediapipeline/desktop/application/facade.py,src/mediapipeline/core/processes/rerun_facade.py
mediapipeline.desktop.application.facade,mediapipeline.core.processes.schedule_facade,src/mediapipeline/desktop/application/facade.py,src/mediapipeline/core/processes/schedule_facade.py
mediapipeline.desktop.application.facade,mediapipeline.core.publish.pending_facade,src/mediapipeline/desktop/application/facade.py,src/mediapipeline/core/publish/pending_facade.py
mediapipeline.desktop.application.facade,mediapipeline.core.publish.reconciliation_facade,src/mediapipeline/desktop/application/facade.py,src/mediapipeline/core/publish/reconciliation_facade.py
mediapipeline.desktop.application.facade,mediapipeline.core.queue.facade,src/mediapipeline/desktop/application/facade.py,src/mediapipeline/core/queue/facade.py
mediapipeline.desktop.application.facade,mediapipeline.core.rename.facade,src/mediapipeline/desktop/application/facade.py,src/mediapipeline/core/rename/facade.py
mediapipeline.desktop.application.facade,mediapipeline.core.sample_validation.facade,src/mediapipeline/desktop/application/facade.py,src/mediapipeline/core/sample_validation/facade.py
mediapipeline.desktop.application.facade,mediapipeline.core.schedule.facade,src/mediapipeline/desktop/application/facade.py,src/mediapipeline/core/schedule/facade.py
mediapipeline.desktop.application.facade,mediapipeline.core.status.facade,src/mediapipeline/desktop/application/facade.py,src/mediapipeline/core/status/facade.py
mediapipeline.desktop.application.facade,mediapipeline.core.subtitles.facade,src/mediapipeline/desktop/application/facade.py,src/mediapipeline/core/subtitles/facade.py
mediapipeline.desktop.application.facade,mediapipeline.desktop,src/mediapipeline/desktop/application/facade.py,src/mediapipeline/desktop/__init__.py
mediapipeline.desktop.application.facade,mediapipeline.desktop.application.schedule_stop_watcher,src/mediapipeline/desktop/application/facade.py,src/mediapipeline/desktop/application/schedule_stop_watcher.py
mediapipeline.desktop.application.runtime_outcomes,mediapipeline.core.observability.runtime_outcomes,src/mediapipeline/desktop/application/runtime_outcomes.py,src/mediapipeline/core/observability/runtime_outcomes.py
mediapipeline.desktop.application.sample_validation,mediapipeline.desktop.application.sample_validation.evidence,src/mediapipeline/desktop/application/sample_validation/__init__.py,src/mediapipeline/desktop/application/sample_validation/evidence.py
mediapipeline.desktop.application.sample_validation,mediapipeline.desktop.application.sample_validation.log_payload,src/mediapipeline/desktop/application/sample_validation/__init__.py,src/mediapipeline/desktop/application/sample_validation/log_payload.py
mediapipeline.desktop.application.sample_validation,mediapipeline.desktop.application.sample_validation.pilot_plan,src/mediapipeline/desktop/application/sample_validation/__init__.py,src/mediapipeline/desktop/application/sample_validation/pilot_plan.py
mediapipeline.desktop.application.sample_validation,mediapipeline.desktop.application.sample_validation.policy_alignment,src/mediapipeline/desktop/application/sample_validation/__init__.py,src/mediapipeline/desktop/application/sample_validation/policy_alignment.py
mediapipeline.desktop.application.sample_validation,mediapipeline.desktop.application.sample_validation.readiness,src/mediapipeline/desktop/application/sample_validation/__init__.py,src/mediapipeline/desktop/application/sample_validation/readiness.py
mediapipeline.desktop.application.sample_validation,mediapipeline.desktop.application.sample_validation.reconciliation,src/mediapipeline/desktop/application/sample_validation/__init__.py,src/mediapipeline/desktop/application/sample_validation/reconciliation.py
mediapipeline.desktop.application.sample_validation,mediapipeline.desktop.application.sample_validation.summary,src/mediapipeline/desktop/application/sample_validation/__init__.py,src/mediapipeline/desktop/application/sample_validation/summary.py
mediapipeline.desktop.application.sample_validation,mediapipeline.desktop.application.sample_validation.worksheet,src/mediapipeline/desktop/application/sample_validation/__init__.py,src/mediapipeline/desktop/application/sample_validation/worksheet.py
mediapipeline.desktop.application.sample_validation.evidence,mediapipeline.desktop.application.sample_validation.readiness,src/mediapipeline/desktop/application/sample_validation/evidence.py,src/mediapipeline/desktop/application/sample_validation/readiness.py
mediapipeline.desktop.application.sample_validation.log_payload,mediapipeline.desktop.application.sample_validation.pilot_plan,src/mediapipeline/desktop/application/sample_validation/log_payload.py,src/mediapipeline/desktop/application/sample_validation/pilot_plan.py
mediapipeline.desktop.application.sample_validation.log_payload,mediapipeline.desktop.application.sample_validation.policy_alignment,src/mediapipeline/desktop/application/sample_validation/log_payload.py,src/mediapipeline/desktop/application/sample_validation/policy_alignment.py
mediapipeline.desktop.application.sample_validation.log_payload,mediapipeline.desktop.application.sample_validation.readiness,src/mediapipeline/desktop/application/sample_validation/log_payload.py,src/mediapipeline/desktop/application/sample_validation/readiness.py
mediapipeline.desktop.application.sample_validation.log_payload,mediapipeline.desktop.application.sample_validation.reconciliation,src/mediapipeline/desktop/application/sample_validation/log_payload.py,src/mediapipeline/desktop/application/sample_validation/reconciliation.py
mediapipeline.desktop.application.sample_validation.log_payload,mediapipeline.desktop.application.sample_validation.record,src/mediapipeline/desktop/application/sample_validation/log_payload.py,src/mediapipeline/desktop/application/sample_validation/record.py
mediapipeline.desktop.application.sample_validation.log_payload,mediapipeline.desktop.application.sample_validation.summary,src/mediapipeline/desktop/application/sample_validation/log_payload.py,src/mediapipeline/desktop/application/sample_validation/summary.py
mediapipeline.desktop.application.sample_validation.log_payload,mediapipeline.desktop.application.sample_validation.worksheet,src/mediapipeline/desktop/application/sample_validation/log_payload.py,src/mediapipeline/desktop/application/sample_validation/worksheet.py
mediapipeline.desktop.application.sample_validation.log_payload,mediapipeline.desktop.models,src/mediapipeline/desktop/application/sample_validation/log_payload.py,src/mediapipeline/desktop/models.py
mediapipeline.desktop.application.sample_validation.pilot_plan,mediapipeline.desktop.application.sample_validation.readiness,src/mediapipeline/desktop/application/sample_validation/pilot_plan.py,src/mediapipeline/desktop/application/sample_validation/readiness.py
mediapipeline.desktop.application.sample_validation.pilot_plan,mediapipeline.desktop.application.sample_validation.worksheet,src/mediapipeline/desktop/application/sample_validation/pilot_plan.py,src/mediapipeline/desktop/application/sample_validation/worksheet.py
mediapipeline.desktop.application.sample_validation.policy_alignment,mediapipeline.desktop.application.sample_validation.pilot_plan,src/mediapipeline/desktop/application/sample_validation/policy_alignment.py,src/mediapipeline/desktop/application/sample_validation/pilot_plan.py
mediapipeline.desktop.application.sample_validation.policy_alignment,mediapipeline.desktop.application.settings_risk_policy,src/mediapipeline/desktop/application/sample_validation/policy_alignment.py,src/mediapipeline/desktop/application/settings_risk_policy.py
mediapipeline.desktop.application.sample_validation.policy_alignment,mediapipeline.desktop.config_keys,src/mediapipeline/desktop/application/sample_validation/policy_alignment.py,src/mediapipeline/desktop/config_keys.py
mediapipeline.desktop.application.sample_validation.policy_alignment,mediapipeline.desktop.models,src/mediapipeline/desktop/application/sample_validation/policy_alignment.py,src/mediapipeline/desktop/models.py
mediapipeline.desktop.application.sample_validation.readiness,mediapipeline.desktop.config_keys,src/mediapipeline/desktop/application/sample_validation/readiness.py,src/mediapipeline/desktop/config_keys.py
mediapipeline.desktop.application.sample_validation.readiness,mediapipeline.desktop.models,src/mediapipeline/desktop/application/sample_validation/readiness.py,src/mediapipeline/desktop/models.py
mediapipeline.desktop.application.sample_validation.reconciliation,mediapipeline.desktop.models,src/mediapipeline/desktop/application/sample_validation/reconciliation.py,src/mediapipeline/desktop/models.py
mediapipeline.desktop.application.sample_validation.record,mediapipeline.desktop.application.sample_validation.evidence,src/mediapipeline/desktop/application/sample_validation/record.py,src/mediapipeline/desktop/application/sample_validation/evidence.py
mediapipeline.desktop.application.sample_validation.record,mediapipeline.desktop.application.sample_validation.pilot_plan,src/mediapipeline/desktop/application/sample_validation/record.py,src/mediapipeline/desktop/application/sample_validation/pilot_plan.py
mediapipeline.desktop.application.sample_validation.record,mediapipeline.desktop.application.sample_validation.summary,src/mediapipeline/desktop/application/sample_validation/record.py,src/mediapipeline/desktop/application/sample_validation/summary.py
mediapipeline.desktop.application.sample_validation.record,mediapipeline.desktop.config_keys,src/mediapipeline/desktop/application/sample_validation/record.py,src/mediapipeline/desktop/config_keys.py
mediapipeline.desktop.application.sample_validation.record,mediapipeline.desktop.models,src/mediapipeline/desktop/application/sample_validation/record.py,src/mediapipeline/desktop/models.py
mediapipeline.desktop.application.sample_validation.summary,mediapipeline.desktop.application.sample_validation.evidence,src/mediapipeline/desktop/application/sample_validation/summary.py,src/mediapipeline/desktop/application/sample_validation/evidence.py
mediapipeline.desktop.application.sample_validation.worksheet,mediapipeline.desktop.models,src/mediapipeline/desktop/application/sample_validation/worksheet.py,src/mediapipeline/desktop/models.py
mediapipeline.desktop.application.schedule_stop_watcher,mediapipeline.desktop.models,src/mediapipeline/desktop/application/schedule_stop_watcher.py,src/mediapipeline/desktop/models.py
mediapipeline.desktop.application.settings_risk_policy,mediapipeline.core.config.metadata,src/mediapipeline/desktop/application/settings_risk_policy.py,src/mediapipeline/core/config/metadata.py
mediapipeline.desktop.application.settings_risk_policy,mediapipeline.desktop.application.settings_risk_policy_rules,src/mediapipeline/desktop/application/settings_risk_policy.py,src/mediapipeline/desktop/application/settings_risk_policy_rules.py
mediapipeline.desktop.application.settings_risk_policy,mediapipeline.desktop.config_keys,src/mediapipeline/desktop/application/settings_risk_policy.py,src/mediapipeline/desktop/config_keys.py
mediapipeline.desktop.config_keys,mediapipeline.core.kernel.config_keys,src/mediapipeline/desktop/config_keys.py,src/mediapipeline/core/kernel/config_keys.py
mediapipeline.desktop.contracts,mediapipeline.core.kernel.contracts,src/mediapipeline/desktop/contracts/__init__.py,src/mediapipeline/core/kernel/contracts/__init__.py
mediapipeline.desktop.contracts.active_job,mediapipeline.core.kernel.contracts.active_job,src/mediapipeline/desktop/contracts/active_job.py,src/mediapipeline/core/kernel/contracts/active_job.py
mediapipeline.desktop.contracts.base,mediapipeline.core.kernel.contracts.base,src/mediapipeline/desktop/contracts/base.py,src/mediapipeline/core/kernel/contracts/base.py
mediapipeline.desktop.contracts.completed_job,mediapipeline.core.kernel.contracts.completed_job,src/mediapipeline/desktop/contracts/completed_job.py,src/mediapipeline/core/kernel/contracts/completed_job.py
mediapipeline.desktop.contracts.control_flag,mediapipeline.core.kernel.contracts.control_flag,src/mediapipeline/desktop/contracts/control_flag.py,src/mediapipeline/core/kernel/contracts/control_flag.py
mediapipeline.desktop.contracts.pending_publish,mediapipeline.core.kernel.contracts.pending_publish,src/mediapipeline/desktop/contracts/pending_publish.py,src/mediapipeline/core/kernel/contracts/pending_publish.py
mediapipeline.desktop.contracts.pipeline_events,mediapipeline.core.kernel.contracts.pipeline_events,src/mediapipeline/desktop/contracts/pipeline_events.py,src/mediapipeline/core/kernel/contracts/pipeline_events.py
mediapipeline.desktop.contracts.process_result,mediapipeline.core.kernel.contracts.process_result,src/mediapipeline/desktop/contracts/process_result.py,src/mediapipeline/core/kernel/contracts/process_result.py
mediapipeline.desktop.contracts.progress,mediapipeline.core.kernel.contracts.progress,src/mediapipeline/desktop/contracts/progress.py,src/mediapipeline/core/kernel/contracts/progress.py
mediapipeline.desktop.contracts.queue_snapshot,mediapipeline.core.kernel.contracts.queue_snapshot,src/mediapipeline/desktop/contracts/queue_snapshot.py,src/mediapipeline/core/kernel/contracts/queue_snapshot.py
mediapipeline.desktop.local_api_main,mediapipeline.core.config.identity,src/mediapipeline/desktop/local_api_main.py,src/mediapipeline/core/config/identity.py
mediapipeline.desktop.local_api_main,mediapipeline.core.config.recovery,src/mediapipeline/desktop/local_api_main.py,src/mediapipeline/core/config/recovery.py
mediapipeline.desktop.local_api_main,mediapipeline.desktop.api,src/mediapipeline/desktop/local_api_main.py,src/mediapipeline/desktop/api/__init__.py
mediapipeline.desktop.local_api_main,mediapipeline.desktop.api.http_helpers,src/mediapipeline/desktop/local_api_main.py,src/mediapipeline/desktop/api/http_helpers.py
mediapipeline.desktop.local_api_main,mediapipeline.desktop.application,src/mediapipeline/desktop/local_api_main.py,src/mediapipeline/desktop/application/__init__.py
mediapipeline.desktop.local_api_main,mediapipeline.desktop.backend_bootstrap,src/mediapipeline/desktop/local_api_main.py,src/mediapipeline/desktop/backend_bootstrap.py
mediapipeline.desktop.local_api_main,mediapipeline.desktop.models,src/mediapipeline/desktop/local_api_main.py,src/mediapipeline/desktop/models.py
mediapipeline.desktop.local_api_main,mediapipeline.desktop.services,src/mediapipeline/desktop/local_api_main.py,src/mediapipeline/desktop/services.py
mediapipeline.desktop.local_api_main,mediapipeline.tools.paths,src/mediapipeline/desktop/local_api_main.py,src/mediapipeline/tools/paths.py
mediapipeline.desktop.models,mediapipeline.core.kernel.models,src/mediapipeline/desktop/models.py,src/mediapipeline/core/kernel/models.py
mediapipeline.desktop.models_core,mediapipeline.core.kernel.models_core,src/mediapipeline/desktop/models_core.py,src/mediapipeline/core/kernel/models_core.py
mediapipeline.desktop.models_media_paths,mediapipeline.core.kernel.models_media_paths,src/mediapipeline/desktop/models_media_paths.py,src/mediapipeline/core/kernel/models_media_paths.py
mediapipeline.desktop.network,mediapipeline.desktop,src/mediapipeline/desktop/network/__init__.py,src/mediapipeline/desktop/__init__.py
mediapipeline.desktop.network,mediapipeline.desktop.config_keys,src/mediapipeline/desktop/network/__init__.py,src/mediapipeline/desktop/config_keys.py
mediapipeline.desktop.network,mediapipeline.desktop.network.coordinator,src/mediapipeline/desktop/network/__init__.py,src/mediapipeline/desktop/network/coordinator.py
mediapipeline.desktop.network,mediapipeline.desktop.network.dispatcher,src/mediapipeline/desktop/network/__init__.py,src/mediapipeline/desktop/network/dispatcher.py
mediapipeline.desktop.network,mediapipeline.desktop.network.standalone,src/mediapipeline/desktop/network/__init__.py,src/mediapipeline/desktop/network/standalone.py
mediapipeline.desktop.network,mediapipeline.desktop.network.worker,src/mediapipeline/desktop/network/__init__.py,src/mediapipeline/desktop/network/worker.py
mediapipeline.desktop.network.cluster_log,mediapipeline.desktop.network.protocol,src/mediapipeline/desktop/network/cluster_log.py,src/mediapipeline/desktop/network/protocol.py
mediapipeline.desktop.network.coordinator,mediapipeline.desktop,src/mediapipeline/desktop/network/coordinator.py,src/mediapipeline/desktop/__init__.py
mediapipeline.desktop.network.coordinator,mediapipeline.desktop.network.coordinator_auth,src/mediapipeline/desktop/network/coordinator.py,src/mediapipeline/desktop/network/coordinator_auth.py
mediapipeline.desktop.network.coordinator,mediapipeline.desktop.network.coordinator_http_handlers,src/mediapipeline/desktop/network/coordinator.py,src/mediapipeline/desktop/network/coordinator_http_handlers.py
mediapipeline.desktop.network.coordinator,mediapipeline.desktop.network.coordinator_lifecycle,src/mediapipeline/desktop/network/coordinator.py,src/mediapipeline/desktop/network/coordinator_lifecycle.py
mediapipeline.desktop.network.coordinator,mediapipeline.desktop.network.coordinator_parts.http_server,src/mediapipeline/desktop/network/coordinator.py,src/mediapipeline/desktop/network/coordinator_parts/http_server.py
mediapipeline.desktop.network.coordinator,mediapipeline.desktop.network.coordinator_policy,src/mediapipeline/desktop/network/coordinator.py,src/mediapipeline/desktop/network/coordinator_policy.py
mediapipeline.desktop.network.coordinator,mediapipeline.desktop.network.coordinator_queue,src/mediapipeline/desktop/network/coordinator.py,src/mediapipeline/desktop/network/coordinator_queue.py
mediapipeline.desktop.network.coordinator,mediapipeline.desktop.network.coordinator_state,src/mediapipeline/desktop/network/coordinator.py,src/mediapipeline/desktop/network/coordinator_state.py
mediapipeline.desktop.network.coordinator,mediapipeline.desktop.network.dispatcher,src/mediapipeline/desktop/network/coordinator.py,src/mediapipeline/desktop/network/dispatcher.py
mediapipeline.desktop.network.coordinator,mediapipeline.desktop.network.identity,src/mediapipeline/desktop/network/coordinator.py,src/mediapipeline/desktop/network/identity.py
mediapipeline.desktop.network.coordinator,mediapipeline.desktop.network.registry,src/mediapipeline/desktop/network/coordinator.py,src/mediapipeline/desktop/network/registry.py
mediapipeline.desktop.network.coordinator_auth,mediapipeline.desktop.config_keys,src/mediapipeline/desktop/network/coordinator_auth.py,src/mediapipeline/desktop/config_keys.py
mediapipeline.desktop.network.coordinator_auth,mediapipeline.desktop.network.auth,src/mediapipeline/desktop/network/coordinator_auth.py,src/mediapipeline/desktop/network/auth.py
mediapipeline.desktop.network.coordinator_http_handlers,mediapipeline.desktop.network.coordinator_policy,src/mediapipeline/desktop/network/coordinator_http_handlers.py,src/mediapipeline/desktop/network/coordinator_policy.py
mediapipeline.desktop.network.coordinator_http_handlers,mediapipeline.desktop.network.coordinator_queue,src/mediapipeline/desktop/network/coordinator_http_handlers.py,src/mediapipeline/desktop/network/coordinator_queue.py
mediapipeline.desktop.network.coordinator_http_handlers,mediapipeline.desktop.network.identity,src/mediapipeline/desktop/network/coordinator_http_handlers.py,src/mediapipeline/desktop/network/identity.py
mediapipeline.desktop.network.coordinator_http_handlers,mediapipeline.desktop.network.json_policy,src/mediapipeline/desktop/network/coordinator_http_handlers.py,src/mediapipeline/desktop/network/json_policy.py
mediapipeline.desktop.network.coordinator_http_handlers,mediapipeline.desktop.network.protocol,src/mediapipeline/desktop/network/coordinator_http_handlers.py,src/mediapipeline/desktop/network/protocol.py
mediapipeline.desktop.network.coordinator_lifecycle,mediapipeline.desktop.network.coordinator_parts.http_server,src/mediapipeline/desktop/network/coordinator_lifecycle.py,src/mediapipeline/desktop/network/coordinator_parts/http_server.py
mediapipeline.desktop.network.coordinator_lifecycle,mediapipeline.desktop.network.mdns,src/mediapipeline/desktop/network/coordinator_lifecycle.py,src/mediapipeline/desktop/network/mdns.py
mediapipeline.desktop.network.coordinator_lifecycle,mediapipeline.desktop.network.protocol,src/mediapipeline/desktop/network/coordinator_lifecycle.py,src/mediapipeline/desktop/network/protocol.py
mediapipeline.desktop.network.coordinator_parts.http_server,mediapipeline.desktop.network.coordinator,src/mediapipeline/desktop/network/coordinator_parts/http_server.py,src/mediapipeline/desktop/network/coordinator.py
mediapipeline.desktop.network.coordinator_parts.http_server,mediapipeline.desktop.network.coordinator_http,src/mediapipeline/desktop/network/coordinator_parts/http_server.py,src/mediapipeline/desktop/network/coordinator_http.py
mediapipeline.desktop.network.coordinator_policy,mediapipeline.desktop.config_keys,src/mediapipeline/desktop/network/coordinator_policy.py,src/mediapipeline/desktop/config_keys.py
mediapipeline.desktop.network.coordinator_queue,mediapipeline.desktop.network.coordinator_policy,src/mediapipeline/desktop/network/coordinator_queue.py,src/mediapipeline/desktop/network/coordinator_policy.py
mediapipeline.desktop.network.coordinator_queue,mediapipeline.desktop.network.dispatcher,src/mediapipeline/desktop/network/coordinator_queue.py,src/mediapipeline/desktop/network/dispatcher.py
mediapipeline.desktop.network.coordinator_queue,mediapipeline.desktop.network.encode_config_snapshot,src/mediapipeline/desktop/network/coordinator_queue.py,src/mediapipeline/desktop/network/encode_config_snapshot.py
mediapipeline.desktop.network.coordinator_queue,mediapipeline.desktop.network.failure_policy,src/mediapipeline/desktop/network/coordinator_queue.py,src/mediapipeline/desktop/network/failure_policy.py
mediapipeline.desktop.network.coordinator_queue,mediapipeline.desktop.network.protocol,src/mediapipeline/desktop/network/coordinator_queue.py,src/mediapipeline/desktop/network/protocol.py
mediapipeline.desktop.network.coordinator_queue,mediapipeline.desktop.network.use_cases.done_outcome,src/mediapipeline/desktop/network/coordinator_queue.py,src/mediapipeline/desktop/network/use_cases/done_outcome.py
mediapipeline.desktop.network.coordinator_state,mediapipeline.desktop.network.cluster_log,src/mediapipeline/desktop/network/coordinator_state.py,src/mediapipeline/desktop/network/cluster_log.py
mediapipeline.desktop.network.coordinator_state,mediapipeline.desktop.network.protocol,src/mediapipeline/desktop/network/coordinator_state.py,src/mediapipeline/desktop/network/protocol.py
mediapipeline.desktop.network.dispatcher,mediapipeline.desktop.models,src/mediapipeline/desktop/network/dispatcher.py,src/mediapipeline/desktop/models.py
mediapipeline.desktop.network.encode_config_snapshot,mediapipeline.desktop.config_keys,src/mediapipeline/desktop/network/encode_config_snapshot.py,src/mediapipeline/desktop/config_keys.py
mediapipeline.desktop.network.encode_config_snapshot,mediapipeline.desktop.network.json_policy,src/mediapipeline/desktop/network/encode_config_snapshot.py,src/mediapipeline/desktop/network/json_policy.py
mediapipeline.desktop.network.http_json,mediapipeline.desktop.network.json_policy,src/mediapipeline/desktop/network/http_json.py,src/mediapipeline/desktop/network/json_policy.py
mediapipeline.desktop.network.mdns,mediapipeline.desktop.network.local_ip,src/mediapipeline/desktop/network/mdns.py,src/mediapipeline/desktop/network/local_ip.py
mediapipeline.desktop.network.path_map,mediapipeline.desktop.network.json_policy,src/mediapipeline/desktop/network/path_map.py,src/mediapipeline/desktop/network/json_policy.py
mediapipeline.desktop.network.probe,mediapipeline.desktop.network.auth,src/mediapipeline/desktop/network/probe.py,src/mediapipeline/desktop/network/auth.py
mediapipeline.desktop.network.registry,mediapipeline.desktop.network.json_policy,src/mediapipeline/desktop/network/registry.py,src/mediapipeline/desktop/network/json_policy.py
mediapipeline.desktop.network.registry,mediapipeline.desktop.network.protocol,src/mediapipeline/desktop/network/registry.py,src/mediapipeline/desktop/network/protocol.py
mediapipeline.desktop.network.share_block,mediapipeline.desktop.network.coordinator_policy,src/mediapipeline/desktop/network/share_block.py,src/mediapipeline/desktop/network/coordinator_policy.py
mediapipeline.desktop.network.standalone,mediapipeline.desktop,src/mediapipeline/desktop/network/standalone.py,src/mediapipeline/desktop/__init__.py
mediapipeline.desktop.network.standalone,mediapipeline.desktop.network.dispatcher,src/mediapipeline/desktop/network/standalone.py,src/mediapipeline/desktop/network/dispatcher.py
mediapipeline.desktop.network.worker,mediapipeline.desktop,src/mediapipeline/desktop/network/worker.py,src/mediapipeline/desktop/__init__.py
mediapipeline.desktop.network.worker,mediapipeline.desktop.config_keys,src/mediapipeline/desktop/network/worker.py,src/mediapipeline/desktop/config_keys.py
mediapipeline.desktop.network.worker,mediapipeline.desktop.network.coordinator_url,src/mediapipeline/desktop/network/worker.py,src/mediapipeline/desktop/network/coordinator_url.py
mediapipeline.desktop.network.worker,mediapipeline.desktop.network.diagnostics,src/mediapipeline/desktop/network/worker.py,src/mediapipeline/desktop/network/diagnostics.py
mediapipeline.desktop.network.worker,mediapipeline.desktop.network.dispatcher,src/mediapipeline/desktop/network/worker.py,src/mediapipeline/desktop/network/dispatcher.py
mediapipeline.desktop.network.worker,mediapipeline.desktop.network.http_json,src/mediapipeline/desktop/network/worker.py,src/mediapipeline/desktop/network/http_json.py
mediapipeline.desktop.network.worker,mediapipeline.desktop.network.path_map,src/mediapipeline/desktop/network/worker.py,src/mediapipeline/desktop/network/path_map.py
mediapipeline.desktop.network.worker,mediapipeline.desktop.network.poll_policy,src/mediapipeline/desktop/network/worker.py,src/mediapipeline/desktop/network/poll_policy.py
mediapipeline.desktop.network.worker,mediapipeline.desktop.network.protocol,src/mediapipeline/desktop/network/worker.py,src/mediapipeline/desktop/network/protocol.py
mediapipeline.desktop.network.worker,mediapipeline.desktop.network.worker_claims,src/mediapipeline/desktop/network/worker.py,src/mediapipeline/desktop/network/worker_claims.py
mediapipeline.desktop.network.worker,mediapipeline.desktop.network.worker_http,src/mediapipeline/desktop/network/worker.py,src/mediapipeline/desktop/network/worker_http.py
mediapipeline.desktop.network.worker,mediapipeline.desktop.network.worker_loops,src/mediapipeline/desktop/network/worker.py,src/mediapipeline/desktop/network/worker_loops.py
mediapipeline.desktop.network.worker,mediapipeline.desktop.network.worker_parts.reporting,src/mediapipeline/desktop/network/worker.py,src/mediapipeline/desktop/network/worker_parts/reporting.py
mediapipeline.desktop.network.worker,mediapipeline.desktop.network.worker_record,src/mediapipeline/desktop/network/worker.py,src/mediapipeline/desktop/network/worker_record.py
mediapipeline.desktop.network.worker,mediapipeline.desktop.network.worker_state,src/mediapipeline/desktop/network/worker.py,src/mediapipeline/desktop/network/worker_state.py
mediapipeline.desktop.network.worker_claims,mediapipeline.desktop.network.diagnostics,src/mediapipeline/desktop/network/worker_claims.py,src/mediapipeline/desktop/network/diagnostics.py
mediapipeline.desktop.network.worker_claims,mediapipeline.desktop.network.dispatcher,src/mediapipeline/desktop/network/worker_claims.py,src/mediapipeline/desktop/network/dispatcher.py
mediapipeline.desktop.network.worker_claims,mediapipeline.desktop.network.protocol,src/mediapipeline/desktop/network/worker_claims.py,src/mediapipeline/desktop/network/protocol.py
mediapipeline.desktop.network.worker_claims,mediapipeline.desktop.network.worker_done,src/mediapipeline/desktop/network/worker_claims.py,src/mediapipeline/desktop/network/worker_done.py
mediapipeline.desktop.network.worker_claims,mediapipeline.desktop.network.worker_parts.reporting,src/mediapipeline/desktop/network/worker_claims.py,src/mediapipeline/desktop/network/worker_parts/reporting.py
mediapipeline.desktop.network.worker_claims,mediapipeline.desktop.network.worker_parts.results,src/mediapipeline/desktop/network/worker_claims.py,src/mediapipeline/desktop/network/worker_parts/results.py
mediapipeline.desktop.network.worker_claims,mediapipeline.desktop.network.worker_parts.tasks,src/mediapipeline/desktop/network/worker_claims.py,src/mediapipeline/desktop/network/worker_parts/tasks.py
mediapipeline.desktop.network.worker_done,mediapipeline.desktop.network.protocol,src/mediapipeline/desktop/network/worker_done.py,src/mediapipeline/desktop/network/protocol.py
mediapipeline.desktop.network.worker_http,mediapipeline.desktop.network.auth,src/mediapipeline/desktop/network/worker_http.py,src/mediapipeline/desktop/network/auth.py
mediapipeline.desktop.network.worker_http,mediapipeline.desktop.network.http_json,src/mediapipeline/desktop/network/worker_http.py,src/mediapipeline/desktop/network/http_json.py
mediapipeline.desktop.network.worker_loops,mediapipeline.desktop.network.diagnostics,src/mediapipeline/desktop/network/worker_loops.py,src/mediapipeline/desktop/network/diagnostics.py
mediapipeline.desktop.network.worker_loops,mediapipeline.desktop.network.poll_policy,src/mediapipeline/desktop/network/worker_loops.py,src/mediapipeline/desktop/network/poll_policy.py
mediapipeline.desktop.network.worker_loops,mediapipeline.desktop.network.protocol,src/mediapipeline/desktop/network/worker_loops.py,src/mediapipeline/desktop/network/protocol.py
mediapipeline.desktop.network.worker_loops,mediapipeline.desktop.network.worker_parts.reporting,src/mediapipeline/desktop/network/worker_loops.py,src/mediapipeline/desktop/network/worker_parts/reporting.py
mediapipeline.desktop.network.worker_loops,mediapipeline.desktop.network.worker_parts.tasks,src/mediapipeline/desktop/network/worker_loops.py,src/mediapipeline/desktop/network/worker_parts/tasks.py
mediapipeline.desktop.network.worker_loops,mediapipeline.desktop.network.worker_record,src/mediapipeline/desktop/network/worker_loops.py,src/mediapipeline/desktop/network/worker_record.py
mediapipeline.desktop.network.worker_parts.tasks,mediapipeline.desktop.network.dispatcher,src/mediapipeline/desktop/network/worker_parts/tasks.py,src/mediapipeline/desktop/network/dispatcher.py
mediapipeline.desktop.network.worker_parts.tasks,mediapipeline.desktop.network.protocol,src/mediapipeline/desktop/network/worker_parts/tasks.py,src/mediapipeline/desktop/network/protocol.py
mediapipeline.desktop.network.worker_record,mediapipeline.desktop.models,src/mediapipeline/desktop/network/worker_record.py,src/mediapipeline/desktop/models.py
mediapipeline.desktop.network.worker_record,mediapipeline.desktop.network.protocol,src/mediapipeline/desktop/network/worker_record.py,src/mediapipeline/desktop/network/protocol.py
mediapipeline.desktop.network.worker_state,mediapipeline.desktop.network.diagnostics,src/mediapipeline/desktop/network/worker_state.py,src/mediapipeline/desktop/network/diagnostics.py
mediapipeline.desktop.network.worker_state,mediapipeline.desktop.network.dispatcher,src/mediapipeline/desktop/network/worker_state.py,src/mediapipeline/desktop/network/dispatcher.py
mediapipeline.desktop.network.worker_state,mediapipeline.desktop.network.json_policy,src/mediapipeline/desktop/network/worker_state.py,src/mediapipeline/desktop/network/json_policy.py
mediapipeline.desktop.network.worker_state,mediapipeline.desktop.network.worker_done,src/mediapipeline/desktop/network/worker_state.py,src/mediapipeline/desktop/network/worker_done.py
mediapipeline.desktop.network.worker_state,mediapipeline.desktop.network.worker_parts.state_reports,src/mediapipeline/desktop/network/worker_state.py,src/mediapipeline/desktop/network/worker_parts/state_reports.py
mediapipeline.desktop.services,mediapipeline.contracts.config,src/mediapipeline/desktop/services.py,src/mediapipeline/contracts/config.py
mediapipeline.desktop.services,mediapipeline.core.audit.rerun_service,src/mediapipeline/desktop/services.py,src/mediapipeline/core/audit/rerun_service.py
mediapipeline.desktop.services,mediapipeline.core.completed.service,src/mediapipeline/desktop/services.py,src/mediapipeline/core/completed/service.py
mediapipeline.desktop.services,mediapipeline.core.config.constants,src/mediapipeline/desktop/services.py,src/mediapipeline/core/config/constants.py
mediapipeline.desktop.services,mediapipeline.core.config.service,src/mediapipeline/desktop/services.py,src/mediapipeline/core/config/service.py
mediapipeline.desktop.services,mediapipeline.core.failures.cleanup_service,src/mediapipeline/desktop/services.py,src/mediapipeline/core/failures/cleanup_service.py
mediapipeline.desktop.services,mediapipeline.core.failures.constants,src/mediapipeline/desktop/services.py,src/mediapipeline/core/failures/constants.py
mediapipeline.desktop.services,mediapipeline.core.files.constants,src/mediapipeline/desktop/services.py,src/mediapipeline/core/files/constants.py
mediapipeline.desktop.services,mediapipeline.core.files.opening,src/mediapipeline/desktop/services.py,src/mediapipeline/core/files/opening.py
mediapipeline.desktop.services,mediapipeline.core.final_library.service,src/mediapipeline/desktop/services.py,src/mediapipeline/core/final_library/service.py
mediapipeline.desktop.services,mediapipeline.core.folder_policy.service,src/mediapipeline/desktop/services.py,src/mediapipeline/core/folder_policy/service.py
mediapipeline.desktop.services,mediapipeline.core.maintenance.dependency_atlas,src/mediapipeline/desktop/services.py,src/mediapipeline/core/maintenance/dependency_atlas.py
mediapipeline.desktop.services,mediapipeline.core.maintenance.release,src/mediapipeline/desktop/services.py,src/mediapipeline/core/maintenance/release.py
mediapipeline.desktop.services,mediapipeline.core.paths.service,src/mediapipeline/desktop/services.py,src/mediapipeline/core/paths/service.py
mediapipeline.desktop.services,mediapipeline.core.processes.constants,src/mediapipeline/desktop/services.py,src/mediapipeline/core/processes/constants.py
mediapipeline.desktop.services,mediapipeline.core.processes.lifecycle,src/mediapipeline/desktop/services.py,src/mediapipeline/core/processes/lifecycle.py
mediapipeline.desktop.services,mediapipeline.core.publish.pending_service,src/mediapipeline/desktop/services.py,src/mediapipeline/core/publish/pending_service.py
mediapipeline.desktop.services,mediapipeline.core.queue.service,src/mediapipeline/desktop/services.py,src/mediapipeline/core/queue/service.py
mediapipeline.desktop.services,mediapipeline.core.rename.constants,src/mediapipeline/desktop/services.py,src/mediapipeline/core/rename/constants.py
mediapipeline.desktop.services,mediapipeline.core.rename.service,src/mediapipeline/desktop/services.py,src/mediapipeline/core/rename/service.py
mediapipeline.desktop.services,mediapipeline.core.schedule.app_state,src/mediapipeline/desktop/services.py,src/mediapipeline/core/schedule/app_state.py
mediapipeline.desktop.services,mediapipeline.core.status.service,src/mediapipeline/desktop/services.py,src/mediapipeline/core/status/service.py
mediapipeline.desktop.services,mediapipeline.core.storage.constants,src/mediapipeline/desktop/services.py,src/mediapipeline/core/storage/constants.py
mediapipeline.desktop.services,mediapipeline.core.telemetry.service,src/mediapipeline/desktop/services.py,src/mediapipeline/core/telemetry/service.py
mediapipeline.desktop.services,mediapipeline.desktop.models,src/mediapipeline/desktop/services.py,src/mediapipeline/desktop/models.py
mediapipeline.desktop.services,mediapipeline.tools.paths,src/mediapipeline/desktop/services.py,src/mediapipeline/tools/paths.py
mediapipeline.desktop.subprocess_runner,mediapipeline.core.kernel.runtime.subprocess_runner,src/mediapipeline/desktop/subprocess_runner.py,src/mediapipeline/core/kernel/runtime/subprocess_runner.py
mediapipeline.desktop.webview_settings_live_smoke,mediapipeline.core.storage.state_migration,src/mediapipeline/desktop/webview_settings_live_smoke.py,src/mediapipeline/core/storage/state_migration.py
mediapipeline.desktop.webview_settings_live_smoke,mediapipeline.desktop.api,src/mediapipeline/desktop/webview_settings_live_smoke.py,src/mediapipeline/desktop/api/__init__.py
mediapipeline.desktop.webview_settings_live_smoke,mediapipeline.desktop.application,src/mediapipeline/desktop/webview_settings_live_smoke.py,src/mediapipeline/desktop/application/__init__.py
mediapipeline.desktop.webview_settings_live_smoke,mediapipeline.desktop.config_keys,src/mediapipeline/desktop/webview_settings_live_smoke.py,src/mediapipeline/desktop/config_keys.py
mediapipeline.desktop.webview_settings_live_smoke,mediapipeline.desktop.models,src/mediapipeline/desktop/webview_settings_live_smoke.py,src/mediapipeline/desktop/models.py
mediapipeline.desktop.webview_settings_live_smoke,mediapipeline.desktop.services,src/mediapipeline/desktop/webview_settings_live_smoke.py,src/mediapipeline/desktop/services.py
mediapipeline.desktop.webview_settings_live_smoke,mediapipeline.tools.paths,src/mediapipeline/desktop/webview_settings_live_smoke.py,src/mediapipeline/tools/paths.py
mediapipeline.desktop.webview_settings_patch_smoke,mediapipeline.desktop.api,src/mediapipeline/desktop/webview_settings_patch_smoke.py,src/mediapipeline/desktop/api/__init__.py
mediapipeline.desktop.webview_settings_patch_smoke,mediapipeline.desktop.application,src/mediapipeline/desktop/webview_settings_patch_smoke.py,src/mediapipeline/desktop/application/__init__.py
mediapipeline.desktop.webview_settings_patch_smoke,mediapipeline.desktop.config_keys,src/mediapipeline/desktop/webview_settings_patch_smoke.py,src/mediapipeline/desktop/config_keys.py
mediapipeline.desktop.webview_settings_patch_smoke,mediapipeline.desktop.models,src/mediapipeline/desktop/webview_settings_patch_smoke.py,src/mediapipeline/desktop/models.py
mediapipeline.desktop.webview_settings_patch_smoke,mediapipeline.desktop.services,src/mediapipeline/desktop/webview_settings_patch_smoke.py,src/mediapipeline/desktop/services.py
mediapipeline.desktop.webview_settings_patch_smoke,mediapipeline.desktop.webview_settings_live_smoke,src/mediapipeline/desktop/webview_settings_patch_smoke.py,src/mediapipeline/desktop/webview_settings_live_smoke.py
mediapipeline.desktop.webview_settings_patch_smoke,mediapipeline.tools.paths,src/mediapipeline/desktop/webview_settings_patch_smoke.py,src/mediapipeline/tools/paths.py
mediapipeline.pipeline.ass_to_srt.ass_events,mediapipeline.pipeline.ass_to_srt.styles,src/mediapipeline/pipeline/ass_to_srt/ass_events.py,src/mediapipeline/pipeline/ass_to_srt/styles.py
mediapipeline.pipeline.ass_to_srt.ass_events,mediapipeline.pipeline.ass_to_srt.text,src/mediapipeline/pipeline/ass_to_srt/ass_events.py,src/mediapipeline/pipeline/ass_to_srt/text.py
mediapipeline.pipeline.ass_to_srt.ass_events,mediapipeline.pipeline.ass_to_srt.timing,src/mediapipeline/pipeline/ass_to_srt/ass_events.py,src/mediapipeline/pipeline/ass_to_srt/timing.py
mediapipeline.pipeline.ass_to_srt.srt,mediapipeline.pipeline.ass_to_srt.log,src/mediapipeline/pipeline/ass_to_srt/srt.py,src/mediapipeline/pipeline/ass_to_srt/log.py
mediapipeline.pipeline.ass_to_srt.srt,mediapipeline.pipeline.ass_to_srt.timing,src/mediapipeline/pipeline/ass_to_srt/srt.py,src/mediapipeline/pipeline/ass_to_srt/timing.py
mediapipeline.pipeline.ass_to_srt_cli,mediapipeline.pipeline.ass_to_srt.ass_events,src/mediapipeline/pipeline/ass_to_srt_cli.py,src/mediapipeline/pipeline/ass_to_srt/ass_events.py
mediapipeline.pipeline.ass_to_srt_cli,mediapipeline.pipeline.ass_to_srt.log,src/mediapipeline/pipeline/ass_to_srt_cli.py,src/mediapipeline/pipeline/ass_to_srt/log.py
mediapipeline.pipeline.ass_to_srt_cli,mediapipeline.pipeline.ass_to_srt.srt,src/mediapipeline/pipeline/ass_to_srt_cli.py,src/mediapipeline/pipeline/ass_to_srt/srt.py
mediapipeline.pipeline.ass_to_srt_cli,mediapipeline.pipeline.ass_to_srt.styles,src/mediapipeline/pipeline/ass_to_srt_cli.py,src/mediapipeline/pipeline/ass_to_srt/styles.py
mediapipeline.pipeline.ass_to_srt_cli,mediapipeline.pipeline.ass_to_srt.text,src/mediapipeline/pipeline/ass_to_srt_cli.py,src/mediapipeline/pipeline/ass_to_srt/text.py
mediapipeline.pipeline.ass_to_srt_cli,mediapipeline.pipeline.ass_to_srt.timing,src/mediapipeline/pipeline/ass_to_srt_cli.py,src/mediapipeline/pipeline/ass_to_srt/timing.py
mediapipeline.tools.change_control.build_change_index,mediapipeline.tools.paths,src/mediapipeline/tools/change_control/build_change_index.py,src/mediapipeline/tools/paths.py
mediapipeline.tools.change_control.build_changelog,mediapipeline.tools.paths,src/mediapipeline/tools/change_control/build_changelog.py,src/mediapipeline/tools/paths.py
mediapipeline.tools.change_control.build_release_manifest,mediapipeline.tools.paths,src/mediapipeline/tools/change_control/build_release_manifest.py,src/mediapipeline/tools/paths.py
mediapipeline.tools.change_control.build_release_manifest,mediapipeline.tools.release_identity,src/mediapipeline/tools/change_control/build_release_manifest.py,src/mediapipeline/tools/release_identity.py
mediapipeline.tools.change_control.finalize_release,mediapipeline.tools.change_control.build_release_manifest,src/mediapipeline/tools/change_control/finalize_release.py,src/mediapipeline/tools/change_control/build_release_manifest.py
mediapipeline.tools.change_control.finalize_release,mediapipeline.tools.paths,src/mediapipeline/tools/change_control/finalize_release.py,src/mediapipeline/tools/paths.py
mediapipeline.tools.change_control.list_releases,mediapipeline.tools.paths,src/mediapipeline/tools/change_control/list_releases.py,src/mediapipeline/tools/paths.py
mediapipeline.tools.change_control.new_change,mediapipeline.tools.paths,src/mediapipeline/tools/change_control/new_change.py,src/mediapipeline/tools/paths.py
mediapipeline.tools.change_control.prepare_release,mediapipeline.tools.change_control.build_release_manifest,src/mediapipeline/tools/change_control/prepare_release.py,src/mediapipeline/tools/change_control/build_release_manifest.py
mediapipeline.tools.change_control.prepare_release,mediapipeline.tools.paths,src/mediapipeline/tools/change_control/prepare_release.py,src/mediapipeline/tools/paths.py
mediapipeline.tools.change_control.record_change_touch,mediapipeline.tools.change_control.packet_coverage,src/mediapipeline/tools/change_control/record_change_touch.py,src/mediapipeline/tools/change_control/packet_coverage.py
mediapipeline.tools.change_control.record_change_touch,mediapipeline.tools.paths,src/mediapipeline/tools/change_control/record_change_touch.py,src/mediapipeline/tools/paths.py
mediapipeline.tools.change_control.validate_changes,mediapipeline.tools.change_control.packet_coverage,src/mediapipeline/tools/change_control/validate_changes.py,src/mediapipeline/tools/change_control/packet_coverage.py
mediapipeline.tools.change_control.validate_changes,mediapipeline.tools.paths,src/mediapipeline/tools/change_control/validate_changes.py,src/mediapipeline/tools/paths.py
mediapipeline.tools.dev.ai_guardrail,mediapipeline.tools.dev.check_risky_file_registry,src/mediapipeline/tools/dev/ai_guardrail.py,src/mediapipeline/tools/dev/check_risky_file_registry.py
mediapipeline.tools.dev.ai_guardrail,mediapipeline.tools.paths,src/mediapipeline/tools/dev/ai_guardrail.py,src/mediapipeline/tools/paths.py
mediapipeline.tools.dev.check_active_doc_references,mediapipeline.tools.paths,src/mediapipeline/tools/dev/check_active_doc_references.py,src/mediapipeline/tools/paths.py
mediapipeline.tools.dev.check_architecture_guardrails,mediapipeline.tools.paths,src/mediapipeline/tools/dev/check_architecture_guardrails.py,src/mediapipeline/tools/paths.py
mediapipeline.tools.dev.check_dependency_boundaries,mediapipeline.tools.paths,src/mediapipeline/tools/dev/check_dependency_boundaries.py,src/mediapipeline/tools/paths.py
mediapipeline.tools.dev.check_godfiles,mediapipeline.tools.paths,src/mediapipeline/tools/dev/check_godfiles.py,src/mediapipeline/tools/paths.py
mediapipeline.tools.dev.check_legacy_removal_readiness,mediapipeline.tools.paths,src/mediapipeline/tools/dev/check_legacy_removal_readiness.py,src/mediapipeline/tools/paths.py
mediapipeline.tools.dev.check_marketecture,mediapipeline.tools.paths,src/mediapipeline/tools/dev/check_marketecture.py,src/mediapipeline/tools/paths.py
mediapipeline.tools.dev.check_python_typing,mediapipeline.tools.paths,src/mediapipeline/tools/dev/check_python_typing.py,src/mediapipeline/tools/paths.py
mediapipeline.tools.dev.check_risky_file_registry,mediapipeline.tools.paths,src/mediapipeline/tools/dev/check_risky_file_registry.py,src/mediapipeline/tools/paths.py
mediapipeline.tools.dev.generate_config_schema,mediapipeline.contracts.config,src/mediapipeline/tools/dev/generate_config_schema.py,src/mediapipeline/contracts/config.py
mediapipeline.tools.dev.generate_config_schema,mediapipeline.tools.paths,src/mediapipeline/tools/dev/generate_config_schema.py,src/mediapipeline/tools/paths.py
mediapipeline.tools.dev.generate_dependency_atlas,mediapipeline.tools.paths,src/mediapipeline/tools/dev/generate_dependency_atlas.py,src/mediapipeline/tools/paths.py
mediapipeline.tools.dev.generate_lifecycle_map,mediapipeline.contracts.lifecycle,src/mediapipeline/tools/dev/generate_lifecycle_map.py,src/mediapipeline/contracts/lifecycle.py
mediapipeline.tools.dev.generate_lifecycle_map,mediapipeline.tools.paths,src/mediapipeline/tools/dev/generate_lifecycle_map.py,src/mediapipeline/tools/paths.py
mediapipeline.tools.dev.generate_pipeline_map,mediapipeline.tools.paths,src/mediapipeline/tools/dev/generate_pipeline_map.py,src/mediapipeline/tools/paths.py
mediapipeline.tools.dev.generate_project_index,mediapipeline.tools.paths,src/mediapipeline/tools/dev/generate_project_index.py,src/mediapipeline/tools/paths.py
mediapipeline.tools.dev.generate_stage_schema,mediapipeline.contracts.stages,src/mediapipeline/tools/dev/generate_stage_schema.py,src/mediapipeline/contracts/stages.py
mediapipeline.tools.dev.generate_stage_schema,mediapipeline.tools.paths,src/mediapipeline/tools/dev/generate_stage_schema.py,src/mediapipeline/tools/paths.py
mediapipeline.tools.dev.refresh_summaries,mediapipeline.tools.paths,src/mediapipeline/tools/dev/refresh_summaries.py,src/mediapipeline/tools/paths.py
mediapipeline.tools.dev.suggest_doc_location,mediapipeline.tools.paths,src/mediapipeline/tools/dev/suggest_doc_location.py,src/mediapipeline/tools/paths.py
mediapipeline.tools.lint_naming,mediapipeline.tools.paths,src/mediapipeline/tools/lint_naming.py,src/mediapipeline/tools/paths.py
mediapipeline.tools.release_identity,mediapipeline.tools.paths,src/mediapipeline/tools/release_identity.py,src/mediapipeline/tools/paths.py
